Limiting Reagent,Limiting Reagent conc,Temperature,HCO$_2$Na,HCO$_2$Na conc,$NAD^{+}$,$NAD^{+}$ conc,FDH,FDH *CTMP* conc,Enzyme,Enzyme *CTMP* conc,Residence Time,Yield Predicted,vial idx,run index,status,attempts,9a Integral,9b Integral
SM,10,35.41,HCO_2Na,7.386,NAD^+,0.3222,Formate Dehydrogenase,0.0009585,Pf ADH,0.0009901,953.5,NaN ± NaN,0x024,1,finished,1,2.360924683,13.35719612
SM,10,25.13,HCO_2Na,9.31,NAD^+,0.7037,Formate Dehydrogenase,0.0004649,Cm ADH,0.0008547,2393,NaN ± NaN,0x020,5,finished,1,1.665482955,6.254261364
SM,10,30.88,HCO_2Na,5.072,NAD^+,0.5855,Formate Dehydrogenase,0.0003798,Cm ADH,0.001855,2000,NaN ± NaN,0x022,6,finished,1,2.186956522,9.267391304
SM,10,33.14,HCO_2Na,4.567,NAD^+,0.8963,Formate Dehydrogenase,0.000621,Aa ADH,0.001774,1464,NaN ± NaN,0x023,8,finished,1,2.094910591,20.03713893
SM,10,26.62,HCO_2Na,5.583,NAD^+,0.9374,Formate Dehydrogenase,0.0007162,Pp ADH,0.001633,2948,NaN ± NaN,0x021,9,finished,1,13.31747026,0
SM,10,36.82,HCO_2Na,7.983,NAD^+,0.6277,Formate Dehydrogenase,0.000812,Cm ADH,0.00141,4010,NaN ± NaN,0x025,10,finished,1,1.286679537,6.507722008
SM,10,31.17,HCO_2Na,2.697,NAD^+,0.8242,Formate Dehydrogenase,0.0005478,Pp ADH,0.0005327,3864,NaN ± NaN,0x026,22,finished,1,13.55103281,4.693195626
SM,10,29.45,HCO_2Na,8.824,NAD^+,0.3495,Formate Dehydrogenase,0.0006385,Aa ADH,0.001275,4564,NaN ± NaN,0x027,27,finished,1,0.218192993,23.10325753
SM,10,25.84,HCO_2Na,5.485,NAD^+,0.9996,Formate Dehydrogenase,0.0007255,Pp ADH,0.001858,2885,NaN ± NaN,0x021,32,finished,1,12.61349693,0.260736196
SM,10,25.69,HCO_2Na,5.686,NAD^+,0.9476,Formate Dehydrogenase,0.000714,Pp ADH,0.001838,2873,NaN ± NaN,0x020,33,finished,1,11.57737725,0
SM,10,32.22,HCO_2Na,6.137,NAD^+,0.6542,Formate Dehydrogenase,0.000596,Pf ADH,0.001297,2976,NaN ± NaN,0x022,34,finished,1,4.564925373,27.25074627
SM,10,32.95,HCO_2Na,6.366,NAD^+,0.5946,Formate Dehydrogenase,0.0006204,Pp ADH,0.001177,2813,NaN ± NaN,0x023,35,finished,1,13.57997218,0
SM,10,30.83,HCO_2Na,2.5,NAD^+,0.9176,Formate Dehydrogenase,0.000589,Aa ADH,0.0005,2918,NaN ± NaN,0x025,42,finished,1,1.144891641,19.9374613
SM,10,32.74,HCO_2Na,4.033,NAD^+,0.5894,Formate Dehydrogenase,0.0006032,Pp ADH,0.0005,3420,NaN ± NaN,0x026,43,finished,1,14.50254777,1.350955414
SM,10,32.41,HCO_2Na,6.816,NAD^+,0.5059,Formate Dehydrogenase,0.0006346,Pf ADH,0.00142,2422,NaN ± NaN,0x027,44,finished,1,5.642424242,30.72181818
SM,10,32.31,HCO_2Na,5.737,NAD^+,0.417,Formate Dehydrogenase,0.0006365,Pf ADH,0.001257,3068,NaN ± NaN,0x028,45,finished,1,6.553047404,34.56884876
SM,10,40,HCO_2Na,2.671,NAD^+,0.25,Formate Dehydrogenase,0.0008678,Pp ADH,0.0005,5400,NaN ± NaN,0x030,52,finished,1,14.45616348,7.92814766
SM,10,40,HCO_2Na,2.5,NAD^+,0.25,Formate Dehydrogenase,0.0008042,Pp ADH,0.0005,1799,NaN ± NaN,0x031,53,finished,1,6.398380567,6.672874494
SM,10,37.99,HCO_2Na,2.931,NAD^+,0.4353,Formate Dehydrogenase,0.0005008,Cm ADH,0.000784,725.2,NaN ± NaN,0x032,54,finished,1,9.773707978,3.039136979
SM,10,39.74,HCO_2Na,4.166,NAD^+,0.6795,Formate Dehydrogenase,0.001,Pp ADH,0.0005,300,NaN ± NaN,0x033,55,finished,1,0.901029295,4.117181314
SM,10,27.51,HCO_2Na,6.657,NAD^+,0.9528,Formate Dehydrogenase,0.0009609,Pp ADH,0.001515,4224,NaN ± NaN,0x030,62,finished,1,9.629116118,0
SM,10,30.77,HCO_2Na,2.5,NAD^+,0.25,Formate Dehydrogenase,0.000559,Pf ADH,0.0005376,5400,NaN ± NaN,0x031,63,finished,1,2.647455549,14.98957695
SM,10,39.7,HCO_2Na,9.302,NAD^+,0.9595,Formate Dehydrogenase,0.000369,Pp ADH,0.001431,4403,NaN ± NaN,0x032,64,finished,1,13.92870906,0.566473988
SM,10,28.35,HCO_2Na,8.228,NAD^+,0.8682,Formate Dehydrogenase,0.0007797,Aa ADH,0.001704,4077,NaN ± NaN,0x033,65,finished,1,0,8.202844774
SM,10,33.73,HCO_2Na,5.16,NAD^+,0.25,Formate Dehydrogenase,0.0004487,Pf ADH,0.001442,3054,NaN ± NaN,B B1,72,finished,1,2.266817838,10.2244898
SM,10,34.33,HCO_2Na,7.72,NAD^+,0.9207,Formate Dehydrogenase,0.0005036,Cm ADH,0.001027,1223,NaN ± NaN,B B2,73,finished,1,7.993548387,30.42129032
SM,10,38.92,HCO_2Na,9.962,NAD^+,1,Formate Dehydrogenase,0.0004997,Aa ADH,0.0008954,300,NaN ± NaN,0x035,74,finished,1,5.101888952,25.93875215
SM,10,25,HCO_2Na,4.467,NAD^+,1,Formate Dehydrogenase,0.001,Pf ADH,0.0009573,300,NaN ± NaN,B A6,75,finished,1,4.041309431,20.23460639
SM,10,31.4,HCO_2Na,8.767,NAD^+,0.7204,Formate Dehydrogenase,0.0003177,Pp ADH,0.001099,4594,NaN ± NaN,B A8,82,finished,1,12.98194444,0.196527778
SM,10,28.63,HCO_2Na,2.547,NAD^+,0.4339,Formate Dehydrogenase,0.0003188,Pf ADH,0.001219,5400,NaN ± NaN,B A9,83,finished,1,7.019326683,36.680798
SM,10,39,HCO_2Na,4.613,NAD^+,0.8943,Formate Dehydrogenase,0.0009063,Aa ADH,0.00139,3620,NaN ± NaN,B A10,84,finished,1,5.95335277,32.22682216
SM,10,28.91,HCO_2Na,4.017,NAD^+,0.7059,Formate Dehydrogenase,0.0003948,Pp ADH,0.0009343,655.8,NaN ± NaN,B A11,85,finished,1,14.91051913,5.5