,Rshift,20241219_161004_063
0,-27.28431624923972,-16.529374999999618
1,-24.137810440559743,6.7956250000002
2,-20.992855305911224,8.895624999999654
3,-17.849449699264277,15.978958333332685
4,-14.709577990190768,4.25395833333323
5,-11.570259296931825,-0.6127083333335577
6,-8.432485724277697,-24.21270833333392
7,-5.297247424298958,-3.529374999999618
8,-2.163550990117585,20.678958333333412
9,0.9686047153885033,7.6706250000002
10,4.098230996806874,0.07062499999983629
11,7.226319793020991,4.2956250000002
12,10.351883377225125,30.987291666665897
13,13.47690108550667,18.937291666665715
14,16.599396813964887,-10.437708333334285
15,19.71937314585023,23.095625000000382
16,22.838806501711186,204.19562499999984
17,25.95572368194708,216.72062500000038
18,29.070127261761424,231.07062499999984
19,32.18399075351902,201.77062499999965
20,35.29534385461391,175.33729166666626
21,38.40517363784589,155.3622916666659
22,41.51249719788232,167.84562500000038
23,44.61928418112446,155.07895833333305
24,47.72258507542738,132.38729166666644
25,50.82535162225085,157.6789583333334
26,53.926601392168415,129.4289583333334
27,57.02437225535298,158.46229166666626
28,60.12063048208482,135.77895833333287
29,63.215377180019566,134.02062499999965
30,66.30959363994587,134.49562500000002
31,69.40034041471665,156.6706250000002
32,72.48860070466732,191.35395833333268
33,75.57731329740307,149.70395833333305
34,78.66256333475965,119.40395833333287
35,81.74631037256418,134.58729166666626
36,84.82855550884238,180.20395833333305
37,87.90929984055099,185.07895833333305
38,90.98756809333871,153.21229166666626
39,94.06433868236475,155.62895833333323
40,97.1405881209893,160.12895833333323
41,100.21339123894579,159.96229166666626
42,103.28470091617095,147.35395833333268
43,106.35354424187857,134.12895833333323
44,109.42187077517436,189.6122916666659
45,112.48676102238159,191.71229166666626
46,115.55113664681949,175.91229166666608
47,118.61402520538982,150.85395833333268
48,121.67445614213274,155.25395833333323
49,124.73243195142234,127.6122916666659
50,127.78989651750489,175.93729166666571
51,130.84490905385366,143.4289583333334
52,133.89844180364437,143.00395833333323
53,136.94952655484522,158.96229166666626
54,139.9991346065499,184.72062500000038
55,143.04726703056593,165.96229166666626
56,146.09295701676533,170.43729166666571
57,149.13717445172796,167.87062500000002
58,152.18088734856704,150.75395833333323
59,155.22216241584337,168.64562499999965
60,158.26003610937104,227.6789583333334
61,161.29740892735327,163.77895833333287
62,164.33331545412594,184.70395833333305
63,167.36679213777288,172.60395833333268
64,170.39880558285302,174.77895833333287
65,173.42839316438452,201.13729166666644
66,176.45652055224213,227.08729166666626
67,179.48318880184246,186.59562500000038
68,182.50936125878457,215.40395833333287
69,185.532152102855,255.69562499999984
70,188.5525265301561,191.21229166666626
71,191.57336968606344,235.93729166666571
72,194.59083808475233,220.82062499999984
73,197.60685550341933,242.22895833333268
74,200.6195039541193,241.32895833333305
75,203.6335825290436,244.4289583333334
76,206.64429514705586,237.66229166666608
77,209.6516456142998,301.8122916666657
78,212.66042610825713,265.89562499999965
79,215.66584745221635,255.52062499999965
80,218.6688701982906,312.87895833333323
81,221.6704530579928,269.6622916666661
82,224.67155290628202,265.62895833333323
83,227.67025864025692,253.76229166666644
84,230.66561774334488,296.0956250000004
85,233.66145185846995,296.64562499999965
86,236.65489724395556,314.4206250000002
87,239.64595629990657,256.02062499999965
88,242.63558452041616,253.45395833333305
89,245.62378293194837,302.9206250000002
90,248.60960037381219,301.7206250000004
91,251.59399096676356,310.52895833333287
92,254.57695573333737,318.6872916666657
93,257.5584956950971,327.83729166666626
94,260.5367111357406,356.1622916666661
95,263.51445554100974,341.2872916666661
96,266.4907791062013,361.995625
97,269.4647338389515,394.87895833333323
98,272.4372706690054,464.95395833333305
99,275.40839061015055,536.0039583333332
100,278.3771470222574,748.4372916666657
101,281.34354227106166,1019.995625
102,284.3104189718883,1409.870625
103,287.27304392780604,1866.5206249999997
104,290.2342597498509,2388.7956249999997
105,293.19501284369574,2837.2372916666654
106,296.15435791399693,3259.137291666667
107,299.11135146313717,3646.687291666666
108,302.06599584060206,3868.445625000001
109,305.020180602477,4098.395625
110,307.97107593352354,4287.862291666667
111,310.9205709374285,4300.320625000001
112,313.8696088729118,4365.553958333334
113,316.81630576431763,4393.6622916666665
114,319.7616053156739,4394.753958333333
115,322.70362667554014,4406.9539583333335
116,325.6461354188213,4546.637291666667
117,328.5863097684562,4591.803958333334
118,331.5232124643944,4799.378958333333
119,334.4596645888623,4888.153958333334
120,337.3956657948935,4912.637291666667
121,340.32746272332156,5204.628958333333
122,343.2588115920873,5314.228958333333
123,346.18877468724133,5451.778958333334
124,349.1164160675589,5682.087291666666
125,352.0426745233984,5912.320625000001
126,354.9666149953233,6184.970625000001
127,357.89011098210506,6531.837291666666
128,360.810356668617,7066.170625
129,363.730159822777,7854.028958333334
130,366.64858582226634,8620.912291666667
131,369.5647018076031,9367.362291666668
132,372.47851007211335,9893.045624999999
133,375.3909458601356,7783.7039583333335
134,378.3020101411441,8792.228958333333
135,381.2107718077643,7624.937291666666
136,384.1190964182033,6876.353958333333
137,387.0260524242806,6311.353958333333
138,389.92977926968416,6026.945625000001
139,392.8321411918916,5819.520625
140,395.73313915306505,5713.278958333334
141,398.63277411446904,5659.0372916666665
142,401.53011802317604,5592.070625000001
143,404.42610172424645,5501.520625
144,407.32072617531486,5529.1622916666665
145,410.21306462703984,5447.528958333334
146,413.10404661153893,5297.5789583333335
147,415.99274624637286,5393.445625000001
148,418.88101859200884,5325.462291666666
149,421.7670113614339,5222.437291666666
150,424.6507268069978,5353.887291666667
151,427.534017380677,5298.862291666667
152,430.4150333946642,5309.895625
153,433.29377709457617,5264.695625000001
154,436.171174526634,5243.7039583333335
155,439.0481500067328,5223.3706250000005
156,441.9219343629885,5223.670625
157,444.7943761439507,5205.445625000001
158,447.6663983684335,5185.945625000001
159,450.53615738925754,5152.478958333333
160,453.4036554368587,5056.9956250000005
161,456.2698155263778,4965.403958333334
162,459.13371823570486,4972.945625000001
163,461.99720564598897,4876.628958333333
164,464.85751890297826,4848.7872916666665
165,467.71741872718127,4824.4956250000005
166,470.57598612114396,4879.312291666666
167,473.4313855832414,4930.095625000001
168,476.28729176382114,4938.012291666667
169,479.1400335802938,4894.337291666666
170,481.9905314565158,4877.637291666667
171,484.84062061516414,4718.478958333333
172,487.68846853613957,4488.512291666667
173,490.5359087351512,4350.770625
174,493.3792799303744,3932.962291666666
175,496.22407571145703,3857.595625000001
176,499.06480688058537,3655.2789583333324
177,501.90513400978284,3417.962291666666
178,504.742316141402,3271.928958333334
179,507.58092228765565,3082.478958333333
180,510.41547342909644,2923.7456250000005
181,513.2477988173791,2816.228958333333
182,516.0815480007475,2699.937291666666
183,518.9103381523065,2648.4122916666665
184,521.7387302367048,2562.253958333333
185,524.5667238977102,2480.2039583333335
186,527.3915883150893,2519.587291666666
187,530.2151463911312,2441.553958333334
188,533.0383083453657,2319.687291666666
189,535.8592560354984,2335.0456249999997
190,538.6770831531306,2316.4539583333335
191,541.4945172807625,2210.4289583333334
192,544.3106504268214,2225.562291666666
193,547.1254834922145,2254.1539583333324
194,549.9372037825524,2199.112291666666
195,552.7476274645466,2141.537291666666
196,555.557661396232,2125.803958333334
197,558.3654941332069,2093.520625
198,561.1711278231132,2111.7289583333327
199,563.9763740302524,2047.2539583333332
200,566.7785195179079,2031.0372916666665
201,569.5802793070004,2030.5872916666663
202,572.3789426562782,2050.6372916666664
203,575.1781251319061,1986.2206250000004
204,577.9742146080273,2029.8622916666654
205,580.7690188937156,2017.5039583333332
206,583.5634406759264,2002.662291666666
207,586.3547754365092,2048.0539583333334
208,589.1448284899731,2045.5956250000004
209,591.9336007189041,2066.320625
210,594.7210930050775,2057.5539583333334
211,597.5055067627944,2017.078958333333
212,600.2895433101347,1981.1872916666657
213,603.0732022878761,1940.8456250000008
214,605.8537878481096,1920.0872916666658
215,608.6322014233208,1902.3039583333334
216,611.4093427963033,1969.0872916666663
217,614.1861101036463,1971.5956250000004
218,616.9598124291359,2015.2872916666665
219,619.7331424337686,1983.1956249999998
220,622.505203725734,1889.578958333333
221,625.2742059305338,1817.4039583333329
222,628.0419428000752,1740.4706250000004
223,630.8075203969969,1751.1289583333328
224,633.5736240010797,1739.3372916666667
225,636.3366760769657,1735.2706249999997
226,639.098467097401,1750.2956249999997
227,641.8589979255039,1715.8039583333334
228,644.6182694236076,1724.112291666666
229,647.3744977383801,1699.762291666667
230,650.1303620232678,1735.2289583333327
231,652.8849703729016,1747.662291666666
232,655.6365413689031,1746.9372916666662
233,658.3877505014291,1731.520625
234,661.1377070819738,1763.0872916666667
235,663.8855220435962,1786.9789583333327
236,666.6320869725545,1816.328958333333
237,669.3765136087061,1842.8206250000012
238,672.1196927253785,1935.8789583333332
239,674.8607368678764,2014.1789583333334
240,677.6005359979608,2032.0872916666663
241,680.3408659606193,1962.0122916666664
242,683.0772897079983,1842.4039583333329
243,685.8124717904553,1765.7872916666665
244,688.545526761953,1781.2789583333329
245,691.2782284505098,1733.370625
246,694.0088055188429,1760.203958333333
247,696.7381450997262,1736.6706249999997
248,699.4662480342079,1762.5706249999994
249,702.1922308778788,1736.2372916666664
250,704.9169795556986,1738.4622916666663
251,707.6404949056167,1760.203958333333
252,710.3618946801053,1784.5122916666664
253,713.0811809136846,1768.2872916666665
254,715.7992379247568,1811.4956249999996
255,718.5178303221388,1779.7789583333329
256,721.232549101209,1832.7789583333329
257,723.946923043364,1837.762291666667
258,726.6591903985808,1867.2789583333329
259,729.3702334856129,1947.5872916666667
260,732.0791732343926,2044.4206249999997
261,734.7860116633555,2077.370625
262,737.4933881052642,2186.5372916666665
263,740.1986648794762,2200.0872916666667
264,742.9009656863793,2288.428958333334
265,745.6038053949877,2222.587291666666
266,748.3027948427829,2190.3039583333334
267,751.0023240452123,2054.987291666666
268,753.6997612549775,2064.403958333333
269,756.3951084757753,2022.0289583333329
270,759.0883677085873,1981.4372916666657
271,761.7804165027665,2009.8206249999994
272,764.4730059891978,2016.328958333333
273,767.161760802308,2084.970625
274,769.8493084081631,2064.562291666666
275,772.5373975778823,2147.828958333333
276,775.2225324226614,2120.2122916666663
277,777.9055893020778,2098.8706250000005
278,780.5865702013685,2116.362291666666
279,783.2680943403964,2114.3372916666667
280,785.94754411685,2097.2539583333332
281,788.6249215114218,2087.0289583333324
282,791.301099742469,2060.7622916666664
283,793.9752087651893,2097.078958333333
284,796.6481210140968,2069.3206249999994
285,799.3198372924204,2017.987291666666
286,801.9903584026715,2047.6122916666664
287,804.6588158534753,2027.5372916666665
288,807.3260805162536,2055.520624999999
289,809.9921531905816,2059.1289583333332
290,812.6552984182088,2003.0206249999997
291,815.3172548048767,2018.8622916666654
292,817.9788905003605,2045.5039583333332
293,820.6393381718575,2074.020624999999
294,823.2968654545798,2165.287291666666
295,825.953207848906,2192.453958333333
296,828.6092319547788,2161.7289583333327
297,831.2623411407403,2059.5539583333334
298,833.9142685842397,1918.6622916666665
299,836.5650150746521,1808.828958333333
300,839.214581400652,1829.287291666666
301,841.8621044684179,1791.595625
302,844.5084497156973,1778.5706249999998
303,847.1536179282938,1768.4039583333329
304,849.7967471614515,1725.1622916666665
305,852.4387016963278,1685.3122916666657
306,855.0786203523927,1739.3789583333332
307,857.7182282217098,1733.7456249999996
308,860.3549413428963,1732.7706249999997
309,862.9904844220963,1717.1872916666662
310,865.6265791063319,1723.0206249999992
311,868.2589236210457,1727.287291666666
312,870.8901011907012,1760.6206249999996
313,873.5201125911036,1795.0456249999997
314,876.1489585973727,1783.4456249999994
315,878.7757814546823,1788.487291666666
316,881.401441226342,1808.9789583333327
317,884.0267964539792,1785.453958333333
318,886.6492746012391,1871.6122916666664
319,889.2705927365037,1887.620625
320,891.889894997582,1963.0956250000004
321,894.5080395422766,2054.7206250000004
322,897.1250271379771,2163.5372916666665
323,899.7400030545731,2383.3706249999996
324,902.3555345485436,2910.178958333334
325,904.9673464118688,4307.520624999999
326,907.578860262243,6674.820625000001
327,910.1875137688562,9194.245625
328,912.7967243978754,10391.878958333333
329,915.4030777129715,9613.203958333334
330,918.008282448971,6762.162291666667
331,920.6131918479454,4380.1956249999985
332,923.2152492193081,2930.512291666667
333,925.8153093048101,2188.253958333333
334,928.4150767007262,1833.1706249999997
335,931.0137000550731,1663.8622916666664
336,933.6094789049918,1569.0122916666664
337,936.2049669537362,1497.1372916666664
338,938.7993139710164,1476.3539583333327
339,941.3916712212085,1411.9456249999994
340,943.9820405752965,1424.9289583333334
341,946.5721213861391,1410.8956249999992
342,949.1602165457788,1395.8956249999992
343,951.7471759172602,1357.9622916666663
344,954.3321526227504,1347.1706249999997
345,956.915995777856,1305.6122916666664
346,959.4978592456448,1275.5122916666664
347,962.0785913955167,1266.953958333333
348,964.6581929708851,1269.3372916666667
349,967.2366647145176,1282.2706249999992
350,969.8123165688366,1246.328958333333
351,972.3885316148301,1224.6206249999996
352,974.9619297326224,1218.5206249999992
353,977.5342024606138,1201.1539583333329
354,980.1053505368706,1229.1622916666665
355,982.6745311457491,1229.7122916666667
356,985.2425893142037,1153.9456249999998
357,987.8095257776441,1182.3539583333327
358,990.3753412708345,1196.2122916666667
359,992.9383523664881,1190.7872916666665
360,995.5010871426232,1172.5122916666664
361,998.0610211902117,1161.970625
362,1000.6215213600577,1175.245625
363,1003.180064343015,1185.112291666666
364,1005.735811721452,1199.1539583333329
365,1008.291286062632,1189.5872916666667
366,1010.8456474810134,1201.7789583333329
367,1013.3972184038389,1171.2206250000004
368,1015.9493568871053,1176.0039583333332
369,1018.4987077862389,1187.3039583333334
370,1021.0469501244125,1162.8289583333335
371,1023.5932469334166,1230.328958333333
372,1026.1392746818394,1179.095625
373,1028.68419603592,1240.6872916666657
374,1031.2263385170504,1263.137291666667
375,1033.7673774982072,1260.2789583333329
376,1036.307313697748,1270.5456249999997
377,1038.8461478334082,1268.4622916666663
378,1041.3830454733454,1229.8956249999992
379,1043.918843207229,1239.912291666666
380,1046.4527073250108,1225.0539583333334
381,1048.984639625617,1259.9456249999994
382,1051.5163093112349,1328.1289583333332
383,1054.047716010783,1405.5456249999997
384,1056.5763604113001,1548.4456249999998
385,1059.1022453872818,1633.137291666667
386,1061.6295351123408,1660.2539583333332
387,1064.15406755211,1491.2622916666664
388,1066.6766771148937,1269.8872916666664
389,1069.1981967679412,1176.4372916666662
390,1071.7186272174504,1156.6706250000002
391,1074.2379691690155,1082.7456250000005
392,1076.755393221889,1120.6289583333332
393,1079.272560650206,1076.3622916666654
394,1081.7869829144095,1110.8789583333328
395,1084.2994918955026,1083.495625
396,1086.8117467162267,1087.4956249999996
397,1089.3229186874332,1048.3206249999998
398,1091.8321805482885,1086.7122916666667
399,1094.3395340678335,1076.662291666666
400,1096.8466355091525,1070.2872916666665
401,1099.3518307167656,1017.9372916666662
402,1101.8551214547995,1037.7122916666667
403,1104.3573356661466,1021.1039583333327
404,1106.8592998708855,1016.2539583333332
405,1109.3585372853117,1010.1789583333334
406,1111.8567009636618,1014.0872916666667
407,1114.3546163596102,977.1122916666659
408,1116.8498098787786,993.0289583333329
409,1119.3447564973785,959.0706249999994
410,1121.8361610425645,964.620625
411,1124.3289674661858,979.4872916666664
412,1126.819058307148,988.8956249999992
413,1129.3072590118054,942.6789583333334
414,1131.7952159016595,977.7122916666667
415,1134.2812847317573,964.078958333333
416,1136.765467243167,1000.3372916666667
417,1139.248586407842,950.8539583333327
418,1141.7314637900306,988.1372916666669
419,1144.2116374268019,1011.0956249999999
420,1146.6907504649155,1010.8706249999996
421,1149.1696234135359,1043.9872916666664
422,1151.6457974652753,1024.7206250000004
423,1154.1209136575835,1110.1789583333334
424,1156.594153889389,1235.2539583333332
425,1159.0671567451252,1360.4372916666662
426,1161.5382856927909,1407.9372916666662
427,1164.0075424555425,1400.7539583333332
428,1166.4765635190067,1255.1039583333327
429,1168.9437144436115,1133.345625
430,1171.408996947761,1070.1539583333329
431,1173.8740454230053,1025.970625
432,1176.3372275174995,1062.8789583333332
433,1178.7985449449166,1011.8622916666659
434,1181.2596300074379,984.328958333333
435,1183.7188524362593,1051.262291666667
436,1186.1753993385187,1050.0122916666664
437,1188.6317162263829,1116.4872916666664
438,1191.0878027271572,1208.1122916666664
439,1193.5412177787307,1283.3789583333332
440,1195.9935905564976,1368.3122916666662
441,1198.4449217244953,1430.1456249999992
442,1200.8943994187837,1362.5539583333334
443,1203.3428375194246,1248.3206249999994
444,1205.789424849979,1123.1289583333332
445,1208.234974598328,1036.245625
446,1210.6794874243822,1057.2539583333332
447,1213.1229639874857,1055.4872916666664
448,1215.5654049464306,1013.7789583333329
449,1218.0051907210802,1047.1039583333327
450,1220.4439435796855,1022.2872916666665
451,1222.8816641780545,998.5122916666664
452,1225.318353171446,1037.6872916666657
453,1227.7532024656482,1036.9372916666662
454,1230.1862137406779,1033.8039583333334
455,1232.6198128706674,1019.6956249999998
456,1235.0507675630085,1068.6289583333332
457,1237.4806952829103,1017.0872916666667
458,1239.907982597396,1030.453958333333
459,1242.335859005302,1052.6622916666665
460,1244.7610976691485,1043.0872916666667
461,1247.1861193409281,1094.703958333333
462,1249.6101179672248,1051.078958333333
463,1252.0314835133897,1046.0706249999994
464,1254.451828665863,1027.345625
465,1256.8711540695176,1055.362291666666
466,1259.2894603686862,1060.203958333333
467,1261.7051402369893,1079.7789583333329
468,1264.1206072882194,1095.453958333333
469,1266.5358611493111,1105.6456249999992
470,1268.9484925359866,1127.0206249999992
471,1271.3593067488612,1127.720625
472,1273.76910773559,1160.137291666667
473,1276.1786980935606,1162.0706249999998
474,1278.585672584594,1141.9372916666662
475,1280.9916364371838,1178.7372916666664
476,1283.3965902877176,1198.6456249999992
477,1285.8005347720432,1191.3956249999992
478,1288.202670248408,1193.1789583333334
479,1290.603798299963,1258.0539583333334
480,1293.0031199541122,1252.4956249999996
481,1295.4014361203854,1246.4872916666664
482,1297.7979484942825,1289.7706249999992
483,1300.1950545164614,1238.0539583333334
484,1302.588761473702,1304.6872916666662
485,1304.9822647374833,1317.4206250000002
486,1307.3739687356235,1345.762291666667
487,1309.764672363619,1375.5206249999992
488,1312.154376248969,1383.9872916666664
489,1314.5422844190539,1376.8039583333334
490,1316.929194765707,1366.5456250000002
491,1319.3143119799881,1430.5456249999997
492,1321.6984332856466,1452.578958333333
493,1324.0807640363764,1476.1706249999997
494,1326.4628957270668,1489.512291666667
495,1328.843238771792,1504.620625
496,1331.2217947867287,1547.2706249999992
497,1333.6001532744083,1573.0539583333334
498,1335.9767266354406,1560.1956249999994
499,1338.3515164816333,1603.578958333333
500,1340.7253173751865,1624.2289583333327
501,1343.0989225559927,1677.3956249999997
502,1345.4691624819095,1749.9039583333329
503,1347.8392085880812,1789.3289583333335
504,1350.2082688677153,1875.3206249999994
505,1352.5763439357713,1995.6122916666664
506,1354.9418524556834,2166.937291666666
507,1357.3063783070354,2436.937291666666
508,1359.6715027392402,2747.6289583333332
509,1362.0332744428533,3168.587291666666
510,1364.3940659691382,3568.3872916666674
511,1366.7546672631227,3816.5622916666666
512,1369.1127109294603,3836.7622916666674
513,1371.4697769016548,3509.0789583333335
514,1373.8266541411804,3148.9956249999996
515,1376.1809781948443,2786.812291666666
516,1378.5343270297335,2576.3206249999994
517,1380.887488625941,2421.828958333333
518,1383.2381014659552,2268.6206249999996
519,1385.5877415547866,2232.1956249999994
520,1387.9356230988735,2165.6122916666664
521,1390.2841058932147,2154.762291666667
522,1392.629259854741,2172.1289583333332
523,1394.9742301983156,2203.5539583333334
524,1397.3174463552004,2172.578958333333
525,1399.660479446045,2211.653958333333
526,1402.0009757495511,2208.878958333333
527,1404.3397219337714,2255.078958333333
528,1406.679070974446,2227.562291666666
529,1409.015887612105,2198.8872916666664
530,1411.351740694853,2180.2372916666664
531,1413.6866308185267,2180.5539583333334
532,1416.0197760677709,2159.0872916666667
533,1418.35196019289,2063.620625
534,1420.6824019212766,2161.278958333333
535,1423.0126659008947,2173.7956249999997
536,1425.3411893131893,2145.403958333333
537,1427.667973714704,2162.6706249999997
538,1429.9945818209708,2232.1789583333334
539,1432.318672480819,2219.1706249999997
540,1434.6425880252157,2262.778958333333
541,1436.9639892259745,2282.1789583333334
542,1439.2859957862674,2237.5372916666665
543,1441.6047114814605,2265.812291666666
544,1443.9232544115312,2190.720625
545,1446.240845864226,2148.3622916666664
546,1448.5567084051524,2093.720625
547,1450.8708435764338,2043.6789583333334
548,1453.184807683062,1992.1789583333334
549,1455.497046224754,1923.3372916666667
550,1457.8083374850673,1859.9789583333327
551,1460.1179056185897,1786.7789583333329
552,1462.4265282700144,1745.078958333333
553,1464.734206019806,1730.595625
554,1467.0401639733043,1658.703958333333
555,1469.3436285036719,1648.470625
556,1471.648476294783,1591.8122916666662
557,1473.9508324525793,1589.595625
558,1476.2514736616265,1598.1206249999996
559,1478.55194923011,1545.8622916666664
560,1480.8507116342894,1524.3539583333327
561,1483.1477623969392,1491.0706249999998
562,1485.4438759834406,1478.6956249999994
563,1487.7390529672195,1467.1539583333329
564,1490.032521606992,1442.5206249999992
565,1492.3258274185912,1460.8539583333327
566,1494.617426659945,1438.578958333333
567,1496.9073208457532,1403.1289583333332
568,1499.1955114887794,1207.645625
569,1501.4827708427101,1377.6122916666664
570,1503.7698699051386,1400.3206249999994
571,1506.0552680723179,1366.0706249999994
572,1508.3389668519696,1392.5206249999992
573,1510.6225067292403,1396.5372916666665
574,1512.903579801272,1309.3456250000008
575,1515.1837262380227,1361.2539583333332
576,1517.4629466040146,1331.078958333333
577,1519.7412414633127,1316.7289583333327
578,1522.0178434510929,1318.2372916666664
579,1524.2927540651958,1324.1122916666664
580,1526.5682767186565,1294.0872916666667
581,1528.8405751333053,1272.1206249999996
582,1531.1119527198114,1306.078958333333
583,1533.3831764109293,1267.1872916666662
584,1535.653479771775,1279.203958333333
585,1537.9213318569384,1249.970625
586,1540.1882659700668,1232.4539583333335
587,1542.454282668405,1222.7122916666667
588,1544.7186176854627,1250.1456249999992
589,1546.9820370194939,1241.4122916666665
590,1549.2445412258314,1263.8789583333332
591,1551.5053669631798,1219.0206249999992
592,1553.7652792994438,1189.9122916666665
593,1556.0235155087598,1227.3956249999992
594,1558.2816030108968,1232.0456249999997
595,1560.5380161075582,1252.6539583333329
596,1562.7927562740572,1262.1956249999994
597,1565.0473490800296,1314.7872916666665
598,1567.299508931409,1342.6122916666664
599,1569.550761088168,1336.703958333333
600,1571.8018672259618,1364.870625
601,1574.050544511929,1398.9206249999997
602,1576.2975558465782,1452.2622916666664
603,1578.5444231111983,1546.3039583333334
604,1580.7903860315885,1705.2706249999992
605,1583.0346855571577,1791.0706249999994
606,1585.2773231497633,1690.6039583333327
607,1587.5198182413344,1556.6289583333332
608,1589.760653098501,1350.8372916666667
609,1591.9998291792917,1141.4289583333334
610,1594.2381060115424,1097.1956249999994
611,1596.4762419040592,1076.1289583333332
612,1598.7112066332265,1086.6206249999996
613,1600.9467892716768,1030.7956249999997
614,1603.1799611141394,1017.1039583333327
615,1605.4122376255682,1003.9706250000004
616,1607.6436193442958,994.0956249999999
617,1609.873350862231,982.9289583333334
618,1612.1029449116838,985.1206249999996
619,1614.3301350994652,936.5456249999997
620,1616.5564338529678,962.8456249999999
621,1618.7825964435165,934.1122916666664
622,1621.0063591970566,953.5039583333332
623,1623.2292327238813,984.2956249999997
624,1625.4512175572513,908.6122916666659
625,1627.6730677599032,936.8206249999994
626,1629.8917700456498,938.1206249999996
627,1632.1095864386525,980.9622916666667
628,1634.3272700970203,935.4372916666666
629,1636.543315995183,933.078958333333
630,1638.757725563858,930.2872916666665
631,1640.9712519592479,945.3789583333332
632,1643.1846471370643,913.703958333333
633,1645.3949062147228,953.5622916666662
634,1647.6050357286647,952.495625
635,1649.8150353075596,971.453958333333
636,1652.0226538884017,937.8956249999992
637,1654.2293936536882,947.4372916666657
638,1656.433755860365,936.6872916666662
639,1658.6387401646318,947.6622916666665
640,1660.8420981880593,949.4206249999997
641,1663.043831347487,892.7372916666664
642,1665.245437942886,935.6706250000002
643,1667.444673168544,943.8622916666664
644,1669.6430350248065,927.578958333333
645,1671.839776480645,911.9372916666657
646,1674.0371407093237,935.3372916666663
647,1676.231391660734,886.7872916666665
648,1678.4247725059502,920.7289583333331
649,1680.618776494006,939.7872916666665
650,1682.8104180871246,941.7706249999992
651,1685.000445351215,999.3789583333332
652,1687.1896051676117,1088.2289583333327
653,1689.3778980515885,1175.1122916666664
654,1691.5645796292015,1256.095625
655,1693.7503958933055,1329.6456249999992
656,1695.9353473574374,1402.1039583333327
657,1698.1186905294871,1389.3706249999996
658,1700.3011705157312,1291.0206249999997
659,1702.482044410687,1236.2456249999996
660,1704.662799854055,1128.3039583333334
661,1706.8412079854625,1124.1039583333327
662,1709.0187561488963,1040.5539583333334
663,1711.196187097351,961.0039583333332
664,1713.3712746079727,907.9789583333327
665,1715.5455042622843,883.4122916666665
666,1717.7188765676908,877.3122916666666
667,1719.8913920312016,882.2706249999992
668,1722.0623103776884,874.4456249999994
669,1724.2316329887778,846.578958333333
670,1726.400101442966,836.8789583333332
671,1728.5677162446298,835.1039583333331
672,1730.7337382817082,801.303958333333
673,1732.8996475808926,807.9206249999997
674,1735.0632266694843,820.0456249999997
675,1737.2266940251332,829.5622916666657
676,1739.388572371105,801.4206249999997
677,1741.5496012427536,820.7206249999995
678,1743.7090432671623,784.5456249999997
679,1745.8668998136025,773.9956249999996
680,1748.0239095442068,794.1122916666664
681,1750.1800729573572,810.4622916666667
682,1752.33612726718,754.8539583333331
683,1754.4898628228623,808.1706249999997
684,1756.642017992768,789.0289583333329
685,1758.79406583904,739.0206249999997
686,1760.944534868283,787.1956249999994
687,1763.09342644014,779.0122916666664
688,1765.2422118852319,766.8789583333332
689,1767.3894214371273,760.8789583333328
690,1769.5365252743886,768.6039583333331
691,1771.680586532549,754.8539583333327
692,1773.8238097986377,706.4122916666665
693,1775.9669291142022,743.8456249999999
694,1778.1077443189777,739.928958333333
695,1780.249189531852,762.2289583333331
696,1782.3876000690555,751.3122916666666
697,1784.5266410210204,737.328958333333
698,1786.663382683214,755.1372916666669
699,1788.799290925959,735.5289583333329
700,1790.934366236762,778.953958333333
701,1793.068609102751,716.2956249999997
702,1795.2005580535997,720.9789583333331
703,1797.3316766718099,736.6539583333329
704,1799.4634262611178,714.0622916666666
705,1801.5921549749944,718.2289583333331
706,1803.7200553786513,754.6039583333331
707,1805.847127955445,756.6539583333329
708,1807.9733731883662,772.078958333333
709,1810.0973335803424,726.2206249999999
710,1812.2211974332115,741.4456249999998
711,1814.3449643784033,714.6206249999996
712,1816.4664496266178,707.2789583333329
713,1818.5856553552858,738.9789583333327
714,1820.7047664653007,781.2372916666664
715,1822.8237825881681,729.2956249999997
716,1824.940522322895,709.8789583333332
717,1827.0564412979597,700.5706249999994
718,1829.1722664381039,703.7372916666664
719,1831.2858188778434,734.1206249999996
720,1833.3978266667261,715.7289583333331
721,1835.5090167273127,703.8539583333331
722,1837.6208401800466,684.5622916666666
723,1839.7296706046743,667.4956249999996
724,1841.8376852856595,665.2706249999997
725,1843.9456091775912,680.9872916666664
726,1846.0512693092542,667.3872916666664
727,1848.1561156758332,683.5872916666663
728,1850.2594251071673,676.7206249999995
729,1852.3633689999517,647.9956249999996
730,1854.4643307337765,650.4872916666664
731,1856.5652045073457,717.303958333333
732,1858.665267428087,683.3622916666664
733,1860.7630754727245,681.328958333333
734,1862.8607966849004,635.0622916666662
735,1864.9562656284854,642.9872916666664
736,1867.0516486745573,649.9706249999999
737,1869.1455031884284,664.5206249999997
738,1871.238551325845,630.8539583333327
739,1873.3315141310106,645.1706250000002
740,1875.4222303338945,614.6789583333334
741,1877.5107020627015,626.1289583333332
742,1879.5990906846928,671.7956249999997
743,1881.6873958326275,647.3039583333334
744,1883.7741787517411,625.2956249999997
745,1885.8587218165178,614.8206249999994
746,1887.943901712581,634.1539583333329
747,1890.0268437823806,635.6956249999994
748,1892.1089863219772,633.2956250000002
749,1894.1896119771302,604.7706249999997
750,1896.2701571121374,587.5039583333332
751,1898.349186832543,603.0289583333329
752,1900.4274194115637,606.8206249999998
753,1902.5041385933448,619.0539583333334
754,1904.5793456596302,600.5872916666663
755,1906.6537580561126,597.2289583333331
756,1908.7266603478063,590.8122916666662
757,1910.799485047457,605.2789583333329
758,1912.8715164452187,592.828958333333
759,1914.9413248565304,575.9622916666667
760,1917.0110567666713,574.1206249999996
761,1919.078568239402,602.3206249999994
762,1921.14600411799,605.7789583333329
763,1923.2112221034392,586.9789583333327
764,1925.277079104547,579.1622916666665
765,1927.3407202073547,543.3456250000004
766,1929.4035738182395,564.7539583333332
767,1931.4649274994495,566.3622916666664
768,1933.5254951334773,558.7706249999997
769,1935.585277169844,589.0206249999992
770,1937.643561984194,544.7289583333327
771,1939.7010626415147,560.4206249999997
772,1941.757779589837,569.4456249999994
773,1943.8137132768495,571.2206249999995
774,1945.8674421707453,536.7706249999997
775,1947.920389779869,526.9706249999995
776,1949.9725565499666,506.24562499999956
777,1952.0239429264368,541.6456249999992
778,1954.0738394455072,540.4789583333327
779,1956.122957000317,522.2956249999997
780,1958.171296034799,535.8206249999994
781,1960.218147892365,567.0206249999992
782,1962.2635138238334,539.8789583333332
783,1964.3081036407102,528.8122916666666
784,1966.351209491215,522.0372916666665
785,1968.3949566970111,497.9456249999994
786,1970.4358053059998,526.3622916666664
787,1972.4772956144468,523.0039583333332
788,1974.5158903526562,526.7622916666669
789,1976.5551271330337,525.6706249999997
790,1978.5921780490723,540.5289583333329
791,1980.6284579790236,491.20395833333305
792,1982.6639673605102,514.2872916666665
793,1984.6980007479283,525.1706249999997
794,1986.7312649950175,511.92895833333296
795,1988.7637605379505,505.3456250000004
796,1990.7940776469723,491.52062499999965
797,1992.8236279885937,476.5956249999999
798,1994.8538210979857,481.3122916666666
799,1996.8811343909813,498.8956249999992
800,1998.9083867689908,485.4456249999994
801,2000.9341703618416,468.77062499999965
802,2002.9584863987373,492.26229166666644
803,2004.9820393300624,515.9622916666667
804,2007.005532544807,492.92062499999975
805,2009.027560294055,482.1956249999994
806,2011.048123803183,468.4872916666659
807,2013.0665221323811,471.02062499999965
808,2015.085564894552,526.0539583333334
809,2017.1031460275283,485.25395833333323
810,2019.1199681235807,488.40395833333287
811,2021.1346293956003,505.79562499999975
812,2023.1499352295325,477.8456250000004
813,2025.1630821485796,447.81229166666617
814,2027.1747724768,491.0539583333334
815,2029.1871075934034,457.89562499999965
816,2031.1972871791857,454.42895833333296
817,2033.2060127651696,472.57895833333305
818,2035.2139848301993,459.27062499999965
819,2037.221902802867,475.48729166666635
820,2039.226971350058,485.00395833333323
821,2041.2319871755637,458.4789583333327
822,2043.236949916345,440.95395833333305
823,2045.239765337244,450.77895833333287
824,2047.2418308212702,435.9706249999995
825,2049.2424493543913,430.7206249999995
826,2051.2430164887787,457.4706250000004
827,2053.241441121812,469.10395833333314
828,2055.2391185430342,437.29562499999975
829,2057.236745563922,434.12062499999956
830,2059.2322334257187,450.66229166666653
831,2061.2269758520356,439.28729166666653
832,2063.2209732604924,433.23729166666635
833,2065.214226068398,453.9289583333334
834,2067.2060395996587,414.0456250000002
835,2069.1957202150857,417.17895833333296
836,2071.186742759255,438.9622916666667
837,2073.174939421446,432.2706249999992
838,2075.1617010605014,427.1039583333327
839,2077.1491102618625,408.76229166666644
840,2079.1350852680584,433.37895833333323
841,2081.1196272679517,442.24562499999956
842,2083.103430472746,432.57895833333305
843,2085.0858025290545,419.69562499999984
844,2087.0674371303767,434.27062499999965
845,2089.047642437425,391.07895833333305
846,2091.0264196332587,423.24562499999956
847,2093.005845108754,399.05395833333296
848,2094.983151814207,430.99562499999956
849,2096.9604153683745,433.80395833333296
850,2098.935562512775,412.1956249999994
851,2100.9099766142353,388.2206249999995
852,2102.883658080762,407.3122916666666
853,2104.8559171229335,424.16229166666653
854,2106.8274448571747,392.13729166666644
855,2108.7975520045943,419.70395833333305
856,2110.7676185983037,399.47895833333314
857,2112.735576753847,409.3122916666657
858,2114.702806247171,424.15395833333287
859,2116.6693074828977,406.74562499999956
860,2118.6343924556404,388.3456249999995
861,2120.5994386435636,410.8039583333334
862,2122.5630698853274,399.2622916666669
863,2124.5252873474274,400.11229166666635
864,2126.4867795871214,417.52062499999965
865,2128.447547006388,392.98729166666635
866,2130.4069031225663,395.47895833333314
867,2132.364162466974,414.1872916666666
868,2134.3220724707035,384.65395833333287
869,2136.2785736409714,410.20395833333305
870,2138.2350388794366,409.3372916666667
871,2140.188725353984,424.8122916666666
872,2142.1423772007224,426.3456249999995
873,2144.0939387208973,411.12895833333323
874,2146.045466408842,422.66229166666653
875,2147.996275296343,416.42062499999975
876,2149.9456814240034,395.90395833333287
877,2151.8943700488558,411.1956249999994
878,2153.8416577139974,391.30395833333296
879,2155.7882291712344,419.61229166666635
880,2157.7334014654293,424.48729166666635
881,2159.677858843891,426.2206249999995
882,2161.6216017006795,445.63729166666644
883,2163.563265234873,419.28729166666653
884,2165.5055807307713,454.4706249999999
885,2167.4458186927113,406.33729166666626
886,2169.384662861363,404.370625
887,2171.324159166805,402.82895833333305
888,2173.261581116272,426.87062499999956
889,2175.1982927926656,432.1872916666657
890,2177.133613739824,417.55395833333387
891,2179.068225693548,422.99562499999956
892,2181.001448695267,408.0706249999994
893,2182.934644079557,438.97895833333314
894,2184.865092087539,472.29562499999975
895,2186.796872955402,466.71229166666626
896,2188.7259087155453,476.87062499999956
897,2190.65491840994,470.37895833333323
898,2192.5832228241165,497.67895833333296
899,2194.509465128281,515.8872916666664
900,2196.4350039170317,543.053958333333
901,2198.359839575715,545.0456249999997
902,2200.283972489392,497.3122916666657
903,2202.206725424934,467.7372916666659
904,2204.128099508426,445.89562499999965
905,2206.0494501123408,454.00395833333323
906,2207.9687462483184,485.870625
907,2209.8880196706987,475.17062499999975
908,2211.8052408705116,486.73729166666635
909,2213.7224401207795,506.44562499999984
910,2215.6382652813036,547.203958333333
911,2217.554068762353,546.4039583333329
912,2219.4684994078398,562.4289583333334
913,2221.380883181757,605.2789583333329
914,2223.2925717540124,639.053958333333
915,2225.2035655036293,684.4789583333327
916,2227.113864809343,749.8206249999998
917,2229.023470049626,932.4956249999996
918,2230.93103374597,1102.2622916666664
919,2232.8392524791766,1435.537291666666
920,2234.7454314021097,1954.7539583333332
921,2236.6502455530513,2827.937291666666
922,2238.5543689915426,3832.7789583333342
923,2240.4584748001516,5296.670624999999
924,2242.3605452334054,6548.278958333334
925,2244.2625987872075,6831.1206250000005
926,2246.163291153471,7184.753958333333
927,2248.061951703958,6176.295624999999
928,2249.960596740273,4389.337291666667
929,2251.8578834128084,2666.645625
930,2253.7544838268936,1683.137291666667
931,2255.6503983547937,1242.2789583333329
932,2257.545627368507,1004.1706249999997
933,2259.43950096321,892.0372916666665
934,2261.3320202368413,827.1372916666669
935,2263.22385607865,742.8622916666664
936,2265.1136697570655,733.6206249999996
937,2267.00414032874,680.6872916666662
938,2268.893259510191,670.3122916666666
939,2270.7816972212604,658.6289583333332
940,2272.6687852453247,685.7706249999997
941,2274.5545246737615,726.1872916666662
942,2276.4395847003534,763.745625
943,2278.3232978291308,830.7289583333327
944,2280.207000393581,920.3122916666657
945,2282.0893572743034,968.8206249999994
946,2283.971036700287,1032.7289583333327
947,2285.8513721350478,1083.4289583333334
948,2287.7303646634455,986.4039583333329
949,2289.6086817919245,889.9872916666664
950,2291.48632388458,803.7372916666664
951,2293.3632913052375,669.8456249999995
952,2295.2382530077316,581.4122916666665
953,2297.1138726530257,503.9122916666661
954,2298.986823034918,537.1456249999997
955,2300.8597666180385,458.0206249999992
956,2302.7313735482526,472.52895833333287
957,2304.6029739254423,442.04562499999975
958,2306.472574575462,392.5872916666667
959,2308.342169393899,426.0372916666661
960,2310.2097666342524,417.43729166666617
961,2312.0766952026797,418.07895833333305
962,2313.942955458233,398.5372916666661
963,2315.8078846745443,372.5622916666666
964,2317.672809617737,384.13729166666644
965,2319.535742101755,397.11229166666635
966,2321.398008654099,395.32895833333305
967,2323.2602717691625,394.66229166666653
968,2325.120545391538,367.1706250000002
969,2326.9801546254544,355.6039583333327
970,2328.8384383985076,366.00395833333323
971,2330.6967201589523,343.97895833333314
972,2332.5530166850845,353.37895833333323
973,2334.4086511876862,379.07895833333305
974,2336.2642845058926,359.64562499999965
975,2338.1185957880093,341.9289583333334
976,2339.970926079607,316.38729166666644
977,2341.822596703099,338.39562499999965
978,2343.674267555236,357.87062499999956
979,2345.5246196644694,354.4372916666657
980,2347.3743131619526,341.93729166666617
981,2349.2226895587974,326.89562499999965
982,2351.0704085155153,337.66229166666653
983,2352.91615363865,341.5622916666666
984,2354.7612429587534,369.83729166666626
985,2356.606334729711,321.39562499999965
986,2358.4501132582022,334.8956249999992
987,2360.292579594143,355.745625
988,2362.1350491941603,317.50395833333323
989,2363.9762077652736,347.9456249999994
990,2365.815399617171,329.17895833333296
991,2367.6545960092863,315.94562499999984
992,2369.493140317858,293.57895833333305
993,2371.3310328896205,328.66229166666653
994,2373.1669624567503,335.99562499999956
995,2375.0022419089487,299.44562499999984
996,2376.8368715914644,332.3039583333334
997,2378.67019673828,309.35395833333314
998,2380.5028732687783,306.72895833333314
999,2382.334901527114,312.60395833333314
1000,2384.164973024659,330.41229166666653
1001,2385.995052047911,307.2706249999992
1002,2387.82448429219,322.29562499999975
1003,2389.652616377456,325.76229166666644
1004,2391.4794493388317,324.0956249999995
1005,2393.305637471742,307.9622916666667
1006,2395.1311811175387,327.12895833333323
1007,2396.9554278167425,308.40395833333287
1008,2398.779031171294,340.2206249999995
1009,2400.601991521462,307.54562499999884
1010,2402.423657096829,339.4456249999994
1011,2404.243377045574,317.20395833333305
1012,2406.063759689406,304.5539583333334
1013,2407.882849724335,346.17895833333296
1014,2409.6999969843205,288.05395833333296
1015,2411.517807036311,312.75395833333323
1016,2413.333675905249,338.6872916666666
1017,2415.14890631328,329.42062499999975
1018,2416.962848319844,306.4456249999994
1019,2418.7761529955883,324.2122916666667
1020,2420.5894704967745,291.8039583333334
1021,2422.4008516977046,300.4706249999995
1022,2424.2122463950323,328.79562499999975
1023,2426.0217068309134,295.36229166666635
1024,2427.8298836151653,293.86229166666635
1025,2429.637426445486,284.28729166666653
1026,2431.4449841090545,291.3122916666666
1027,2433.2519080305606,313.28729166666653
1028,2435.0562545451044,280.28729166666653
1029,2436.861264890778,327.4622916666667
1030,2438.664995401262,266.36229166666635
1031,2440.4667997697006,290.67062499999975
1032,2442.268620964471,290.94562499999984
1033,2444.069164904534,293.9706250000004
1034,2445.8690792394023,279.0622916666666
1035,2447.6677178850787,276.18729166666617
1036,2449.4670204140334,304.3206249999994
1037,2451.263110025961,312.65395833333287
1038,2453.0592184426123,303.41229166666653
1039,2454.8546998042993,307.98729166666635
1040,2456.6495544393406,276.87895833333323
1041,2458.4431376146,257.41229166666653
1042,2460.2360951692103,251.6372916666678
1043,2462.027782818997,278.81229166666617
1044,2463.8182015650145,288.95395833333305
1045,2465.607996569618,264.49562499999956
1046,2467.3971681586963,310.5956249999995
1047,2469.1857166579093,270.57895833333305
1048,2470.972998902931,274.02062499999965
1049,2472.7590158907287,297.61229166666635
1050,2474.5450547015926,268.42062499999975
1051,2476.329829351567,271.73729166666635
1052,2478.112698240118,259.1956249999994
1053,2479.8955901462873,284.3372916666667
1054,2481.6785047232265,264.23729166666635
1055,2483.4588739218607,239.02895833333287
1056,2485.239266882462,282.7122916666667
1057,2487.019041778327,269.0622916666666
1058,2488.796275158288,282.27062499999965
1059,2490.5741745220694,288.69562499999984
1060,2492.3508164171226,232.34562500000038
1061,2494.126842421604,267.5372916666661
1062,2495.900972117632,252.11229166666635
1063,2497.6751275978722,274.12062499999956
1064,2499.4486685907236,244.85395833333314
1065,2501.220955711315,252.87062499999956
1066,2502.9919899427855,242.34562499999947
1067,2504.762411528758,270.82895833333305
1068,2506.531581746511,261.28729166666653
1069,2508.300140396079,249.94562499999938
1070,2510.067449195527,260.8122916666666
1071,2511.8354242586497,216.50395833333323
1072,2513.600873789458,242.56229166666662
1073,2515.3657139003803,260.65395833333287
1074,2517.1299449069124,241.32062499999938
1075,2518.893567124336,249.93729166666662
1076,2520.65594359015,244.82062499999938
1077,2522.417712336304,266.9206250000002
1078,2524.178873677084,242.39562499999965
1079,2525.9381546889244,249.24562499999956
1080,2527.6974662001853,237.87895833333323
1081,2529.454899324957,228.17062499999975
1082,2531.2129995363402,250.50395833333323
1083,2532.9685871200804,219.4206250000002
1084,2534.7242064531288,266.30395833333296
1085,2536.4792218857515,242.47895833333314
1086,2538.232998642498,208.08729166666672
1087,2539.985537689555,259.74562499999956
1088,2541.7368399919787,269.22895833333314
1089,2543.4888098122974,232.76229166666644
1090,2545.238909293303,257.52062499999965
1091,2546.987774048599,253.40395833333287
1092,2548.737306379387,256.25395833333323
1093,2550.4849710404533,218.85395833333268
1094,2552.2314029897334,255.77062499999965
1095,2553.9766031867266,247.91229166666653
1096,2555.7224713235205,226.98729166666635
1097,2557.4664756289726,216.44562499999938
1098,2559.2098826662195,236.43729166666617
1099,2560.952692742028,235.53729166666653
1100,2562.6936420733937,234.59562499999947
1101,2564.4339959212184,230.42895833333296
1102,2566.1737545909696,251.44562499999938
1103,2567.912918387909,215.02895833333287
1104,2569.6508564362093,207.57895833333305
1105,2571.388831618211,230.82895833333305
1106,2573.1249513425064,197.00395833333323
1107,2574.8604782745547,257.74562499999956
1108,2576.5947823987253,244.98729166666635
1109,2578.328494767738,203.42895833333296
1110,2580.0616156844035,234.32062499999938
1111,2581.793515776887,233.77895833333287
1112,2583.525454911203,210.49562500000002
1113,2585.255545009802,202.92895833333296
1114,2586.9850457228317,253.42895833333296
1115,2588.712699717805,227.85395833333314
1116,2590.4410229911205,202.4872916666659
1117,2592.168129392628,236.46229166666626
1118,2593.893391689224,238.58729166666672
1119,2595.619951269979,193.46229166666672
1120,2597.3440400248724,234.14562499999965
1121,2599.0669152433225,192.90395833333287
1122,2600.789832506445,216.03729166666653
1123,2602.5109101481653,229.67895833333296
1124,2604.232657326148,216.29562499999975
1125,2605.9525663304853,232.00395833333323
1126,2607.671891675088,203.43729166666662
1127,2609.390007399532,220.53729166666653
1128,2611.1075404829317,220.94562499999938
1129,2612.8244912216096,213.70395833333305
1130,2614.540234290887,222.57895833333305
1131,2616.2553960314767,182.39562499999965
1132,2617.96872634454,218.19562499999938
1133,2619.68272673723,206.89562499999965
1134,2621.3955219127556,223.33729166666672
1135,2623.1064882376836,196.34562499999947
1136,2624.816875976411,215.17062499999975
1137,2626.5266854223714,190.09562499999947
1138,2628.2365407981324,195.57895833333305
1139,2629.944570608741,218.6706250000002
1140,2631.651399919385,202.15395833333287
1141,2633.3582762486835,203.3289583333335
1142,2635.0639530833223,219.83729166666672
1143,2636.7678084693225,206.0539583333334
1144,2638.472957291942,226.37895833333323
1145,2640.1756632120205,184.37062500000002
1146,2641.877172903152,184.32895833333305
1147,2643.5793533960828,191.47062499999947
1148,2645.2797164126905,206.96229166666672
1149,2646.9795067360856,171.39562499999965
1150,2648.6781032466547,218.67895833333296
1151,2650.3767492604807,187.85395833333314
1152,2652.0735814668433,202.91229166666653
1153,2653.769842971519,181.27062499999965
1154,2655.4661546355424,223.81229166666571
1155,2657.160655027105,213.28729166666608
1156,2658.8539658409413,188.81229166666662
1157,2660.547327884683,192.98729166666635
1158,2662.2401210805047,175.52895833333287
1159,2663.93048712024,207.91229166666608
1160,2665.6215247801883,200.43729166666662
1161,2667.3113757509354,163.32062499999938
1162,2669.000040941194,178.66229166666653
1163,2670.6881399595472,203.23729166666635
1164,2672.3750545971448,188.68729166666662
1165,2674.06140404651,204.2372916666659
1166,2675.747188591643,240.37062500000047
1167,2677.431790644026,161.90395833333287
1168,2679.115828773304,186.92895833333296
1169,2680.798685803726,173.77895833333287
1170,2682.480979890223,183.01229166666644
1171,2684.1620942692375,184.18729166666662
1172,2685.842646681564,214.21229166666672
1173,2687.522020775278,162.42895833333296
1174,2689.2008338776,164.80395833333296
1175,2690.8797024914,213.31229166666662
1176,2692.55677823207,185.4289583333334
1177,2694.2332942352773,205.11229166666635
1178,2695.9086351761257,174.66229166666653
1179,2697.5834173503627,184.2622916666669
1180,2699.2576410374822,200.12895833333323
1181,2700.9306915272446,172.40395833333287
1182,2702.6031844982363,182.28729166666653
1183,2704.2745056491995,188.59562499999947
1184,2705.944655872494,209.2372916666659
1185,2707.614250230398,197.3039583333334
1186,2709.2839029668835,226.25395833333278
1187,2710.951158697379,164.19562499999938
1188,2712.619700885471,233.30395833333296
1189,2714.285847846285,258.48729166666635
1190,2715.9514411426794,229.32895833333305
1191,2717.6158681038232,264.99562499999956
1192,2719.279742359351,271.17895833333296
1193,2720.9436767243337,264.77895833333287
1194,2722.6052215178347,315.57062499999984
1195,2724.2680516439013,285.48729166666635
1196,2725.927882036808,314.12062499999956
1197,2727.5883857711,325.53729166666653
1198,2729.2471158046374,302.63729166666644
1199,2730.9052962713613,267.2622916666669
1200,2732.563538564007,288.38729166666644
1201,2734.2200095964963,229.72062500000038
1202,2735.875932285464,247.97062499999947
1203,2737.530696390138,220.04562499999975
1204,2739.184913099534,217.02895833333287
1205,2740.838582685225,235.18729166666571
1206,2742.4904856034027,209.12062499999956
1207,2744.1430621589634,195.13729166666644
1208,2745.793873395123,217.86229166666635
1209,2747.4447487006532,201.51229166666644
1210,2749.093860435687,173.33729166666672
1211,2750.741818977787,207.50395833333323
1212,2752.3898425996467,180.22062499999947
1213,2754.036713968802,175.92895833333296
1214,2755.6824339562604,190.56229166666662
1215,2757.328219629039,208.97062499999947
1216,2758.973462755965,185.6789583333334
1217,2760.6169482098608,168.66229166666608
1218,2762.2592849571884,195.66229166666653
1219,2763.9010811628855,172.55395833333296
1220,2765.5429441917354,153.03729166666653
1221,2767.1830530164984,169.69562499999938
1222,2768.8226224988543,174.68729166666662
1223,2770.4616529047985,206.18729166666662
1224,2772.1001445001534,138.42895833333296
1225,2773.7368853491857,186.42895833333296
1226,2775.3730887151173,175.36229166666635
1227,2777.0093605654465,195.57062499999938
1228,2778.6444895603086,169.06229166666571
1229,2780.2778712552245,197.67895833333296
1230,2781.9113224259804,194.76229166666644
1231,2783.5442378323373,142.01229166666644
1232,2785.1754083177284,214.4206250000002
1233,2786.806044358394,167.96229166666672
1234,2788.4367505309133,175.52895833333287
1235,2790.0657141558504,172.99562499999956
1236,2791.6941445190696,187.36229166666635
1237,2793.3214381616685,149.55395833333296
1238,2794.9488029842737,173.5206249999992
1239,2796.574428678364,199.68729166666571
1240,2798.19952294601,137.29562499999975
1241,2799.824688979279,180.51229166666644
1242,2801.4481182439936,176.87895833333323
1243,2803.0710172572703,206.37062500000047
1244,2804.6927839378955,184.13729166666644
1245,2806.3146234240257,188.63729166666644
1246,2807.934127593693,145.43729166666617
1247,2809.553705479652,187.07895833333305
1248,2811.172755196017,173.96229166666672
1249,2812.7906756417533,182.41229166666653
1250,2814.4086699897716,185.82062499999938
1251,2816.0249350075715,176.60395833333314
1252,2817.640673671042,182.72895833333314
1253,2819.255285660953,164.12062499999956
1254,2820.869972582341,196.67895833333296
1255,2822.4829335490213,193.35395833333268
1256,2824.0959699599275,218.80395833333296
1257,2825.7078818950713,216.07895833333305
1258,2827.3186701953455,220.4206250000002
1259,2828.928935106271,232.37895833333323
1260,2830.538077672035,224.84562499999947
1261,2832.14669774756,257.0956249999995
1262,2833.7535979433405,245.89562499999965
1263,2835.3611741902614,250.76229166666644
1264,2836.9682287095775,263.77895833333287
1265,2838.5735652765807,241.66229166666653
1266,2840.1783813997117,257.3122916666666
1267,2841.782079480357,256.9622916666667
1268,2843.3846603524084,238.15395833333287
1269,2844.987319778013,236.31229166666617
1270,2846.5894601577106,230.07895833333305
1271,2848.189887588155,261.02895833333287
1272,2849.790394134253,244.22895833333314
1273,2851.3891893933837,251.04562499999975
1274,2852.987467771783,224.33729166666672
1275,2854.5846332141286,260.53729166666653
1276,2856.1812826621476,249.97895833333314
1277,2857.778012286623,237.86229166666635
1278,2859.373630303421,248.62062499999956
1279,2860.9675420035255,267.03729166666653
1280,2862.5615348211563,276.5706249999994
1281,2864.1538229733414,277.27895833333287
1282,2865.7461927405084,284.12062499999956
1283,2867.337454259011,275.12895833333323
1284,2868.929392081802,316.78729166666653
1285,2870.5184389977708,258.67062499999975
1286,2872.107568520107,294.75395833333323
1287,2873.69618631964,335.92062499999975
1288,2875.2831050213204,329.2706249999992
1289,2876.8695132585763,322.52062499999965
1290,2878.4554112776664,298.745625
1291,2880.0413925631124,325.1872916666666
1292,2881.625677645613,273.05395833333296
1293,2883.209453629061,239.52895833333287
1294,2884.7921280920677,251.57062499999938
1295,2886.3737018507313,282.55395833333387
1296,2887.955360293059,270.14562499999965
1297,2889.536510996837,284.6956249999994
1298,2891.1165623002853,264.48729166666635
1299,2892.6955150172903,276.3456249999995
1300,2894.2733699608175,309.9706249999999
1301,2895.850719280258,271.8456249999995
1302,2897.426972070722,281.11229166666635
1303,2899.0027201015923,304.37895833333323
1304,2900.5779636152884,293.8539583333327
1305,2902.1532934343722,325.3456249999995
1306,2903.726938060045,275.07895833333305
1307,2905.299489070225,292.0539583333334
1308,2906.8715372864003,306.64562499999965
1309,2908.4424931243807,279.9206250000002
1310,2910.0129470273523,336.48729166666635
1311,2911.5834886843318,389.6706250000002
1312,2913.1529392504303,369.8456250000004
1313,2914.720710458505,368.38729166666644
1314,2916.2879814448534,428.2206249999995
1315,2917.8547524488417,453.5706249999994
1316,2919.4204352010215,469.4706250000004
1317,2920.9856188243834,591.6206249999996
1318,2922.5497154239365,690.9872916666664
1319,2924.1144896390665,813.3122916666662
1320,2925.6770017893728,1007.2372916666659
1321,2927.239016513184,1346.3539583333327
1322,2928.800534047998,1785.9289583333334
1323,2930.3609674331647,2302.878958333333
1324,2931.9209044774634,2956.903958333333
1325,2933.4809322422384,3463.5456249999993
1326,2935.0392904904134,3716.628958333333
1327,2936.5965670289706,3631.570624999999
1328,2938.153348918198,3227.753958333333
1329,2939.7090503144773,2541.2372916666664
1330,2941.2642579046606,1855.0206249999997
1331,2942.8189719238285,1308.1789583333339
1332,2944.3726070853595,1007.7372916666664
1333,2945.926334852879,753.6122916666659
1334,2947.478984603423,633.828958333333
1335,2949.0299721631504,520.4706249999995
1336,2950.58046843712,464.27062499999965
1337,2952.130473658724,407.41229166666653
1338,2953.6805724704745,371.7372916666659
1339,2955.2284276533246,395.20395833333305
1340,2956.7763772621433,390.9372916666666
1341,2958.323253265422,333.66229166666653
1342,2959.8696401196144,323.67062499999975
1343,2961.4155380566995,302.73729166666635
1344,2962.9597807058917,353.53729166666653
1345,2964.503535638609,313.4456249999994
1346,2966.046220152785,338.3539583333327
1347,2967.5901660275213,326.33729166666626
1348,2969.1318764473504,341.6872916666666
1349,2970.6731004416333,346.70395833333305
1350,2972.212673845256,355.4622916666667
1351,2973.7523440319205,348.57895833333305
1352,2975.2921106806066,357.0372916666661
1353,2976.829065233985,353.6956249999994
1354,2978.3666989053495,361.62062499999956
1355,2979.9038482622204,386.74562499999956
1356,2981.4381891405383,419.6872916666666
1357,2982.974371286465,445.88729166666644
1358,2984.507746872846,480.14562499999965
1359,2986.041801620275,484.87062499999956
1360,2987.574213190213,482.45395833333305
1361,2989.1073036457783,504.52062499999965
1362,2990.638752108089,484.2956250000002
1363,2992.1685598974027,553.428958333333
1364,2993.6978876101653,512.0206249999992
1365,2995.2278943865235,513.4206250000002
1366,2996.7562622603405,521.1622916666665
1367,2998.2841507351955,524.4289583333334
1368,2999.8115600366077,504.58729166666626
1369,3001.3361754675684,484.10395833333314
1370,3002.861470725067,475.16229166666653
1371,3004.38744494594,442.92062499999975
1372,3005.9094717712555,419.8122916666657
1373,3007.433334745139,396.12895833333323
1374,3008.9555649681392,371.6872916666666
1375,3010.4784743273503,375.0706249999994
1376,3011.9997521064415,356.1789583333334
1377,3013.5193996125167,376.2289583333327
1378,3015.0385723570976,325.02895833333287
1379,3016.5572705626346,323.12062499999956
1380,3018.0754944514388,281.05395833333296
1381,3019.59324424568,288.08729166666626
1382,3021.1093674020144,283.37062499999956
1383,3022.6250176271055,269.54562499999975
1384,3024.1401951422063,282.0956249999999
1385,3025.653748480949,253.01229166666644
1386,3027.1679815983225,265.8539583333327
1387,3028.680591698652,273.42895833333296
1388,3030.192730689614,245.35395833333314
1389,3031.704398791268,235.02895833333287
1390,3033.214446328292,200.38729166666644
1391,3034.725173668905,221.07895833333305
1392,3036.2342815996067,215.07062499999938
1393,3037.741771411926,228.67062499999975
1394,3039.2510897929155,211.81229166666662
1395,3040.7576423845885,210.55395833333296
1396,3042.263727050231,221.27062499999965
1397,3043.76934400781,211.39562499999965
1398,3045.2744934751586,195.98729166666635
1399,3046.778028986432,210.06229166666662
1400,3048.2810981542743,232.3622916666659
1401,3049.7837011956144,189.37895833333323
1402,3051.2869839443915,198.51229166666644
1403,3052.787509765846,185.69562499999984
1404,3054.288715727926,147.30395833333296
1405,3055.787167324626,200.66229166666608
1406,3057.286299493616,189.06229166666662
1407,3058.7838236987673,214.51229166666644
1408,3060.2820281985387,198.2956250000002
1409,3061.779769009628,206.98729166666635
1410,3063.274760780816,184.9289583333334
1411,3064.770433137124,173.76229166666644
1412,3066.265643156222,196.54562499999975
1413,3067.7592493281686,163.91229166666653
1414,3069.2512529247356,152.21229166666672
1415,3070.745078275596,195.22062499999947
1416,3072.237301478116,178.27062499999965
1417,3073.7279238022,149.88729166666644
1418,3075.218086479953,137.83729166666626
1419,3076.7077897239474,145.72062500000038
1420,3078.197033746622,159.25395833333323
1421,3079.685818760285,209.21229166666626
1422,3081.1730064177723,158.62062499999956
1423,3082.6597361917807,181.27895833333287
1424,3084.1448704350028,164.17062499999975
1425,3085.6306854264117,128.2372916666659
1426,3087.1149060093067,150.74562499999956
1427,3088.598670252982,137.10395833333268
1428,3090.080841907869,156.35395833333314
1429,3091.5636944535386,155.59562499999947
1430,3093.046091290721,146.82062499999938
1431,3094.528032629455,154.91229166666653
1432,3096.0072485511846,149.33729166666672
1433,3097.4871455039083,128.33729166666672
1434,3098.965453915847,154.56229166666662
1435,3100.4444430801964,134.32062499999938
1436,3101.9218448172333,131.00395833333323
1437,3103.398793703317,118.26229166666644
1438,3104.874156968755,137.67895833333296
1439,3106.3490684934927,143.07895833333305
1440,3107.823528484977,127.92062499999975
1441,3109.2975371505268,107.08729166666672
1442,3110.769963105758,78.8872916666678
1443,3112.2430700871287,95.42895833333296
1444,3113.7157263636004,143.08729166666672
1445,3115.186801588396,125.46229166666672
1446,3116.656297004706,166.49562500000002
1447,3118.12647358066,116.63729166666644
1448,3119.5950714502715,124.18729166666571
1449,3121.06435020058,113.80395833333341
1450,3122.5309225168317,104.27062499999965
1451,3123.9970476395747,135.32062499999938
1452,3125.4638539138377,118.63729166666644
1453,3126.9290849191,110.0122916666669
1454,3128.3938693441632,96.64562499999965
1455,3129.857080283771,109.67062499999975
1456,3131.3198457378535,131.2372916666659
1457,3132.7821659098263,78.95395833333305
1458,3134.246293163656,99.67062499999975
1459,3135.706596958293,88.95395833333305
1460,3137.166456765385,105.72895833333314
1461,3138.625872787383,118.79562499999975
1462,3140.0848452266164,91.59562499999947
1463,3141.544498654811,104.46229166666672
1464,3143.0014601654952,88.91229166666653
1465,3144.4579793824837,126.51229166666644
1466,3145.9140565071466,116.65395833333287
1467,3147.369691740733,106.41229166666653
1468,3148.8248852843717,86.93729166666662
1469,3150.2785150153427,131.47062500000038
1470,3151.73058215501,88.32895833333305
1471,3153.1844528551524,118.61229166666635
1472,3154.6378826681735,111.43729166666662
1473,3156.088629866829,109.83729166666672
1474,3157.537817312452,90.18729166666617
1475,3158.9888070793745,86.66229166666608
1476,3160.437117544948,86.01229166666644
1477,3161.887229373963,87.47062500000038
1478,3163.3346636553065,99.77895833333287
1479,3164.7816604809163,109.46229166666672
1480,3166.2271014557505,79.53729166666608
1481,3167.6732243025776,105.02062499999965
1482,3169.117792370164,87.96229166666626
1483,3170.563042029788,107.71229166666626
1484,3172.0056207373564,100.37895833333323
1485,3173.449998337732,91.2372916666659
1486,3174.8917067289826,103.18729166666617
1487,3176.3329805938997,101.75395833333323
1488,3177.7738201289017,97.49562499999956
1489,3179.213109969817,116.97062499999947
1490,3180.6530817698163,79.84562500000038
1491,3182.0926198282928,52.05395833333341
1492,3183.5306097881503,155.20395833333305
1493,3184.968167069184,99.77895833333287
1494,3186.4041779838662,94.12062499999956
1495,3187.8408708279294,119.6456249999992
1496,3189.2749051519118,68.92895833333296
1497,3190.709621794292,71.64562499999965
1498,3192.1439074013942,75.21229166666672
1499,3193.577762167433,88.43729166666662
1500,3195.0100744098386,91.28729166666608
1501,3196.4419568667413,111.05395833333296
1502,3197.872298521698,98.63729166666644
1503,3199.3033223210364,94.47895833333268
1504,3200.7339169146217,74.55395833333296
1505,3202.16297228488,81.46229166666626
1506,3203.591599500868,59.545624999999745
1507,3205.018689209126,98.19562499999984
1508,3206.4453518121186,70.06229166666662
1509,3207.871587501559,76.3622916666659
1510,3209.296287918623,93.41229166666653
1511,3210.7216706872227,73.22062500000038
1512,3212.1466271165627,77.21229166666672
1513,3213.5711573978947,105.46229166666626
1514,3214.9930472717465,76.65395833333287
1515,3216.415619597678,110.02062499999965
1516,3217.8366604454814,64.90395833333287
1517,3219.257277230496,105.92895833333341
1518,3220.678576046621,77.03729166666608
1519,3222.0972393712145,122.77895833333287
1520,3223.516585106165,63.55395833333296
1521,3224.9344026217054,59.062291666665715
1522,3226.3517976809435,98.8622916666659
1523,3227.768770472665,80.49562500000002
1524,3229.1853211855446,102.82062499999938
1525,3230.5992428089694,104.5456250000002
1526,3232.014950586956,78.22062499999947
1527,3233.429133908259,49.6122916666659
1528,3234.8428965603753,78.03729166666608
1529,3236.2551364438073,73.91229166666653
1530,3237.666956688571,116.03729166666608
1531,3239.0783574816796,81.30395833333296
1532,3240.4893390100337,104.32062499999984
1533,3241.899901460422,112.77895833333287
1534,3243.3089443682065,90.02062499999965
1535,3244.7175692245874,72.87062500000002
1536,3246.125776215586,101.83729166666672
1537,3247.532465854694,82.86229166666635
1538,3248.938738652065,105.09562499999947
1539,3250.344594792954,113.56229166666571
1540,3251.750034462507,72.70395833333305
1541,3253.15615621569,102.27895833333423
1542,3254.55966512764,85.56229166666571
1543,3255.961661053099,110.5456250000002
1544,3257.3643399411776,113.93729166666571
1545,3258.7655068600984,90.66229166666608
1546,3260.1684532069803,122.91229166666608
1547,3261.568791530406,58.820624999999836
1548,3262.9687161555707,97.27895833333287
1549,3264.3671314908506,109.01229166666644
1550,3265.7662295928862,113.56229166666571
1551,3267.1638194179777,110.06229166666571
1552,3268.560996923591,102.82895833333305
1553,3269.9566678097835,103.20395833333305
1554,3271.353021546429,96.14562499999965
1555,3272.7489635104453,104.31229166666662
1556,3274.143400369215,124.50395833333323
1557,3275.5374264639267,59.20395833333305
1558,3276.931041976054,147.11229166666544
1559,3278.323154537839,85.41229166666608
1560,3279.715949750458,105.01229166666644
1561,3281.106151111524,96.46229166666626
1562,3282.495943899227,110.3956249999992
1563,3283.88641955846,87.62062500000002
1564,3285.275395419,101.9206250000002
1565,3286.66396324627,120.42895833333296
1566,3288.052123220042,109.72895833333268
1567,3289.4387855367313,114.02062499999965
1568,3290.8239513352482,114.00395833333323
1569,3292.2119791296213,159.0872916666658
1570,3293.597421100456,114.4872916666659
1571,3294.9813680488046,97.70395833333305
1572,3296.364909496541,109.49562500000002
1573,3297.74804562186,88.55395833333296
1574,3299.13186435132,87.62062499999956
1575,3300.5131026174904,139.82895833333305
1576,3301.8939367319053,90.33729166666672
1577,3303.274366871923,99.68729166666662
1578,3304.654393214795,110.22062500000038
1579,3306.034015937673,72.26229166666644
1580,3307.411063535813,114.2039583333335
1581,3308.788794660853,104.41229166666653
1582,3310.168293744058,92.69562499999938
1583,3311.5441346119005,85.6706250000002
1584,3312.919574010849,85.93729166666571
1585,3314.2946121165996,87.37895833333323
1586,3315.669249104745,97.77895833333287
1587,3317.0434851507794,103.95395833333305
1588,3318.4173204300905,80.31229166666662
1589,3319.789672125373,96.20395833333305
1590,3321.1616240355884,116.17895833333341
1591,3322.533176335407,63.91229166666608
1592,3323.904329199394,83.90395833333287
1593,3325.272919338173,74.87062500000002
1594,3326.6421930662527,73.72895833333268
1595,3328.0110685106292,108.45395833333305
1596,3329.380626633505,81.05395833333341
1597,3330.747625243173,111.80395833333341
1598,3332.114226718211,106.82062499999984
1599,3333.4804312316564,106.75395833333323
1600,3334.8451594232074,68.07895833333305
1601,3336.210570845635,80.69562499999984
1602,3337.5745069181403,85.68729166666571
1603,3338.938047346186,77.99562500000002
1604,3340.3011923018953,90.12062500000002
1605,3341.6628639887695,81.4206250000002
1606,3343.0241411720785,51.395624999999654
1607,3344.3850240232423,74.78729166666608
1608,3345.7444356812584,100.39562499999965
1609,3347.1045306938704,102.97062499999947
1610,3348.4642318878605,103.35395833333268
1611,3349.8224633369177,99.42895833333387
1612,3351.179226145644,84.34562500000038
1613,3352.536672368261,71.33729166666626
1614,3353.8926509129556,106.85395833333268
1615,3355.249312589875,77.6122916666659
1616,3356.6045075503444,82.38729166666644
1617,3357.9582368953124,45.570624999999836
1618,3359.3126495709275,81.55395833333341
1619,3360.664523976314,63.062291666665715
1620,3362.017082050294,70.07062499999938
1621,3363.3681770438293,79.4872916666659
1622,3364.7188827387545,58.67895833333341
1623,3366.069199303302,59.52895833333287
1624,3367.420198973138,56.37062500000002
1625,3368.7697374724935,71.28729166666608
1626,3370.1188873457186,75.82895833333305
1627,3371.4665776189613,125.27062499999965
1628,3372.812809384273,41.020624999999654
1629,3374.1607953104253,90.70395833333305
1630,3375.5062528450176,69.37895833333323
1631,3376.8513238221444,72.34562500000038
1632,3378.197078011631,75.88729166666644
1633,3379.54030677018,57.88729166666644
1634,3380.883150084685,63.66229166666653
1635,3382.2266768035934,56.670624999999745
1636,3383.567681045004,83.39562499999965
1637,3384.909369022297,62.30395833333341
1638,3386.2517399818116,78.10395833333268
1639,3387.590523341753,56.78729166666608
1640,3388.9310577782385,74.82895833333305
1641,3390.2690742380623,43.82895833333305
1642,3391.607774340872,99.20395833333305
1643,3392.9460910997877,87.60395833333268
1644,3394.282958749409,64.53729166666653
1645,3395.6194439943206,78.77895833333287
1646,3396.9544816779326,60.48729166666635
1647,3398.2902029101174,61.16229166666608
1648,3399.6244775175655,93.47062499999947
1649,3400.958370984306,29.83729166666626
1650,3402.2908193697103,63.437291666665715
1651,3403.622887548361,64.54562499999975
1652,3404.9556391797873,64.04562499999975
1653,3406.2880103228385,22.728958333332685
1654,3407.6178753606814,93.23729166666635
1655,3408.9484240354104,74.97895833333268
1656,3410.276468747551,35.770624999999654
1657,3411.6062594022137,47.70395833333305
1658,3412.9346093079093,66.87895833333323
1659,3414.2615195337094,51.6122916666659
1660,3415.588052222392,50.05395833333341
1661,3416.9142075350615,43.195624999999836
1662,3418.2399856327297,64.59562500000038
1663,3419.56538667632,76.02895833333287
1664,3420.888291088966,27.70395833333305
1665,3422.2129391094372,94.87895833333323
1666,3423.5361512910945,70.72895833333268
1667,3424.858987663075,77.22895833333268
1668,3426.179331054391,104.40395833333287
1669,3427.5003585229756,62.312291666665715
1670,3428.82206932736,54.67895833333341
1671,3430.142347196645,100.15395833333287
1672,3431.4611931903773,54.21229166666626
1673,3432.7807226978384,54.24562500000002
1674,3434.097764381201,39.37895833333323
1675,3435.4144333287413,62.695624999999836
1676,3436.731785966715,73.2956250000002
1677,3438.047709618322,73.20395833333305
1678,3439.363261008595,54.895624999999654
1679,3440.678440295475,84.32062499999938
1680,3441.993247636812,49.337291666666715
1681,3443.305573639792,55.34562500000038
1682,3444.618583682181,50.7372916666659
1683,3445.9312228476947,99.47062500000038
1684,3447.243491293448,42.08729166666626
1685,3448.554335591889,45.01229166666644
1686,3449.8648100792016,77.44562499999984
1687,3451.1749149118577,62.32062499999938
1688,3452.4846502462433,14.50395833333323
1689,3453.791911444972,38.445624999999836
1690,3455.1009088450364,49.12895833333323
1691,3456.407433607159,35.770624999999654
1692,3457.7135906803023,27.03729166666608
1693,3459.021482644022,31.270624999999654
1694,3460.3269042132333,60.937291666665715
1695,3461.630907938316,-10.679375000000164
1696,3462.935595511122,55.228958333332685
1697,3464.238866140054,-1.9460416666665878
1698,3465.5428203353335,44.12062500000002
1699,3466.8443090459086,59.16229166666608
1700,3468.146481631337,68.52062499999965
1701,3469.44723965952,31.778958333332866
1702,3470.7476327243676,64.62062499999956
1703,3472.0476609794578,40.05395833333341
1704,3473.346276609356,56.22062500000038
1705,3474.644528323944,62.353958333332685
1706,3475.9424162761734,41.5456250000002
1707,3477.2409877072378,64.37895833333323
1708,3478.537101504924,40.92895833333341
1709,3479.833899086919,26.4206250000002
1710,3481.129287308416,73.6122916666659
1711,3482.4243131166177,42.6706250000002
1712,3483.7200222874344,50.562291666665715
1713,3485.0132781013153,50.13729166666644
1714,3486.3061725423586,29.07895833333305
1715,3487.598705762009,72.16229166666608
1716,3488.88983345584,17.987291666665897
1717,3490.1816449784133,25.820624999999836
1718,3491.4720518605714,51.34562500000038
1719,3492.7620987088458,28.387291666666442
1720,3494.0507423832632,63.570624999999836
1721,3495.3411129062883,36.020624999999654
1722,3496.629037847736,29.370625000000018
1723,3497.915561520164,43.2956250000002
1724,3499.2027692009337,47.77895833333423
1725,3500.4896183309042,18.4206250000002
1726,3501.7750675119096,42.01229166666644
1727,3503.06015902142,53.80395833333341
1728,3504.3448930086943,22.745625000000018
1729,3505.629269622912,26.62895833333323
1730,3506.9122486233987,60.728958333332685
1731,3508.1938310263745,37.195624999999836
1732,3509.4760974712194,35.45395833333305
1733,3510.7580077164157,36.7956250000002
1734,3512.038522675684,-12.104375000000346
1735,3513.3186823089663,6.178958333333412
1736,3514.5984867641423,29.07895833333305
1737,3515.877936189005,26.737291666665897
1738,3517.1559926490468,32.53729166666608
1739,3518.433694949635,46.0456250000002
1740,3519.712080745016,52.13729166666644
1741,3520.9880376611272,22.78729166666608
1742,3522.2636414335607,45.937291666665715
1743,3523.538892208904,45.52895833333287
1744,3524.8137901336645,37.320624999999836
1745,3526.0883353542667,1.0622916666661695
1746,3527.360456445156,15.812291666665715
1747,3528.634297269305,32.38729166666644
1748,3529.907785827851,41.020624999999654
1749,3531.1788524120752,58.66229166666653
1750,3532.450602808174,29.245625000000018
1751,3533.7199332356977,36.270624999999654
1752,3534.9899477654776,49.895624999999654
1753,3536.2585781147527,39.87062500000002
1754,3537.527892285545,43.4206250000002
1755,3538.7958231355856,46.97062500000084
1756,3540.0634045952875,54.820624999999836
1757,3541.330636809047,62.5456250000002
1758,3542.59751992118,49.070624999999836
1759,3543.861989919433,35.6122916666659
1760,3545.1271440350247,50.99562500000002
1761,3546.3909185384823,28.45395833333305
1762,3547.6564081056385,4.387291666666442
1763,3548.9194874045456,21.737291666665897
1764,3550.1822195995696,68.22895833333268
1765,3551.443574456673,15.845625000000382
1766,3552.7045830618217,44.437291666665715
1767,3553.9673051804525,37.16229166666608
1768,3555.2276211440817,-6.129374999999982
1769,3556.486562037161,12.08729166666626
1770,3557.7461867768798,8.96229166666626
1771,3559.004437294867,24.137291666666442
1772,3560.2623429791934,49.87895833333323
1773,3561.5188758531717,15.537291666666079
1774,3562.776092576979,29.4206250000002
1775,3564.0319373365523,2.0289583333328665
1776,3565.2884656657047,58.478958333332685
1777,3566.542595882828,11.662291666666079
1778,3567.7974099516127,-21.979375000000346
1779,3569.050854307224,40.65395833333287
1780,3570.3039560833045,31.25395833333323
1781,3571.556715420279,37.26229166666644
1782,3572.809132458498,-3.196041666666588
1783,3574.0601820278453,27.45395833333305
1784,3575.3108901387895,34.5456250000002
1785,3576.5602321800266,30.495625000000018
1786,3577.8102580730165,29.745625000000018
1787,3579.0589187343585,34.66229166666608
1788,3580.3072390543402,22.553958333333412
1789,3581.554195537798,36.53729166666608
1790,3582.8028592266605,60.945624999999836
1791,3584.0491362804487,-7.762708333334103
1792,3585.294051307719,24.687291666665715
1793,3586.5396503220118,-6.429375000000164
1794,3587.7849103849235,1.2289583333326846
1795,3589.0298316347894,17.728958333332685
1796,3590.272370837845,56.63729166666644
1797,3591.5166154320946,36.020624999999654
1798,3592.758479366013,19.612291666665897
1799,3594.0000061489764,41.3289583333335
1800,3595.241195918264,-2.4543749999998
1801,3596.4820488110836,30.645624999999654
1802,3597.721544941565,14.178958333333412
1803,3598.9617247695173,15.728958333332685
1804,3600.2005486622284,40.03729166666608
1805,3601.439036779267,6.870625000000018
1806,3602.676170339564,41.12062500000002
1807,3603.913987590751,33.42895833333341
1808,3605.149432743696,19.362291666665897
1809,3606.386579949831,4.08729166666626
1810,3607.622374247093,10.728958333332685
1811,3608.856816597817,44.37895833333323
1812,3610.09092522751,36.50395833333323
1813,3611.3236832818393,19.720625000000382
1814,3612.557125150166,35.9872916666659
1815,3613.7892172627644,18.428958333333412
1816,3615.0209767440306,29.312291666665715
1817,3616.2524037286503,27.12895833333323
1818,3617.483498351233,-6.8293749999998
1819,3618.714260746318,36.52895833333287
1820,3619.94266090881,20.887291666666442
1821,3621.171745003619,3.7622916666664423
1822,3622.3994832981116,9.528958333332866
1823,3623.6289194952237,31.937291666665715
1824,3624.8559961834453,26.137291666666442
1825,3626.0827425420043,17.70395833333305
1826,3627.30814527349,11.195624999999836
1827,3628.533218487204,51.57895833333305
1828,3629.757962316042,48.945624999999836
1829,3630.982376892828,29.278958333332866
1830,3632.205450008647,20.978958333332685
1831,3633.4302188211873,3.370625000000018
1832,3634.652634640393,29.770624999999654
1833,3635.87371075532,5.737291666665897
1834,3637.095470622151,6.58729166666626
1835,3638.3158915914814,16.745625000000018
1836,3639.535985321249,62.895624999999654
1837,3640.7557519430534,-11.704375000000255
1838,3641.9751915884244,19.32895833333305
1839,3643.193294488609,37.24562500000002
1840,3644.4110712162383,35.46229166666626
1841,3645.628521902304,44.08729166666626
1842,3646.8456466777284,49.12895833333323
1843,3648.061436853891,7.645624999999654
1844,3649.2769019207603,8.320624999999836
1845,3650.493050288813,27.970625000000382
1846,3651.706857248099,5.562291666665715
1847,3652.920340027773,3.3622916666658966
1848,3654.1334987576865,4.0456250000002
1849,3655.3463335676247,58.728958333332685
1850,3656.558844587304,-11.87104166666677
1851,3657.7710319463695,29.520624999999654
1852,3658.980882979757,30.103958333332685
1853,3660.191417814259,29.395624999999654
1854,3661.400624052017,39.21229166666626
1855,3662.610513812404,36.26229166666644
1856,3663.819075769867,39.20395833333305
1857,3665.0263108563504,30.728958333332685
1858,3666.234229583443,-19.754375000000437
1859,3667.4418267541714,34.49562500000002
1860,3668.6480982413404,13.703958333333048
1861,3669.8540489631223,7.937291666665715
1862,3671.0586753255952,8.4206250000002
1863,3672.2639851671347,29.19562499999938
1864,3673.4679714382128,14.053958333333412
1865,3674.671637988084,-8.696041666666588
1866,3675.8739822879734,15.603958333332685
1867,3677.077010043544,0.9622916666662604
1868,3678.2787163355088,43.4206250000002
1869,3679.480103946797,46.895624999999654
1870,3680.6801714112016,16.678958333333412
1871,3681.8799209791896,24.587291666665806
1872,3683.079352777059,46.12062500000002
1873,3684.2794677284064,23.66229166666608
1874,3685.477263567306,1.2622916666664423
1875,3686.6757428119467,21.03729166666608
1876,3687.872904788058,16.16229166666608
1877,3689.0687504149564,8.595625000000382
1878,3690.2662790343516,-16.271041666667315
1879,3691.4614923455124,-13.16270833333374
1880,3692.6553910043467,11.187291666665715
1881,3693.8499732925884,8.978958333332685
1882,3695.0442401248984,-27.071041666666588
1883,3696.237193470689,-17.487708333333558
1884,3697.4288342446666,-0.5710416666665878
1885,3698.62215624873,24.57895833333305
1886,3699.8131685636768,42.63729166666644
1887,3701.0048642017537,16.987291666665897
1888,3702.1952488173442,-6.604374999999891
1889,3703.385319900593,31.678958333333412
1890,3704.574081259492,9.353958333332685
1891,3705.7635259118874,23.895624999999654
1892,3706.9516616116803,41.7372916666659
1893,3708.1394847980814,11.9206250000002
1894,3709.3260003263363,11.345625000000837
1895,3710.5131991174408,5.387291666666442
1896,3711.6980962745533,13.428958333333412
1897,3712.8836769401414,11.203958333333048
1898,3714.0679520073927,27.387291666666442
1899,3715.2519163438374,8.287291666666079
1900,3716.4355700717556,13.095625000000382
1901,3717.6199067540906,7.37895833333323
1902,3718.8029393709926,23.96229166666626
1903,3719.9836759061986,5.303958333333412
1904,3721.1660886818454,21.07895833333305
1905,3722.3462066598327,-21.92104166666695
1906,3723.52700794131,-6.629374999999982
1907,3724.707499987948,15.937291666665715
1908,3725.8866913005786,17.612291666665897
1909,3727.064582778765,17.012291666666897
1910,3728.243157525733,-8.262708333334103
1911,3729.4204331983983,30.762291666666442
1912,3730.596410694259,4.553958333333412
1913,3731.773071561724,9.470625000000382
1914,3732.950415144974,2.8956249999996544
1915,3734.1244815542364,0.5539583333334122
1916,3735.300220987283,54.80395833333341
1917,3736.4736748453265,-9.729375000000346
1918,3737.6468228653366,13.745625000000018
1919,3738.819665166865,-11.654374999999618
1920,3739.9931903886345,12.203958333333048
1921,3741.1654213540783,22.395624999999654
1922,3742.336358955124,14.512291666666442
1923,3743.5069918297895,33.66229166666608
1924,3744.677320097014,6.478958333332685
1925,3745.8473438756723,9.612291666665897
1926,3747.015089330959,10.603958333332685
1927,3748.1845050022725,-0.7293750000003456
1928,3749.353616541078,7.00395833333323
1929,3750.520451651128,28.778958333332866
1930,3751.6869838906096,10.037291666666079
1931,3752.8532133774283,47.49562500000047
1932,3754.019140229431,13.703958333333048
1933,3755.185749748668,19.137291666666442
1934,3756.350086500063,-2.4710416666671335
1935,3757.5141214806395,15.303958333333867
1936,3758.6768703892,-5.679375000000164
1937,3759.840302435044,20.803958333333412
1938,3761.0024491529985,28.15395833333241
1939,3762.1642950783853,41.1122916666659
1940,3763.32584032797,-4.3043750000006185
1941,3764.486101873176,16.528958333332866
1942,3765.648029266487,13.803958333333412
1943,3766.8076905519583,49.103958333332685
1944,3767.967052136163,12.787291666666079
1945,3769.12513200614,14.278958333332866
1946,3770.282912914385,13.403958333332412
1947,3771.441376598831,52.670624999998836
1948,3772.5985596774817,5.595625000000382
1949,3773.7544630259504,-6.504374999999982
1950,3774.91006838148,-3.3043750000001637
1951,3776.0653758592916,18.095625000000382
1952,3777.2203855745456,0.8206249999998363
1953,3778.375097642342,42.978958333332685
1954,3779.528532325486,20.395624999999654
1955,3780.6806904956006,26.870625000000018
1956,3781.8345110680266,14.137291666666442
1957,3782.9860762605244,36.40395833333241
1958,3784.138324231966,-7.396041666667315
1959,3785.289297156118,12.662291666666079
1960,3786.4389959019154,-31.779374999999618
1961,3787.5893775173563,-3.1877083333338305
1962,3788.7384856848994,-11.504374999999982
1963,3789.887298859452,48.42895833333387
1964,3791.035817154591,11.062291666665715
1965,3792.1840406838387,22.728958333332685
1966,3793.3300158894417,13.062291666665715
1967,3794.4776507284814,25.478958333332685
1968,3795.6230384718815,-5.396041666666861
1969,3796.769108988554,37.10395833333314
1970,3797.9148858061344,15.25395833333323
1971,3799.0593934526687,6.312291666665715
1972,3800.202632790131,0.32895833333304836
1973,3801.3455797653655,20.853958333332685
1974,3802.4892093271214,18.362291666665897
1975,3803.63157166503,6.437291666665715
1976,3804.7736419770395,16.653958333332866
1977,3805.9134721963965,-8.296041666666952
1978,3807.054959290298,28.145624999999654
1979,3808.1942075097922,15.7956250000002
1980,3809.3341384886226,28.037291666667443
1981,3810.4737784974923,25.778958333332866
1982,3811.612154800754,14.870624999999563
1983,3812.750240853054,2.6289583333327755
1984,3813.887064414101,37.03729166666608
1985,3815.0245705452417,33.87895833333323
1986,3816.1608149022277,13.387291666666442
1987,3817.295798338201,6.553958333333412
1988,3818.4314644283536,-2.546041666666497
1989,3819.566841426992,17.737291666665897
1990,3820.700958577348,-9.971041666667134
1991,3821.8347873507896,19.895624999999654
1992,3822.9683278572925,1.0622916666657147
1993,3824.1006100796953,-33.90437499999962
1994,3825.2316348669365,-1.3043750000006185
1995,3826.3633423366778,28.153958333332866
1996,3827.494762471095,27.620625000000018
1997,3828.62492623697,5.345625000000837
1998,3829.754803378055,43.90395833333287
1999,3830.8843940033717,4.345625000000382
2000,3832.013698221889,11.96229166666626
2001,3833.1417479822044,40.195624999999836
2002,3834.2695120440785,6.070624999999836
2003,3835.396990516035,22.50395833333323
2004,3836.524183506544,46.562291666665715
2005,3837.649156763139,27.445624999999836
2006,3838.7748126696306,-18.78770833333374
2007,3839.9001839088005,4.728958333332685
2008,3841.024304141403,-17.904374999999618
2009,3842.148140411017,28.970625000000382
2010,3843.2716928252253,-12.087708333333467
2011,3844.394961491558,30.220625000000382
2012,3845.5179465174906,52.99562500000002
2013,3846.6396827826825,6.4456249999993815
2014,3847.7601711248435,20.66229166666608
2015,3848.8813418634054,-4.879374999999982
2016,3850.0022298773843,-9.779374999999618
2017,3851.1218710187627,19.87895833333323
2018,3852.240266123023,21.96229166666626
2019,3853.359343564056,-23.8293749999998
2020,3854.4771756661703,16.053958333333412
2021,3855.5947265478135,11.328958333333048
2022,3856.7119963150944,16.20395833333305
2023,3857.828022273713,20.96229166666626
2024,3858.943767814044,13.495625000000018
2025,3860.060195358401,-2.2210416666671335
2026,3861.175380137406,16.32062499999938
2027,3862.2893229817914,16.81229166666708
2028,3863.4039479051908,20.72895833333314
2029,3864.516370236916,11.587291666665806
2030,3865.630435967557,-46.36270833333356
2031,3866.7432611500362,34.02895833333241
2032,3867.854846612561,-21.779374999999618
2033,3868.966153569202,24.362291666665897
2034,3870.076221978108,41.312291666665715
2035,3871.1860125711582,15.50395833333323
2036,3872.2955254526314,1.9622916666662604
2037,3873.405720152695,-0.7877083333337396
2038,3874.5137184977084,-44.75437499999998
2039,3875.6223988696115,27.75395833333323
2040,3876.729843240149,35.51229166666644
2041,3877.8370108989993,4.470625000000382
2042,3878.9429437222425,12.828958333333048
2043,3880.0486005196417,19.937291666665715
2044,3881.1558968931527,-3.9293750000001637
2045,3882.2610014708557,-30.37104166666677
2046,3883.3639157897755,-0.6793750000001637
