,Rshift,20241220_103412_072
0,-27.28431624923972,-8.781250000000014
1,-24.137810440559743,-3.9479166666666714
2,-20.992855305911224,5.385416666666657
3,-17.849449699264277,-1.5312500000000142
4,-14.709577990190768,-5.531250000000014
5,-11.570259296931825,-3.9479166666666856
6,-8.432485724277697,-0.6979166666666714
7,-5.297247424298958,-3.9479166666666714
8,-2.163550990117585,6.468749999999986
9,0.9686047153885033,2.968749999999986
10,4.098230996806874,-3.4479166666666714
11,7.226319793020991,-1.6979166666666714
12,10.351883377225125,-10.031250000000014
13,13.47690108550667,0.385416666666643
14,16.599396813964887,1.9687499999999858
15,19.71937314585023,7.052083333333314
16,22.838806501711186,6.385416666666643
17,25.95572368194708,6.968749999999986
18,29.070127261761424,-0.6979166666666856
19,32.18399075351902,7.802083333333329
20,35.29534385461391,8.302083333333329
21,38.40517363784589,4.552083333333329
22,41.51249719788232,-4.947916666666671
23,44.61928418112446,9.885416666666643
24,47.72258507542738,0.885416666666643
25,50.82535162225085,8.135416666666657
26,53.926601392168415,-8.197916666666671
27,57.02437225535298,3.385416666666643
28,60.12063048208482,7.218749999999986
29,63.215377180019566,2.135416666666643
30,66.30959363994587,-4.864583333333357
31,69.40034041471665,-9.447916666666671
32,72.48860070466732,1.7187499999999858
33,75.57731329740307,5.218749999999986
34,78.66256333475965,2.0520833333333286
35,81.74631037256418,-0.9479166666666714
36,84.82855550884238,-7.947916666666671
37,87.90929984055099,1.135416666666643
38,90.98756809333871,2.718749999999986
39,94.06433868236475,0.385416666666643
40,97.1405881209893,2.968749999999986
41,100.21339123894579,9.802083333333329
42,103.28470091617095,-4.281250000000014
43,106.35354424187857,-3.531250000000014
44,109.42187077517436,8.302083333333314
45,112.48676102238159,1.9687499999999858
46,115.55113664681949,-0.9479166666666714
47,118.61402520538982,-1.0312500000000142
48,121.67445614213274,0.9687499999999858
49,124.73243195142234,-0.4479166666666856
50,127.78989651750489,7.135416666666657
51,130.84490905385366,5.218749999999986
52,133.89844180364437,3.135416666666643
53,136.94952655484522,10.218749999999986
54,139.9991346065499,0.6354166666666572
55,143.04726703056593,0.635416666666643
56,146.09295701676533,1.2187499999999858
57,149.13717445172796,-0.7812500000000142
58,152.18088734856704,-1.6145833333333428
59,155.22216241584337,-13.864583333333357
60,158.26003610937104,6.885416666666657
61,161.29740892735327,-4.614583333333357
62,164.33331545412594,2.385416666666657
63,167.36679213777288,1.4687499999999858
64,170.39880558285302,-0.7812500000000142
65,173.42839316438452,-1.114583333333357
66,176.45652055224213,6.718749999999986
67,179.48318880184246,14.135416666666657
68,182.50936125878457,8.302083333333329
69,185.532152102855,14.052083333333314
70,188.5525265301561,3.0520833333333144
71,191.57336968606344,-2.114583333333357
72,194.59083808475233,-1.114583333333357
73,197.60685550341933,0.8020833333333286
74,200.6195039541193,1.135416666666643
75,203.6335825290436,-8.197916666666671
76,206.64429514705586,-0.6979166666666856
77,209.6516456142998,-0.7812500000000142
78,212.66042610825713,-2.781250000000014
79,215.66584745221635,5.302083333333329
80,218.6688701982906,5.302083333333329
81,221.6704530579928,3.468749999999986
82,224.67155290628202,9.718749999999986
83,227.67025864025692,5.052083333333329
84,230.66561774334488,2.635416666666643
85,233.66145185846995,11.968749999999986
86,236.65489724395556,3.218749999999986
87,239.64595629990657,-4.614583333333357
88,242.63558452041616,0.6354166666666572
89,245.62378293194837,5.302083333333329
90,248.60960037381219,4.135416666666643
91,251.59399096676356,-7.614583333333357
92,254.57695573333737,1.9687499999999858
93,257.5584956950971,-5.864583333333343
94,260.5367111357406,8.385416666666657
95,263.51445554100974,2.635416666666643
96,266.4907791062013,7.635416666666657
97,269.4647338389515,-0.5312500000000142
98,272.4372706690054,-3.9479166666666856
99,275.40839061015055,2.968749999999986
100,278.3771470222574,9.635416666666657
101,281.34354227106166,10.885416666666643
102,284.3104189718883,0.6354166666666572
103,287.27304392780604,3.135416666666657
104,290.2342597498509,12.802083333333314
105,293.19501284369574,3.968749999999986
106,296.15435791399693,10.052083333333314
107,299.11135146313717,3.135416666666643
108,302.06599584060206,10.718749999999986
109,305.020180602477,4.468749999999986
110,307.97107593352354,16.552083333333314
111,310.9205709374285,4.468749999999986
112,313.8696088729118,19.635416666666643
113,316.81630576431763,3.3020833333333286
114,319.7616053156739,9.385416666666657
115,322.70362667554014,7.385416666666643
116,325.6461354188213,17.218749999999986
117,328.5863097684562,8.552083333333329
118,331.5232124643944,11.052083333333314
119,334.4596645888623,7.635416666666643
120,337.3956657948935,8.302083333333314
121,340.32746272332156,14.385416666666657
122,343.2588115920873,9.718749999999986
123,346.18877468724133,12.718749999999986
124,349.1164160675589,20.218749999999986
125,352.0426745233984,17.052083333333314
126,354.9666149953233,13.802083333333314
127,357.89011098210506,27.052083333333314
128,360.810356668617,25.135416666666657
129,363.730159822777,17.385416666666657
130,366.64858582226634,23.30208333333333
131,369.5647018076031,20.302083333333314
132,372.47851007211335,25.802083333333314
133,375.3909458601356,31.635416666666643
134,378.3020101411441,32.05208333333333
135,381.2107718077643,22.30208333333333
136,384.1190964182033,5.302083333333314
137,387.0260524242806,24.468749999999986
138,389.92977926968416,18.468749999999986
139,392.8321411918916,16.718749999999986
140,395.73313915306505,13.385416666666643
141,398.63277411446904,20.302083333333314
142,401.53011802317604,13.135416666666657
143,404.42610172424645,10.052083333333329
144,407.32072617531486,23.135416666666657
145,410.21306462703984,14.468749999999986
146,413.10404661153893,6.718749999999986
147,415.99274624637286,20.718749999999986
148,418.88101859200884,15.802083333333314
149,421.7670113614339,16.885416666666643
150,424.6507268069978,12.802083333333329
151,427.534017380677,7.802083333333314
152,430.4150333946642,12.968749999999986
153,433.29377709457617,12.552083333333329
154,436.171174526634,13.802083333333329
155,439.0481500067328,11.552083333333314
156,441.9219343629885,17.80208333333333
157,444.7943761439507,19.885416666666657
158,447.6663983684335,11.885416666666643
159,450.53615738925754,15.968749999999986
160,453.4036554368587,7.885416666666657
161,456.2698155263778,15.135416666666657
162,459.13371823570486,11.468749999999986
163,461.99720564598897,12.552083333333314
164,464.85751890297826,22.635416666666657
165,467.71741872718127,13.885416666666643
166,470.57598612114396,8.218749999999986
167,473.4313855832414,18.385416666666643
168,476.28729176382114,4.552083333333314
169,479.1400335802938,12.802083333333314
170,481.9905314565158,12.718749999999986
171,484.84062061516414,15.885416666666643
172,487.68846853613957,14.635416666666657
173,490.5359087351512,15.385416666666657
174,493.3792799303744,9.968749999999986
175,496.22407571145703,6.802083333333329
176,499.06480688058537,4.885416666666643
177,501.90513400978284,12.468749999999986
178,504.742316141402,13.302083333333314
179,507.58092228765565,9.635416666666657
180,510.41547342909644,-0.2812500000000142
181,513.2477988173791,9.218749999999986
182,516.0815480007475,7.718749999999986
183,518.9103381523065,13.802083333333329
184,521.7387302367048,8.718749999999986
185,524.5667238977102,13.218749999999986
186,527.3915883150893,7.552083333333314
187,530.2151463911312,5.968749999999986
188,533.0383083453657,-5.447916666666671
189,535.8592560354984,6.968749999999986
190,538.6770831531306,1.3854166666666572
191,541.4945172807625,8.135416666666657
192,544.3106504268214,5.552083333333329
193,547.1254834922145,6.552083333333329
194,549.9372037825524,3.218749999999986
195,552.7476274645466,7.885416666666657
196,555.557661396232,3.468749999999986
197,558.3654941332069,2.718749999999986
198,561.1711278231132,0.885416666666643
199,563.9763740302524,-0.9479166666666714
200,566.7785195179079,2.385416666666643
201,569.5802793070004,-7.697916666666686
202,572.3789426562782,-10.531250000000014
203,575.1781251319061,4.135416666666643
204,577.9742146080273,6.302083333333314
205,580.7690188937156,4.468749999999986
206,583.5634406759264,7.052083333333314
207,586.3547754365092,8.052083333333314
208,589.1448284899731,2.3020833333333144
209,591.9336007189041,5.968749999999986
210,594.7210930050775,11.218749999999986
211,597.5055067627944,6.802083333333329
212,600.2895433101347,5.802083333333314
213,603.0732022878761,11.635416666666643
214,605.8537878481096,6.635416666666643
215,608.6322014233208,3.218749999999986
216,611.4093427963033,2.635416666666643
217,614.1861101036463,2.5520833333333286
218,616.9598124291359,-0.8645833333333428
219,619.7331424337686,10.718749999999986
220,622.505203725734,6.385416666666643
221,625.2742059305338,6.468749999999986
222,628.0419428000752,3.718749999999986
223,630.8075203969969,6.302083333333329
224,633.5736240010797,8.968749999999986
225,636.3366760769657,7.135416666666643
226,639.098467097401,8.552083333333314
227,641.8589979255039,-2.781250000000014
228,644.6182694236076,3.135416666666657
229,647.3744977383801,13.635416666666657
230,650.1303620232678,-4.447916666666671
231,652.8849703729016,13.302083333333329
232,655.6365413689031,8.885416666666657
233,658.3877505014291,19.718749999999986
234,661.1377070819738,-2.9479166666666714
235,663.8855220435962,7.635416666666657
236,666.6320869725545,6.718749999999986
237,669.3765136087061,2.135416666666643
238,672.1196927253785,10.885416666666657
239,674.8607368678764,2.635416666666657
240,677.6005359979608,4.968749999999986
241,680.3408659606193,9.968749999999986
242,683.0772897079983,1.7187499999999858
243,685.8124717904553,5.885416666666657
244,688.545526761953,3.385416666666657
245,691.2782284505098,3.968749999999986
246,694.0088055188429,8.718749999999986
247,696.7381450997262,7.135416666666643
248,699.4662480342079,8.968749999999986
249,702.1922308778788,10.135416666666657
250,704.9169795556986,1.0520833333333144
251,707.6404949056167,6.635416666666657
252,710.3618946801053,7.385416666666643
253,713.0811809136846,5.718749999999986
254,715.7992379247568,7.302083333333314
255,718.5178303221388,1.8854166666666572
256,721.232549101209,10.968749999999986
257,723.946923043364,9.968749999999986
258,726.6591903985808,-4.614583333333343
259,729.3702334856129,14.468749999999986
260,732.0791732343926,2.968749999999986
261,734.7860116633555,6.635416666666643
262,737.4933881052642,1.3854166666666572
263,740.1986648794762,7.468749999999986
264,742.9009656863793,5.135416666666643
265,745.6038053949877,11.968749999999986
266,748.3027948427829,0.6354166666666572
267,751.0023240452123,5.468749999999986
268,753.6997612549775,0.5520833333333144
269,756.3951084757753,8.635416666666657
270,759.0883677085873,12.885416666666657
271,761.7804165027665,12.135416666666657
272,764.4730059891978,-3.864583333333343
273,767.161760802308,15.718749999999986
274,769.8493084081631,0.8020833333333144
275,772.5373975778823,17.05208333333333
276,775.2225324226614,8.052083333333314
277,777.9055893020778,2.885416666666643
278,780.5865702013685,6.135416666666657
279,783.2680943403964,0.7187499999999858
280,785.94754411685,6.885416666666657
281,788.6249215114218,7.885416666666643
282,791.301099742469,15.718749999999986
283,793.9752087651893,-0.1979166666666714
284,796.6481210140968,0.6354166666666572
285,799.3198372924204,4.052083333333329
286,801.9903584026715,7.385416666666657
287,804.6588158534753,-1.1979166666666714
288,807.3260805162536,-0.2812500000000142
289,809.9921531905816,3.718749999999986
290,812.6552984182088,11.302083333333329
291,815.3172548048767,3.5520833333333144
292,817.9788905003605,0.635416666666643
293,820.6393381718575,3.135416666666657
294,823.2968654545798,-2.614583333333357
295,825.953207848906,3.885416666666657
296,828.6092319547788,7.218749999999986
297,831.2623411407403,6.968749999999986
298,833.9142685842397,7.385416666666657
299,836.5650150746521,5.468749999999986
300,839.214581400652,-5.697916666666671
301,841.8621044684179,1.0520833333333144
302,844.5084497156973,4.052083333333314
303,847.1536179282938,0.9687499999999858
304,849.7967471614515,-4.614583333333357
305,852.4387016963278,-0.6979166666666714
306,855.0786203523927,4.468749999999986
307,857.7182282217098,1.885416666666643
308,860.3549413428963,1.6354166666666572
309,862.9904844220963,4.552083333333314
310,865.6265791063319,9.552083333333314
311,868.2589236210457,6.385416666666657
312,870.8901011907012,-4.947916666666686
313,873.5201125911036,12.552083333333314
314,876.1489585973727,-3.364583333333343
315,878.7757814546823,1.5520833333333286
316,881.401441226342,5.718749999999986
317,884.0267964539792,14.635416666666657
318,886.6492746012391,7.968749999999986
319,889.2705927365037,10.468749999999986
320,891.889894997582,5.552083333333314
321,894.5080395422766,4.968749999999986
322,897.1250271379771,-2.9479166666666856
323,899.7400030545731,10.718749999999986
324,902.3555345485436,6.968749999999986
325,904.9673464118688,9.885416666666657
326,907.578860262243,17.385416666666657
327,910.1875137688562,24.468749999999986
328,912.7967243978754,27.552083333333314
329,915.4030777129715,19.55208333333333
330,918.008282448971,20.552083333333314
331,920.6131918479454,2.635416666666643
332,923.2152492193081,14.218749999999986
333,925.8153093048101,-1.1979166666666714
334,928.4150767007262,-1.7812500000000142
335,931.0137000550731,-5.614583333333343
336,933.6094789049918,5.802083333333314
337,936.2049669537362,10.385416666666643
338,938.7993139710164,4.218749999999986
339,941.3916712212085,-0.7812500000000142
340,943.9820405752965,9.968749999999986
341,946.5721213861391,3.135416666666643
342,949.1602165457788,4.802083333333314
343,951.7471759172602,0.3854166666666572
344,954.3321526227504,14.135416666666657
345,956.915995777856,1.885416666666643
346,959.4978592456448,7.552083333333314
347,962.0785913955167,4.552083333333329
348,964.6581929708851,2.718749999999986
349,967.2366647145176,11.885416666666657
350,969.8123165688366,1.3854166666666572
351,972.3885316148301,8.385416666666643
352,974.9619297326224,1.8020833333333144
353,977.5342024606138,8.802083333333314
354,980.1053505368706,-4.114583333333357
355,982.6745311457491,0.13541666666664298
356,985.2425893142037,5.468749999999986
357,987.8095257776441,7.718749999999986
358,990.3753412708345,-3.614583333333357
359,992.9383523664881,5.385416666666657
360,995.5010871426232,3.218749999999986
361,998.0610211902117,4.468749999999986
362,1000.6215213600577,2.3020833333333144
363,1003.180064343015,-6.031250000000014
364,1005.735811721452,-1.5312500000000142
365,1008.291286062632,-2.364583333333357
366,1010.8456474810134,8.885416666666657
367,1013.3972184038389,1.9687499999999858
368,1015.9493568871053,2.5520833333333286
369,1018.4987077862389,2.468749999999986
370,1021.0469501244125,-4.447916666666671
371,1023.5932469334166,6.885416666666657
372,1026.1392746818394,5.885416666666643
373,1028.68419603592,-3.114583333333357
374,1031.2263385170504,0.6354166666666572
375,1033.7673774982072,-1.6979166666666714
376,1036.307313697748,2.718749999999986
377,1038.8461478334082,9.885416666666643
378,1041.3830454733454,6.385416666666657
379,1043.918843207229,9.385416666666657
380,1046.4527073250108,7.302083333333314
381,1048.984639625617,1.9687499999999858
382,1051.5163093112349,2.885416666666657
383,1054.047716010783,7.802083333333314
384,1056.5763604113001,5.302083333333314
385,1059.1022453872818,10.802083333333314
386,1061.6295351123408,7.718749999999986
387,1064.15406755211,9.718749999999986
388,1066.6766771148937,5.468749999999986
389,1069.1981967679412,-0.2812500000000142
390,1071.7186272174504,5.802083333333314
391,1074.2379691690155,-0.5312500000000142
392,1076.755393221889,5.302083333333329
393,1079.272560650206,1.5520833333333286
394,1081.7869829144095,9.635416666666657
395,1084.2994918955026,2.385416666666657
396,1086.8117467162267,9.135416666666657
397,1089.3229186874332,6.135416666666657
398,1091.8321805482885,4.885416666666657
399,1094.3395340678335,6.968749999999986
400,1096.8466355091525,5.135416666666657
401,1099.3518307167656,-0.11458333333334281
402,1101.8551214547995,-0.5312500000000142
403,1104.3573356661466,-0.1979166666666714
404,1106.8592998708855,2.385416666666657
405,1109.3585372853117,-3.4479166666666856
406,1111.8567009636618,0.885416666666643
407,1114.3546163596102,-2.364583333333357
408,1116.8498098787786,-0.6979166666666856
409,1119.3447564973785,4.468749999999986
410,1121.8361610425645,3.718749999999986
411,1124.3289674661858,13.718749999999986
412,1126.819058307148,2.968749999999986
413,1129.3072590118054,8.052083333333329
414,1131.7952159016595,0.8020833333333144
415,1134.2812847317573,8.468749999999986
416,1136.765467243167,3.885416666666643
417,1139.248586407842,-0.03125000000001421
418,1141.7314637900306,1.4687499999999858
419,1144.2116374268019,-2.114583333333343
420,1146.6907504649155,2.885416666666657
421,1149.1696234135359,-0.7812500000000142
422,1151.6457974652753,-1.9479166666666856
423,1154.1209136575835,2.718749999999986
424,1156.594153889389,12.718749999999986
425,1159.0671567451252,3.885416666666657
426,1161.5382856927909,1.8854166666666572
427,1164.0075424555425,-2.864583333333343
428,1166.4765635190067,3.468749999999986
429,1168.9437144436115,-3.531250000000014
430,1171.408996947761,7.802083333333314
431,1173.8740454230053,-7.697916666666671
432,1176.3372275174995,5.302083333333314
433,1178.7985449449166,0.4687499999999858
434,1181.2596300074379,8.718749999999986
435,1183.7188524362593,1.2187499999999858
436,1186.1753993385187,9.302083333333314
437,1188.6317162263829,5.218749999999986
438,1191.0878027271572,2.718749999999986
439,1193.5412177787307,2.5520833333333144
440,1195.9935905564976,4.552083333333329
441,1198.4449217244953,8.885416666666657
442,1200.8943994187837,7.302083333333314
443,1203.3428375194246,3.135416666666643
444,1205.789424849979,10.385416666666657
445,1208.234974598328,1.0520833333333286
446,1210.6794874243822,-2.614583333333343
447,1213.1229639874857,2.885416666666643
448,1215.5654049464306,7.218749999999986
449,1218.0051907210802,4.468749999999986
450,1220.4439435796855,3.8020833333333286
451,1222.8816641780545,-5.197916666666671
452,1225.318353171446,9.718749999999986
453,1227.7532024656482,11.552083333333314
454,1230.1862137406779,4.885416666666657
455,1232.6198128706674,2.218749999999986
456,1235.0507675630085,9.802083333333314
457,1237.4806952829103,1.9687499999999858
458,1239.907982597396,10.218749999999986
459,1242.335859005302,-2.4479166666666714
460,1244.7610976691485,1.385416666666643
461,1247.1861193409281,1.8020833333333286
462,1249.6101179672248,9.052083333333314
463,1252.0314835133897,12.552083333333314
464,1254.451828665863,-0.6979166666666714
465,1256.8711540695176,9.302083333333314
466,1259.2894603686862,-2.281250000000014
467,1261.7051402369893,0.8020833333333286
468,1264.1206072882194,-0.6979166666666714
469,1266.5358611493111,-4.281250000000014
470,1268.9484925359866,8.385416666666643
471,1271.3593067488612,1.8020833333333144
472,1273.76910773559,2.635416666666657
473,1276.1786980935606,18.302083333333314
474,1278.585672584594,1.9687499999999858
475,1280.9916364371838,2.3020833333333286
476,1283.3965902877176,5.302083333333314
477,1285.8005347720432,0.385416666666643
478,1288.202670248408,-0.364583333333357
479,1290.603798299963,-0.6979166666666714
480,1293.0031199541122,-7.447916666666671
481,1295.4014361203854,1.1354166666666572
482,1297.7979484942825,2.468749999999986
483,1300.1950545164614,7.802083333333314
484,1302.588761473702,2.218749999999986
485,1304.9822647374833,8.218749999999986
486,1307.3739687356235,5.218749999999986
487,1309.764672363619,7.968749999999986
488,1312.154376248969,8.218749999999986
489,1314.5422844190539,2.218749999999986
490,1316.929194765707,-0.11458333333335702
491,1319.3143119799881,1.385416666666643
492,1321.6984332856466,11.968749999999986
493,1324.0807640363764,1.5520833333333286
494,1326.4628957270668,1.3020833333333286
495,1328.843238771792,3.468749999999986
496,1331.2217947867287,4.052083333333329
497,1333.6001532744083,8.552083333333314
498,1335.9767266354406,11.885416666666657
499,1338.3515164816333,13.135416666666657
500,1340.7253173751865,14.385416666666657
501,1343.0989225559927,12.385416666666643
502,1345.4691624819095,-1.9479166666666856
503,1347.8392085880812,11.385416666666643
504,1350.2082688677153,0.5520833333333144
505,1352.5763439357713,9.468749999999986
506,1354.9418524556834,5.802083333333314
507,1357.3063783070354,3.968749999999986
508,1359.6715027392402,7.468749999999986
509,1362.0332744428533,12.968749999999986
510,1364.3940659691382,18.385416666666643
511,1366.7546672631227,8.718749999999986
512,1369.1127109294603,13.635416666666643
513,1371.4697769016548,6.552083333333314
514,1373.8266541411804,6.802083333333329
515,1376.1809781948443,18.05208333333333
516,1378.5343270297335,7.968749999999986
517,1380.887488625941,13.385416666666643
518,1383.2381014659552,5.218749999999986
519,1385.5877415547866,6.135416666666643
520,1387.9356230988735,16.135416666666657
521,1390.2841058932147,-6.697916666666671
522,1392.629259854741,5.052083333333329
523,1394.9742301983156,1.2187499999999858
524,1397.3174463552004,4.302083333333314
525,1399.660479446045,4.718749999999986
526,1402.0009757495511,7.552083333333314
527,1404.3397219337714,5.302083333333329
528,1406.679070974446,4.302083333333329
529,1409.015887612105,9.802083333333314
530,1411.351740694853,3.5520833333333286
531,1413.6866308185267,8.718749999999986
532,1416.0197760677709,-2.1979166666666856
533,1418.35196019289,9.302083333333314
534,1420.6824019212766,8.385416666666643
535,1423.0126659008947,4.885416666666643
536,1425.3411893131893,8.302083333333329
537,1427.667973714704,9.635416666666657
538,1429.9945818209708,7.968749999999986
539,1432.318672480819,5.302083333333329
540,1434.6425880252157,7.218749999999986
541,1436.9639892259745,-8.447916666666671
542,1439.2859957862674,1.6354166666666572
543,1441.6047114814605,13.635416666666643
544,1443.9232544115312,9.468749999999986
545,1446.240845864226,12.135416666666643
546,1448.5567084051524,10.718749999999986
547,1450.8708435764338,6.052083333333329
548,1453.184807683062,-0.2812500000000142
549,1455.497046224754,-1.4479166666666714
550,1457.8083374850673,20.135416666666657
551,1460.1179056185897,7.802083333333329
552,1462.4265282700144,11.802083333333314
553,1464.734206019806,1.4687499999999858
554,1467.0401639733043,11.552083333333314
555,1469.3436285036719,11.802083333333314
556,1471.648476294783,5.052083333333314
557,1473.9508324525793,6.635416666666643
558,1476.2514736616265,2.885416666666657
559,1478.55194923011,-3.864583333333343
560,1480.8507116342894,7.135416666666643
561,1483.1477623969392,5.385416666666643
562,1485.4438759834406,2.135416666666657
563,1487.7390529672195,-1.3645833333333428
564,1490.032521606992,6.052083333333314
565,1492.3258274185912,8.135416666666657
566,1494.617426659945,9.468749999999986
567,1496.9073208457532,6.552083333333314
568,1499.1955114887794,8.802083333333329
569,1501.4827708427101,6.635416666666657
570,1503.7698699051386,7.302083333333314
571,1506.0552680723179,4.885416666666657
572,1508.3389668519696,-0.5312500000000142
573,1510.6225067292403,1.4687499999999858
574,1512.903579801272,12.968749999999986
575,1515.1837262380227,5.052083333333329
576,1517.4629466040146,2.135416666666657
577,1519.7412414633127,10.552083333333314
578,1522.0178434510929,7.302083333333314
579,1524.2927540651958,5.968749999999986
580,1526.5682767186565,9.802083333333314
581,1528.8405751333053,-0.6979166666666856
582,1531.1119527198114,13.552083333333329
583,1533.3831764109293,0.5520833333333286
584,1535.653479771775,6.552083333333314
585,1537.9213318569384,0.5520833333333144
586,1540.1882659700668,6.885416666666657
587,1542.454282668405,1.3854166666666572
588,1544.7186176854627,1.8854166666666572
589,1546.9820370194939,-1.7812500000000142
590,1549.2445412258314,11.218749999999986
591,1551.5053669631798,1.385416666666643
592,1553.7652792994438,7.802083333333314
593,1556.0235155087598,-0.5312500000000142
594,1558.2816030108968,-0.2812500000000142
595,1560.5380161075582,3.0520833333333144
596,1562.7927562740572,-0.03125000000001421
597,1565.0473490800296,-0.3645833333333428
598,1567.299508931409,4.218749999999986
599,1569.550761088168,2.468749999999986
600,1571.8018672259618,8.302083333333314
601,1574.050544511929,16.718749999999986
602,1576.2975558465782,7.802083333333314
603,1578.5444231111983,0.5520833333333144
604,1580.7903860315885,1.8020833333333144
605,1583.0346855571577,5.302083333333329
606,1585.2773231497633,5.635416666666657
607,1587.5198182413344,5.218749999999986
608,1589.760653098501,6.885416666666657
609,1591.9998291792917,8.218749999999986
610,1594.2381060115424,4.385416666666657
611,1596.4762419040592,-2.114583333333357
612,1598.7112066332265,6.718749999999986
613,1600.9467892716768,6.552083333333329
614,1603.1799611141394,3.968749999999986
615,1605.4122376255682,3.468749999999986
616,1607.6436193442958,3.218749999999986
617,1609.873350862231,-1.3645833333333428
618,1612.1029449116838,-1.2812500000000142
619,1614.3301350994652,3.635416666666643
620,1616.5564338529678,7.385416666666657
621,1618.7825964435165,2.0520833333333144
622,1621.0063591970566,10.885416666666657
623,1623.2292327238813,5.385416666666643
624,1625.4512175572513,6.385416666666643
625,1627.6730677599032,-4.197916666666671
626,1629.8917700456498,10.135416666666643
627,1632.1095864386525,0.885416666666643
628,1634.3272700970203,2.135416666666657
629,1636.543315995183,7.968749999999986
630,1638.757725563858,10.302083333333329
631,1640.9712519592479,2.968749999999986
632,1643.1846471370643,4.718749999999986
633,1645.3949062147228,8.552083333333314
634,1647.6050357286647,-4.114583333333343
635,1649.8150353075596,8.385416666666643
636,1652.0226538884017,1.9687499999999858
637,1654.2293936536882,6.968749999999986
638,1656.433755860365,5.218749999999986
639,1658.6387401646318,-4.281250000000014
640,1660.8420981880593,-1.6979166666666856
641,1663.043831347487,0.635416666666643
642,1665.245437942886,2.635416666666657
643,1667.444673168544,10.718749999999986
644,1669.6430350248065,-1.6979166666666714
645,1671.839776480645,-0.614583333333357
646,1674.0371407093237,-2.114583333333357
647,1676.231391660734,3.468749999999986
648,1678.4247725059502,0.13541666666664298
649,1680.618776494006,-3.114583333333357
650,1682.8104180871246,6.052083333333329
651,1685.000445351215,-1.7812500000000142
652,1687.1896051676117,7.968749999999986
653,1689.3778980515885,3.385416666666643
654,1691.5645796292015,2.135416666666657
655,1693.7503958933055,9.302083333333314
656,1695.9353473574374,10.635416666666643
657,1698.1186905294871,10.218749999999986
658,1700.3011705157312,-6.364583333333357
659,1702.482044410687,16.80208333333333
660,1704.662799854055,6.218749999999986
661,1706.8412079854625,-1.5312500000000142
662,1709.0187561488963,4.385416666666643
663,1711.196187097351,2.968749999999986
664,1713.3712746079727,1.635416666666643
665,1715.5455042622843,-3.864583333333357
666,1717.7188765676908,-0.4479166666666714
667,1719.8913920312016,-0.864583333333357
668,1722.0623103776884,8.385416666666643
669,1724.2316329887778,0.052083333333314386
670,1726.400101442966,2.635416666666657
671,1728.5677162446298,2.718749999999986
672,1730.7337382817082,0.1354166666666572
673,1732.8996475808926,2.968749999999986
674,1735.0632266694843,1.8020833333333144
675,1737.2266940251332,1.0520833333333286
676,1739.388572371105,5.968749999999986
677,1741.5496012427536,10.052083333333314
678,1743.7090432671623,5.302083333333314
679,1745.8668998136025,7.302083333333314
680,1748.0239095442068,-0.2812500000000142
681,1750.1800729573572,4.885416666666643
682,1752.33612726718,9.052083333333314
683,1754.4898628228623,-4.447916666666671
684,1756.642017992768,1.135416666666643
685,1758.79406583904,3.635416666666657
686,1760.944534868283,0.2187499999999858
687,1763.09342644014,-0.5312500000000142
688,1765.2422118852319,1.8020833333333286
689,1767.3894214371273,6.385416666666643
690,1769.5365252743886,3.135416666666657
691,1771.680586532549,7.718749999999986
692,1773.8238097986377,1.0520833333333286
693,1775.9669291142022,1.2187499999999858
694,1778.1077443189777,7.635416666666657
695,1780.249189531852,6.552083333333329
696,1782.3876000690555,0.9687499999999858
697,1784.5266410210204,7.302083333333329
698,1786.663382683214,6.218749999999986
699,1788.799290925959,6.135416666666643
700,1790.934366236762,1.4687499999999858
701,1793.068609102751,8.052083333333329
702,1795.2005580535997,7.052083333333314
703,1797.3316766718099,1.4687499999999858
704,1799.4634262611178,0.4687499999999858
705,1801.5921549749944,1.5520833333333144
706,1803.7200553786513,1.1354166666666572
707,1805.847127955445,1.635416666666643
708,1807.9733731883662,-3.281250000000014
709,1810.0973335803424,-8.781250000000014
710,1812.2211974332115,1.0520833333333144
711,1814.3449643784033,21.718749999999986
712,1816.4664496266178,-0.7812500000000142
713,1818.5856553552858,-1.6979166666666856
714,1820.7047664653007,1.5520833333333144
715,1822.8237825881681,0.9687499999999858
716,1824.940522322895,1.4687499999999858
717,1827.0564412979597,-3.114583333333343
718,1829.1722664381039,-6.864583333333343
719,1831.2858188778434,-8.614583333333357
720,1833.3978266667261,2.718749999999986
721,1835.5090167273127,4.385416666666643
722,1837.6208401800466,2.5520833333333144
723,1839.7296706046743,-5.447916666666671
724,1841.8376852856595,5.468749999999986
725,1843.9456091775912,3.218749999999986
726,1846.0512693092542,5.802083333333314
727,1848.1561156758332,8.218749999999986
728,1850.2594251071673,-0.4479166666666856
729,1852.3633689999517,4.218749999999986
730,1854.4643307337765,-2.614583333333343
731,1856.5652045073457,-3.031250000000014
732,1858.665267428087,-4.031250000000014
733,1860.7630754727245,2.218749999999986
734,1862.8607966849004,7.552083333333314
735,1864.9562656284854,-0.03125000000001421
736,1867.0516486745573,-9.781250000000014
737,1869.1455031884284,7.135416666666657
738,1871.238551325845,0.5520833333333286
739,1873.3315141310106,7.218749999999986
740,1875.4222303338945,7.885416666666657
741,1877.5107020627015,-0.03125000000001421
742,1879.5990906846928,9.552083333333314
743,1881.6873958326275,2.135416666666643
744,1883.7741787517411,-1.2812500000000142
745,1885.8587218165178,-3.4479166666666714
746,1887.943901712581,-8.864583333333343
747,1890.0268437823806,11.552083333333314
748,1892.1089863219772,6.802083333333329
749,1894.1896119771302,-13.031250000000014
750,1896.2701571121374,1.8854166666666572
751,1898.349186832543,-3.531250000000014
752,1900.4274194115637,5.218749999999986
753,1902.5041385933448,1.635416666666643
754,1904.5793456596302,1.9687499999999858
755,1906.6537580561126,4.385416666666657
756,1908.7266603478063,-4.697916666666671
757,1910.799485047457,0.3854166666666572
758,1912.8715164452187,1.0520833333333144
759,1914.9413248565304,2.468749999999986
760,1917.0110567666713,-0.5312500000000142
761,1919.078568239402,0.385416666666643
762,1921.14600411799,11.135416666666643
763,1923.2112221034392,-2.1979166666666856
764,1925.277079104547,2.885416666666643
765,1927.3407202073547,1.4687499999999858
766,1929.4035738182395,-4.031250000000014
767,1931.4649274994495,9.885416666666657
768,1933.5254951334773,5.052083333333314
769,1935.585277169844,4.885416666666643
770,1937.643561984194,-2.864583333333357
771,1939.7010626415147,2.218749999999986
772,1941.757779589837,6.552083333333329
773,1943.8137132768495,-2.114583333333357
774,1945.8674421707453,5.135416666666657
775,1947.920389779869,4.635416666666643
776,1949.9725565499666,0.7187499999999858
777,1952.0239429264368,2.0520833333333286
778,1954.0738394455072,-4.447916666666671
779,1956.122957000317,6.468749999999986
780,1958.171296034799,3.5520833333333144
781,1960.218147892365,-2.4479166666666714
782,1962.2635138238334,-4.197916666666671
783,1964.3081036407102,1.7187499999999858
784,1966.351209491215,9.218749999999986
785,1968.3949566970111,6.718749999999986
786,1970.4358053059998,-0.2812500000000142
787,1972.4772956144468,-1.2812500000000142
788,1974.5158903526562,0.2187499999999858
789,1976.5551271330337,0.5520833333333286
790,1978.5921780490723,-0.1979166666666714
791,1980.6284579790236,-3.1979166666666714
792,1982.6639673605102,5.635416666666643
793,1984.6980007479283,7.552083333333314
794,1986.7312649950175,1.385416666666643
795,1988.7637605379505,13.302083333333329
796,1990.7940776469723,4.468749999999986
797,1992.8236279885937,-2.531250000000014
798,1994.8538210979857,11.885416666666657
799,1996.8811343909813,3.635416666666657
800,1998.9083867689908,2.468749999999986
801,2000.9341703618416,0.3020833333333144
802,2002.9584863987373,6.718749999999986
803,2004.9820393300624,-2.4479166666666714
804,2007.005532544807,8.552083333333314
805,2009.027560294055,13.552083333333314
806,2011.048123803183,4.885416666666657
807,2013.0665221323811,2.968749999999986
808,2015.085564894552,3.385416666666643
809,2017.1031460275283,-0.2812500000000142
810,2019.1199681235807,0.885416666666643
811,2021.1346293956003,-0.7812500000000142
812,2023.1499352295325,1.135416666666643
813,2025.1630821485796,-0.364583333333357
814,2027.1747724768,1.8020833333333286
815,2029.1871075934034,-6.864583333333357
816,2031.1972871791857,3.968749999999986
817,2033.2060127651696,-1.2812500000000142
818,2035.2139848301993,11.802083333333314
819,2037.221902802867,5.135416666666657
820,2039.226971350058,6.302083333333314
821,2041.2319871755637,-4.614583333333357
822,2043.236949916345,3.718749999999986
823,2045.239765337244,-3.864583333333343
824,2047.2418308212702,-2.031250000000014
825,2049.2424493543913,-2.364583333333343
826,2051.2430164887787,4.968749999999986
827,2053.241441121812,3.0520833333333144
828,2055.2391185430342,7.385416666666657
829,2057.236745563922,3.3020833333333286
830,2059.2322334257187,1.7187499999999858
831,2061.2269758520356,5.052083333333314
832,2063.2209732604924,0.4687499999999858
833,2065.214226068398,9.885416666666657
834,2067.2060395996587,1.9687499999999858
835,2069.1957202150857,3.135416666666643
836,2071.186742759255,-5.364583333333357
837,2073.174939421446,-0.2812500000000142
838,2075.1617010605014,9.718749999999986
839,2077.1491102618625,-0.5312500000000142
840,2079.1350852680584,8.718749999999986
841,2081.1196272679517,2.0520833333333286
842,2083.103430472746,-1.364583333333357
843,2085.0858025290545,1.135416666666643
844,2087.0674371303767,-1.864583333333357
845,2089.047642437425,2.385416666666643
846,2091.0264196332587,4.635416666666657
847,2093.005845108754,0.3020833333333286
848,2094.983151814207,2.885416666666643
849,2096.9604153683745,7.135416666666657
850,2098.935562512775,0.1354166666666572
851,2100.9099766142353,7.552083333333329
852,2102.883658080762,-0.2812500000000142
853,2104.8559171229335,-1.614583333333357
854,2106.8274448571747,0.052083333333314386
855,2108.7975520045943,3.385416666666643
856,2110.7676185983037,5.302083333333329
857,2112.735576753847,8.218749999999986
858,2114.702806247171,-4.364583333333357
859,2116.6693074828977,-0.6979166666666714
860,2118.6343924556404,10.802083333333314
861,2120.5994386435636,6.218749999999986
862,2122.5630698853274,-10.614583333333343
863,2124.5252873474274,3.5520833333333286
864,2126.4867795871214,-0.7812500000000142
865,2128.447547006388,2.8020833333333286
866,2130.4069031225663,4.968749999999986
867,2132.364162466974,9.468749999999986
868,2134.3220724707035,-0.4479166666666856
869,2136.2785736409714,3.718749999999986
870,2138.2350388794366,3.218749999999986
871,2140.188725353984,4.218749999999986
872,2142.1423772007224,12.718749999999986
873,2144.0939387208973,2.385416666666657
874,2146.045466408842,2.135416666666657
875,2147.996275296343,-1.364583333333357
876,2149.9456814240034,5.552083333333314
877,2151.8943700488558,-4.614583333333343
878,2153.8416577139974,7.135416666666657
879,2155.7882291712344,1.3854166666666572
880,2157.7334014654293,7.802083333333314
881,2159.677858843891,-1.4479166666666856
882,2161.6216017006795,1.135416666666643
883,2163.563265234873,7.802083333333314
884,2165.5055807307713,10.302083333333314
885,2167.4458186927113,7.468749999999986
886,2169.384662861363,-2.614583333333357
887,2171.324159166805,-1.6979166666666714
888,2173.261581116272,6.302083333333314
889,2175.1982927926656,-2.1979166666666714
890,2177.133613739824,0.9687499999999858
891,2179.068225693548,14.302083333333314
892,2181.001448695267,9.135416666666657
893,2182.934644079557,2.5520833333333144
894,2184.865092087539,4.718749999999986
895,2186.796872955402,11.218749999999986
896,2188.7259087155453,4.968749999999986
897,2190.65491840994,-1.8645833333333428
898,2192.5832228241165,11.718749999999986
899,2194.509465128281,5.468749999999986
900,2196.4350039170317,4.218749999999986
901,2198.359839575715,4.718749999999986
902,2200.283972489392,4.635416666666657
903,2202.206725424934,1.9687499999999858
904,2204.128099508426,7.635416666666657
905,2206.0494501123408,4.218749999999986
906,2207.9687462483184,8.135416666666657
907,2209.8880196706987,11.552083333333314
908,2211.8052408705116,10.968749999999986
909,2213.7224401207795,0.5520833333333286
910,2215.6382652813036,10.218749999999986
911,2217.554068762353,-0.3645833333333428
912,2219.4684994078398,7.718749999999986
913,2221.380883181757,1.7187499999999858
914,2223.2925717540124,4.718749999999986
915,2225.2035655036293,5.468749999999986
916,2227.113864809343,1.4687499999999858
917,2229.023470049626,4.968749999999986
918,2230.93103374597,1.1354166666666572
919,2232.8392524791766,-6.364583333333357
920,2234.7454314021097,7.718749999999986
921,2236.6502455530513,1.7187499999999858
922,2238.5543689915426,4.635416666666643
923,2240.4584748001516,18.385416666666657
924,2242.3605452334054,12.052083333333329
925,2244.2625987872075,9.968749999999986
926,2246.163291153471,9.135416666666643
927,2248.061951703958,18.968749999999986
928,2249.960596740273,16.052083333333314
929,2251.8578834128084,2.468749999999986
930,2253.7544838268936,-1.6979166666666856
931,2255.6503983547937,6.968749999999986
932,2257.545627368507,-0.6145833333333428
933,2259.43950096321,11.218749999999986
934,2261.3320202368413,3.885416666666657
935,2263.22385607865,3.218749999999986
936,2265.1136697570655,6.302083333333314
937,2267.00414032874,5.635416666666643
938,2268.893259510191,-3.364583333333343
939,2270.7816972212604,-0.5312500000000142
940,2272.6687852453247,0.052083333333328596
941,2274.5545246737615,2.5520833333333144
942,2276.4395847003534,7.135416666666643
943,2278.3232978291308,12.302083333333314
944,2280.207000393581,5.385416666666643
945,2282.0893572743034,3.385416666666643
946,2283.971036700287,4.718749999999986
947,2285.8513721350478,-1.7812500000000142
948,2287.7303646634455,11.135416666666657
949,2289.6086817919245,0.9687499999999858
950,2291.48632388458,-8.864583333333357
951,2293.3632913052375,2.718749999999986
952,2295.2382530077316,6.885416666666643
953,2297.1138726530257,3.8020833333333144
954,2298.986823034918,4.802083333333314
955,2300.8597666180385,1.9687499999999858
956,2302.7313735482526,0.9687499999999858
957,2304.6029739254423,-0.11458333333335702
958,2306.472574575462,0.9687499999999858
959,2308.342169393899,14.635416666666657
960,2310.2097666342524,3.968749999999986
961,2312.0766952026797,-0.4479166666666856
962,2313.942955458233,-6.697916666666671
963,2315.8078846745443,3.3020833333333286
964,2317.672809617737,-4.947916666666671
965,2319.535742101755,2.3020833333333286
966,2321.398008654099,-3.281250000000014
967,2323.2602717691625,7.968749999999986
968,2325.120545391538,0.9687499999999858
969,2326.9801546254544,-1.9479166666666714
970,2328.8384383985076,-1.864583333333357
971,2330.6967201589523,12.635416666666643
972,2332.5530166850845,3.135416666666643
973,2334.4086511876862,2.8020833333333286
974,2336.2642845058926,-7.864583333333357
975,2338.1185957880093,1.0520833333333286
976,2339.970926079607,-1.364583333333357
977,2341.822596703099,0.3020833333333286
978,2343.674267555236,-1.4479166666666856
979,2345.5246196644694,1.135416666666643
980,2347.3743131619526,0.385416666666643
981,2349.2226895587974,-5.114583333333343
982,2351.0704085155153,7.302083333333314
983,2352.91615363865,0.8020833333333286
984,2354.7612429587534,2.885416666666643
985,2356.606334729711,-3.114583333333357
986,2358.4501132582022,1.2187499999999858
987,2360.292579594143,6.552083333333329
988,2362.1350491941603,-0.1979166666666714
989,2363.9762077652736,5.635416666666643
990,2365.815399617171,10.385416666666657
991,2367.6545960092863,-2.281250000000014
992,2369.493140317858,10.052083333333314
993,2371.3310328896205,-8.447916666666671
994,2373.1669624567503,-0.364583333333357
995,2375.0022419089487,10.885416666666643
996,2376.8368715914644,5.218749999999986
997,2378.67019673828,2.468749999999986
998,2380.5028732687783,3.885416666666657
999,2382.334901527114,12.885416666666643
1000,2384.164973024659,-5.114583333333357
1001,2385.995052047911,4.218749999999986
1002,2387.82448429219,5.302083333333314
1003,2389.652616377456,7.718749999999986
1004,2391.4794493388317,6.552083333333314
1005,2393.305637471742,5.135416666666643
1006,2395.1311811175387,0.052083333333328596
1007,2396.9554278167425,-5.031250000000014
1008,2398.779031171294,0.9687499999999858
1009,2400.601991521462,8.385416666666643
1010,2402.423657096829,6.135416666666657
1011,2404.243377045574,4.302083333333314
1012,2406.063759689406,6.218749999999986
1013,2407.882849724335,3.8020833333333286
1014,2409.6999969843205,9.468749999999986
1015,2411.517807036311,2.218749999999986
1016,2413.333675905249,7.302083333333314
1017,2415.14890631328,1.0520833333333286
1018,2416.962848319844,2.5520833333333286
1019,2418.7761529955883,3.0520833333333286
1020,2420.5894704967745,-10.947916666666671
1021,2422.4008516977046,6.552083333333329
1022,2424.2122463950323,7.302083333333314
1023,2426.0217068309134,9.885416666666657
1024,2427.8298836151653,1.8020833333333286
1025,2429.637426445486,0.2187499999999858
1026,2431.4449841090545,-1.4479166666666856
1027,2433.2519080305606,12.218749999999986
1028,2435.0562545451044,7.385416666666657
1029,2436.861264890778,3.635416666666643
1030,2438.664995401262,12.552083333333314
1031,2440.4667997697006,0.2187499999999858
1032,2442.268620964471,-7.614583333333357
1033,2444.069164904534,3.218749999999986
1034,2445.8690792394023,4.552083333333329
1035,2447.6677178850787,0.2187499999999858
1036,2449.4670204140334,2.5520833333333144
1037,2451.263110025961,-3.4479166666666856
1038,2453.0592184426123,0.052083333333328596
1039,2454.8546998042993,-10.531250000000014
1040,2456.6495544393406,2.885416666666643
1041,2458.4431376146,-6.197916666666671
1042,2460.2360951692103,-6.947916666666671
1043,2462.027782818997,1.0520833333333286
1044,2463.8182015650145,-5.864583333333357
1045,2465.607996569618,3.5520833333333286
1046,2467.3971681586963,-4.031250000000014
1047,2469.1857166579093,7.135416666666643
1048,2470.972998902931,9.552083333333329
1049,2472.7590158907287,5.468749999999986
1050,2474.5450547015926,-6.114583333333357
1051,2476.329829351567,-1.6979166666666714
1052,2478.112698240118,2.218749999999986
1053,2479.8955901462873,4.218749999999986
1054,2481.6785047232265,3.8020833333333286
1055,2483.4588739218607,0.5520833333333286
1056,2485.239266882462,3.718749999999986
1057,2487.019041778327,-0.4479166666666714
1058,2488.796275158288,1.0520833333333144
1059,2490.5741745220694,-6.614583333333357
1060,2492.3508164171226,3.885416666666643
1061,2494.126842421604,5.635416666666657
1062,2495.900972117632,0.885416666666643
1063,2497.6751275978722,-0.03125000000001421
1064,2499.4486685907236,0.9687499999999858
1065,2501.220955711315,4.218749999999986
1066,2502.9919899427855,1.2187499999999858
1067,2504.762411528758,-0.7812500000000142
1068,2506.531581746511,3.635416666666643
1069,2508.300140396079,-3.114583333333357
1070,2510.067449195527,3.885416666666643
1071,2511.8354242586497,-3.281250000000014
1072,2513.600873789458,4.468749999999986
1073,2515.3657139003803,4.468749999999986
1074,2517.1299449069124,0.1354166666666572
1075,2518.893567124336,2.885416666666643
1076,2520.65594359015,3.885416666666643
1077,2522.417712336304,2.5520833333333286
1078,2524.178873677084,2.218749999999986
1079,2525.9381546889244,-0.1979166666666714
1080,2527.6974662001853,2.385416666666643
1081,2529.454899324957,-1.614583333333357
1082,2531.2129995363402,8.385416666666657
1083,2532.9685871200804,-0.864583333333357
1084,2534.7242064531288,4.052083333333314
1085,2536.4792218857515,11.468749999999986
1086,2538.232998642498,-7.447916666666671
1087,2539.985537689555,1.5520833333333286
1088,2541.7368399919787,-4.364583333333357
1089,2543.4888098122974,-0.5312500000000142
1090,2545.238909293303,-4.364583333333343
1091,2546.987774048599,3.0520833333333286
1092,2548.737306379387,-0.9479166666666714
1093,2550.4849710404533,-6.197916666666671
1094,2552.2314029897334,6.135416666666643
1095,2553.9766031867266,0.4687499999999858
1096,2555.7224713235205,2.968749999999986
1097,2557.4664756289726,-0.1979166666666714
1098,2559.2098826662195,6.468749999999986
1099,2560.952692742028,-0.1979166666666714
1100,2562.6936420733937,0.052083333333328596
1101,2564.4339959212184,2.468749999999986
1102,2566.1737545909696,1.5520833333333286
1103,2567.912918387909,12.552083333333329
1104,2569.6508564362093,8.135416666666643
1105,2571.388831618211,1.9687499999999858
1106,2573.1249513425064,-3.281250000000014
1107,2574.8604782745547,5.802083333333329
1108,2576.5947823987253,1.135416666666643
1109,2578.328494767738,7.718749999999986
1110,2580.0616156844035,1.0520833333333286
1111,2581.793515776887,8.135416666666657
1112,2583.525454911203,9.635416666666643
1113,2585.255545009802,4.968749999999986
1114,2586.9850457228317,5.468749999999986
1115,2588.712699717805,0.885416666666643
1116,2590.4410229911205,-2.531250000000014
1117,2592.168129392628,-3.031250000000014
1118,2593.893391689224,-4.114583333333357
1119,2595.619951269979,-1.2812500000000142
1120,2597.3440400248724,0.052083333333328596
1121,2599.0669152433225,3.885416666666643
1122,2600.789832506445,-4.364583333333357
1123,2602.5109101481653,3.5520833333333286
1124,2604.232657326148,0.635416666666643
1125,2605.9525663304853,9.552083333333329
1126,2607.671891675088,2.218749999999986
1127,2609.390007399532,-4.197916666666671
1128,2611.1075404829317,0.885416666666643
1129,2612.8244912216096,5.718749999999986
1130,2614.540234290887,1.0520833333333286
1131,2616.2553960314767,1.5520833333333144
1132,2617.96872634454,-0.03125000000001421
1133,2619.68272673723,11.718749999999986
1134,2621.3955219127556,4.968749999999986
1135,2623.1064882376836,6.135416666666657
1136,2624.816875976411,4.718749999999986
1137,2626.5266854223714,2.635416666666657
1138,2628.2365407981324,3.218749999999986
1139,2629.944570608741,15.385416666666643
1140,2631.651399919385,5.718749999999986
1141,2633.3582762486835,1.3020833333333286
1142,2635.0639530833223,-0.03125000000001421
1143,2636.7678084693225,-5.781250000000014
1144,2638.472957291942,-1.6979166666666714
1145,2640.1756632120205,2.885416666666643
1146,2641.877172903152,0.13541666666664298
1147,2643.5793533960828,0.13541666666664298
1148,2645.2797164126905,-0.9479166666666856
1149,2646.9795067360856,2.885416666666643
1150,2648.6781032466547,2.0520833333333144
1151,2650.3767492604807,1.0520833333333286
1152,2652.0735814668433,-7.364583333333357
1153,2653.769842971519,7.885416666666657
1154,2655.4661546355424,0.635416666666643
1155,2657.160655027105,3.0520833333333286
1156,2658.8539658409413,-8.031250000000014
1157,2660.547327884683,3.0520833333333286
1158,2662.2401210805047,-6.947916666666671
1159,2663.93048712024,1.385416666666643
1160,2665.6215247801883,5.968749999999986
1161,2667.3113757509354,-8.614583333333357
1162,2669.000040941194,2.635416666666643
1163,2670.6881399595472,3.635416666666643
1164,2672.3750545971448,5.802083333333314
1165,2674.06140404651,-10.114583333333357
1166,2675.747188591643,5.718749999999986
1167,2677.431790644026,5.968749999999986
1168,2679.115828773304,1.9687499999999858
1169,2680.798685803726,-2.4479166666666714
1170,2682.480979890223,6.552083333333314
1171,2684.1620942692375,1.635416666666643
1172,2685.842646681564,-10.197916666666671
1173,2687.522020775278,-0.9479166666666714
1174,2689.2008338776,1.1354166666666572
1175,2690.8797024914,3.885416666666657
1176,2692.55677823207,-5.864583333333357
1177,2694.2332942352773,-1.864583333333357
1178,2695.9086351761257,4.802083333333314
1179,2697.5834173503627,-5.031250000000014
1180,2699.2576410374822,1.2187499999999858
1181,2700.9306915272446,-1.364583333333357
1182,2702.6031844982363,5.802083333333314
1183,2704.2745056491995,7.718749999999986
1184,2705.944655872494,9.968749999999986
1185,2707.614250230398,0.7187499999999858
1186,2709.2839029668835,3.635416666666643
1187,2710.951158697379,-3.364583333333357
1188,2712.619700885471,-2.6979166666666856
1189,2714.285847846285,-0.9479166666666714
1190,2715.9514411426794,-4.864583333333357
1191,2717.6158681038232,3.218749999999986
1192,2719.279742359351,2.3020833333333144
1193,2720.9436767243337,6.052083333333329
1194,2722.6052215178347,3.635416666666643
1195,2724.2680516439013,-2.614583333333343
1196,2725.927882036808,18.218749999999986
1197,2727.5883857711,-1.0312500000000142
1198,2729.2471158046374,-3.6979166666666714
1199,2730.9052962713613,0.885416666666643
1200,2732.563538564007,-1.0312500000000142
1201,2734.2200095964963,4.052083333333329
1202,2735.875932285464,3.968749999999986
1203,2737.530696390138,-1.2812500000000142
1204,2739.184913099534,3.5520833333333144
1205,2740.838582685225,1.385416666666643
1206,2742.4904856034027,-3.4479166666666714
1207,2744.1430621589634,2.3020833333333286
1208,2745.793873395123,-1.864583333333357
1209,2747.4447487006532,-0.7812500000000142
1210,2749.093860435687,-1.8645833333333428
1211,2750.741818977787,2.8020833333333286
1212,2752.3898425996467,0.052083333333328596
1213,2754.036713968802,1.4687499999999858
1214,2755.6824339562604,-2.031250000000014
1215,2757.328219629039,0.8020833333333286
1216,2758.973462755965,-5.197916666666671
1217,2760.6169482098608,-5.197916666666671
1218,2762.2592849571884,-3.9479166666666714
1219,2763.9010811628855,-1.2812500000000142
1220,2765.5429441917354,-13.697916666666671
1221,2767.1830530164984,0.5520833333333286
1222,2768.8226224988543,6.218749999999986
1223,2770.4616529047985,-4.864583333333357
1224,2772.1001445001534,15.468749999999986
1225,2773.7368853491857,3.635416666666657
1226,2775.3730887151173,3.218749999999986
1227,2777.0093605654465,4.135416666666643
1228,2778.6444895603086,-0.11458333333335702
1229,2780.2778712552245,-0.364583333333357
1230,2781.9113224259804,3.468749999999986
1231,2783.5442378323373,2.385416666666643
1232,2785.1754083177284,0.385416666666643
1233,2786.806044358394,-5.114583333333357
1234,2788.4367505309133,-1.114583333333357
1235,2790.0657141558504,1.0520833333333286
1236,2791.6941445190696,4.052083333333329
1237,2793.3214381616685,7.468749999999986
1238,2794.9488029842737,1.5520833333333286
1239,2796.574428678364,-2.281250000000014
1240,2798.19952294601,7.635416666666643
1241,2799.824688979279,14.135416666666643
1242,2801.4481182439936,0.385416666666643
1243,2803.0710172572703,-6.114583333333357
1244,2804.6927839378955,1.2187499999999858
1245,2806.3146234240257,-0.2812500000000142
1246,2807.934127593693,-3.031250000000014
1247,2809.553705479652,8.302083333333329
1248,2811.172755196017,5.968749999999986
1249,2812.7906756417533,4.552083333333329
1250,2814.4086699897716,3.635416666666643
1251,2816.0249350075715,2.135416666666643
1252,2817.640673671042,6.885416666666643
1253,2819.255285660953,13.218749999999986
1254,2820.869972582341,0.635416666666643
1255,2822.4829335490213,-2.1979166666666714
1256,2824.0959699599275,0.885416666666643
1257,2825.7078818950713,5.885416666666643
1258,2827.3186701953455,12.385416666666643
1259,2828.928935106271,-1.864583333333357
1260,2830.538077672035,-3.9479166666666714
1261,2832.14669774756,5.718749999999986
1262,2833.7535979433405,9.218749999999986
1263,2835.3611741902614,1.4687499999999858
1264,2836.9682287095775,9.385416666666643
1265,2838.5735652765807,3.8020833333333286
1266,2840.1783813997117,0.4687499999999858
1267,2841.782079480357,-2.781250000000014
1268,2843.3846603524084,-1.5312500000000142
1269,2844.987319778013,2.8020833333333286
1270,2846.5894601577106,2.468749999999986
1271,2848.189887588155,-1.6979166666666714
1272,2849.790394134253,-5.614583333333357
1273,2851.3891893933837,-1.4479166666666714
1274,2852.987467771783,2.0520833333333286
1275,2854.5846332141286,-4.697916666666671
1276,2856.1812826621476,8.052083333333329
1277,2857.778012286623,4.968749999999986
1278,2859.373630303421,-1.614583333333357
1279,2860.9675420035255,1.135416666666643
1280,2862.5615348211563,6.635416666666643
1281,2864.1538229733414,10.802083333333329
1282,2865.7461927405084,1.7187499999999858
1283,2867.337454259011,-0.4479166666666714
1284,2868.929392081802,-5.864583333333357
1285,2870.5184389977708,7.135416666666657
1286,2872.107568520107,13.552083333333329
1287,2873.69618631964,9.968749999999986
1288,2875.2831050213204,8.718749999999986
1289,2876.8695132585763,-0.2812500000000142
1290,2878.4554112776664,8.385416666666643
1291,2880.0413925631124,-0.2812500000000142
1292,2881.625677645613,2.468749999999986
1293,2883.209453629061,2.0520833333333286
1294,2884.7921280920677,5.635416666666643
1295,2886.3737018507313,3.3020833333333286
1296,2887.955360293059,-3.6979166666666714
1297,2889.536510996837,3.968749999999986
1298,2891.1165623002853,1.385416666666643
1299,2892.6955150172903,5.468749999999986
1300,2894.2733699608175,3.635416666666657
1301,2895.850719280258,5.302083333333329
1302,2897.426972070722,-2.9479166666666714
1303,2899.0027201015923,3.468749999999986
1304,2900.5779636152884,-2.531250000000014
1305,2902.1532934343722,3.3020833333333286
1306,2903.726938060045,12.218749999999986
1307,2905.299489070225,6.968749999999986
1308,2906.8715372864003,0.5520833333333286
1309,2908.4424931243807,6.385416666666643
1310,2910.0129470273523,-4.197916666666671
1311,2911.5834886843318,-1.4479166666666714
1312,2913.1529392504303,1.3020833333333286
1313,2914.720710458505,0.7187499999999858
1314,2916.2879814448534,-4.697916666666671
1315,2917.8547524488417,10.718749999999986
1316,2919.4204352010215,9.135416666666643
1317,2920.9856188243834,2.885416666666643
1318,2922.5497154239365,6.135416666666643
1319,2924.1144896390665,1.7187499999999858
1320,2925.6770017893728,2.968749999999986
1321,2927.239016513184,3.218749999999986
1322,2928.800534047998,9.385416666666643
1323,2930.3609674331647,-1.364583333333357
1324,2931.9209044774634,6.635416666666643
1325,2933.4809322422384,10.052083333333329
1326,2935.0392904904134,13.885416666666643
1327,2936.5965670289706,4.635416666666643
1328,2938.153348918198,17.135416666666643
1329,2939.7090503144773,-1.2812500000000142
1330,2941.2642579046606,3.468749999999986
1331,2942.8189719238285,13.552083333333329
1332,2944.3726070853595,-1.2812500000000142
1333,2945.926334852879,7.385416666666643
1334,2947.478984603423,-1.0312500000000142
1335,2949.0299721631504,2.135416666666643
1336,2950.58046843712,-0.364583333333357
1337,2952.130473658724,0.13541666666664298
1338,2953.6805724704745,6.635416666666643
1339,2955.2284276533246,5.968749999999986
1340,2956.7763772621433,18.135416666666643
1341,2958.323253265422,-1.364583333333357
1342,2959.8696401196144,2.468749999999986
1343,2961.4155380566995,-0.364583333333357
1344,2962.9597807058917,3.885416666666657
1345,2964.503535638609,8.718749999999986
1346,2966.046220152785,1.635416666666643
1347,2967.5901660275213,1.385416666666643
1348,2969.1318764473504,-3.1979166666666714
1349,2970.6731004416333,0.885416666666643
1350,2972.212673845256,0.4687499999999858
1351,2973.7523440319205,2.885416666666643
1352,2975.2921106806066,0.7187499999999858
1353,2976.829065233985,-2.031250000000014
1354,2978.3666989053495,4.552083333333314
1355,2979.9038482622204,-8.031250000000014
1356,2981.4381891405383,3.135416666666657
1357,2982.974371286465,5.802083333333329
1358,2984.507746872846,-0.5312500000000142
1359,2986.041801620275,-0.7812500000000142
1360,2987.574213190213,-4.114583333333357
1361,2989.1073036457783,-2.281250000000014
1362,2990.638752108089,12.052083333333329
1363,2992.1685598974027,5.218749999999986
1364,2993.6978876101653,-7.114583333333343
1365,2995.2278943865235,14.385416666666643
1366,2996.7562622603405,-0.5312500000000142
1367,2998.2841507351955,-2.1979166666666714
1368,2999.8115600366077,3.718749999999986
1369,3001.3361754675684,0.2187499999999858
1370,3002.861470725067,0.13541666666664298
1371,3004.38744494594,-3.864583333333357
1372,3005.9094717712555,8.635416666666643
1373,3007.433334745139,4.802083333333314
1374,3008.9555649681392,1.7187499999999858
1375,3010.4784743273503,-1.114583333333357
1376,3011.9997521064415,-6.614583333333357
1377,3013.5193996125167,8.635416666666643
1378,3015.0385723570976,-0.2812500000000142
1379,3016.5572705626346,-3.1979166666666856
1380,3018.0754944514388,-2.9479166666666714
1381,3019.59324424568,-1.364583333333357
1382,3021.1093674020144,2.468749999999986
1383,3022.6250176271055,0.635416666666643
1384,3024.1401951422063,7.552083333333329
1385,3025.653748480949,0.2187499999999858
1386,3027.1679815983225,8.052083333333329
1387,3028.680591698652,-0.7812500000000142
1388,3030.192730689614,-2.6979166666666856
1389,3031.704398791268,0.4687499999999858
1390,3033.214446328292,-3.281250000000014
1391,3034.725173668905,-2.531250000000014
1392,3036.2342815996067,-2.9479166666666714
1393,3037.741771411926,5.802083333333329
1394,3039.2510897929155,-4.697916666666671
1395,3040.7576423845885,6.552083333333329
1396,3042.263727050231,3.3020833333333286
1397,3043.76934400781,4.802083333333329
1398,3045.2744934751586,-2.364583333333357
1399,3046.778028986432,-5.531250000000014
1400,3048.2810981542743,1.7187499999999858
1401,3049.7837011956144,-1.1979166666666714
1402,3051.2869839443915,1.135416666666643
1403,3052.787509765846,2.3020833333333286
1404,3054.288715727926,2.385416666666643
1405,3055.787167324626,4.468749999999986
1406,3057.286299493616,-0.1979166666666714
1407,3058.7838236987673,-7.031250000000014
1408,3060.2820281985387,3.968749999999986
1409,3061.779769009628,-2.281250000000014
1410,3063.274760780816,-2.6979166666666714
1411,3064.770433137124,-7.697916666666671
1412,3066.265643156222,1.2187499999999858
1413,3067.7592493281686,3.5520833333333286
1414,3069.2512529247356,-1.0312500000000142
1415,3070.745078275596,3.635416666666643
1416,3072.237301478116,6.218749999999986
1417,3073.7279238022,1.5520833333333286
1418,3075.218086479953,3.5520833333333286
1419,3076.7077897239474,0.2187499999999858
1420,3078.197033746622,8.135416666666643
1421,3079.685818760285,-9.947916666666671
1422,3081.1730064177723,0.9687499999999858
1423,3082.6597361917807,-0.11458333333335702
1424,3084.1448704350028,1.385416666666643
1425,3085.6306854264117,-2.364583333333357
1426,3087.1149060093067,0.13541666666664298
1427,3088.598670252982,7.885416666666643
1428,3090.080841907869,-3.114583333333357
1429,3091.5636944535386,-10.697916666666671
1430,3093.046091290721,8.718749999999986
1431,3094.528032629455,-3.864583333333357
1432,3096.0072485511846,0.052083333333328596
1433,3097.4871455039083,0.885416666666643
1434,3098.965453915847,-6.447916666666671
1435,3100.4444430801964,-13.697916666666671
1436,3101.9218448172333,8.218749999999986
1437,3103.398793703317,3.8020833333333286
1438,3104.874156968755,-1.114583333333357
1439,3106.3490684934927,1.3020833333333286
1440,3107.823528484977,-0.1979166666666714
1441,3109.2975371505268,1.2187499999999858
1442,3110.769963105758,8.135416666666643
1443,3112.2430700871287,3.0520833333333286
1444,3113.7157263636004,3.135416666666643
1445,3115.186801588396,0.13541666666664298
1446,3116.656297004706,9.052083333333329
1447,3118.12647358066,0.5520833333333286
1448,3119.5950714502715,-4.364583333333357
1449,3121.06435020058,-7.947916666666671
1450,3122.5309225168317,-0.03125000000001421
1451,3123.9970476395747,2.718749999999986
1452,3125.4638539138377,4.552083333333329
1453,3126.9290849191,1.3020833333333286
1454,3128.3938693441632,0.9687499999999858
1455,3129.857080283771,-4.281250000000014
1456,3131.3198457378535,5.802083333333329
1457,3132.7821659098263,-9.697916666666671
1458,3134.246293163656,2.0520833333333286
1459,3135.706596958293,2.135416666666643
1460,3137.166456765385,9.968749999999986
1461,3138.625872787383,-4.364583333333357
1462,3140.0848452266164,5.218749999999986
1463,3141.544498654811,7.718749999999986
1464,3143.0014601654952,2.385416666666643
1465,3144.4579793824837,1.3020833333333286
1466,3145.9140565071466,-1.5312500000000142
1467,3147.369691740733,1.0520833333333286
1468,3148.8248852843717,8.385416666666643
1469,3150.2785150153427,8.302083333333329
1470,3151.73058215501,2.218749999999986
1471,3153.1844528551524,0.052083333333328596
1472,3154.6378826681735,0.4687499999999858
1473,3156.088629866829,7.802083333333329
1474,3157.537817312452,3.5520833333333286
1475,3158.9888070793745,-2.781250000000014
1476,3160.437117544948,-1.364583333333357
1477,3161.887229373963,0.2187499999999858
1478,3163.3346636553065,11.718749999999986
1479,3164.7816604809163,-1.1145833333333428
1480,3166.2271014557505,-0.9479166666666714
1481,3167.6732243025776,5.052083333333329
1482,3169.117792370164,3.718749999999986
1483,3170.563042029788,-3.6979166666666714
1484,3172.0056207373564,-3.531250000000014
1485,3173.449998337732,-2.531250000000014
1486,3174.8917067289826,6.302083333333329
1487,3176.3329805938997,-4.031250000000014
1488,3177.7738201289017,0.9687499999999858
1489,3179.213109969817,-2.781250000000014
1490,3180.6530817698163,-0.03125000000001421
1491,3182.0926198282928,6.718749999999986
1492,3183.5306097881503,4.718749999999986
1493,3184.968167069184,8.885416666666643
1494,3186.4041779838662,-0.9479166666666714
1495,3187.8408708279294,-1.864583333333357
1496,3189.2749051519118,-3.781250000000014
1497,3190.709621794292,-2.031250000000014
1498,3192.1439074013942,-3.781250000000014
1499,3193.577762167433,3.218749999999986
1500,3195.0100744098386,-2.614583333333357
1501,3196.4419568667413,7.302083333333329
1502,3197.872298521698,12.885416666666643
1503,3199.3033223210364,0.2187499999999858
1504,3200.7339169146217,-0.11458333333335702
1505,3202.16297228488,4.135416666666643
1506,3203.591599500868,6.302083333333329
1507,3205.018689209126,-2.1979166666666714
1508,3206.4453518121186,5.052083333333329
1509,3207.871587501559,3.385416666666643
1510,3209.296287918623,6.385416666666643
1511,3210.7216706872227,-1.864583333333357
1512,3212.1466271165627,10.885416666666643
1513,3213.5711573978947,-3.1979166666666714
1514,3214.9930472717465,1.7187499999999858
1515,3216.415619597678,1.135416666666643
1516,3217.8366604454814,4.718749999999986
1517,3219.257277230496,5.302083333333329
1518,3220.678576046621,5.052083333333329
1519,3222.0972393712145,8.802083333333329
1520,3223.516585106165,-6.364583333333357
1521,3224.9344026217054,4.052083333333329
1522,3226.3517976809435,6.635416666666643
1523,3227.768770472665,-13.197916666666671
1524,3229.1853211855446,3.718749999999986
1525,3230.5992428089694,1.385416666666643
1526,3232.014950586956,8.468749999999986
1527,3233.429133908259,-4.697916666666686
1528,3234.8428965603753,-0.364583333333357
1529,3236.2551364438073,-4.197916666666671
1530,3237.666956688571,-2.864583333333357
1531,3239.0783574816796,-1.5312500000000142
1532,3240.4893390100337,-1.1979166666666714
1533,3241.899901460422,-1.0312500000000142
1534,3243.3089443682065,3.5520833333333286
1535,3244.7175692245874,1.9687499999999858
1536,3246.125776215586,-3.031250000000014
1537,3247.532465854694,0.13541666666664298
1538,3248.938738652065,3.468749999999986
1539,3250.344594792954,1.135416666666643
1540,3251.750034462507,-7.697916666666671
1541,3253.15615621569,-0.864583333333357
1542,3254.55966512764,-6.281250000000014
1543,3255.961661053099,0.2187499999999858
1544,3257.3643399411776,5.052083333333329
1545,3258.7655068600984,-3.4479166666666714
1546,3260.1684532069803,-3.9479166666666714
1547,3261.568791530406,0.9687499999999858
1548,3262.9687161555707,3.5520833333333286
1549,3264.3671314908506,4.468749999999986
1550,3265.7662295928862,2.3020833333333286
1551,3267.1638194179777,1.0520833333333286
1552,3268.560996923591,-0.7812500000000142
1553,3269.9566678097835,14.218749999999986
1554,3271.353021546429,1.0520833333333286
1555,3272.7489635104453,-4.114583333333357
1556,3274.143400369215,-1.364583333333357
1557,3275.5374264639267,3.885416666666643
1558,3276.931041976054,3.218749999999986
1559,3278.323154537839,-5.031250000000014
1560,3279.715949750458,-8.281250000000014
1561,3281.106151111524,6.218749999999986
1562,3282.495943899227,6.885416666666643
1563,3283.88641955846,7.552083333333329
1564,3285.275395419,-3.1979166666666714
1565,3286.66396324627,5.302083333333329
1566,3288.052123220042,9.968749999999986
1567,3289.4387855367313,-0.4479166666666714
1568,3290.8239513352482,4.552083333333329
1569,3292.2119791296213,8.302083333333329
1570,3293.597421100456,4.718749999999986
1571,3294.9813680488046,-0.03125000000001421
1572,3296.364909496541,7.885416666666643
1573,3297.74804562186,-0.7812500000000142
1574,3299.13186435132,-0.864583333333357
1575,3300.5131026174904,3.635416666666643
1576,3301.8939367319053,-1.9479166666666714
1577,3303.274366871923,-0.7812500000000142
1578,3304.654393214795,-1.1979166666666714
1579,3306.034015937673,2.218749999999986
1580,3307.411063535813,-9.614583333333357
1581,3308.788794660853,-1.614583333333357
1582,3310.168293744058,8.718749999999986
1583,3311.5441346119005,6.385416666666643
1584,3312.919574010849,2.468749999999986
1585,3314.2946121165996,-11.447916666666671
1586,3315.669249104745,6.302083333333329
1587,3317.0434851507794,-4.364583333333357
1588,3318.4173204300905,8.135416666666643
1589,3319.789672125373,8.635416666666643
1590,3321.1616240355884,9.135416666666643
1591,3322.533176335407,6.552083333333329
1592,3323.904329199394,3.218749999999986
1593,3325.272919338173,-0.864583333333357
1594,3326.6421930662527,2.135416666666643
1595,3328.0110685106292,0.5520833333333286
1596,3329.380626633505,3.218749999999986
1597,3330.747625243173,0.13541666666664298
1598,3332.114226718211,1.2187499999999858
1599,3333.4804312316564,5.135416666666643
1600,3334.8451594232074,2.885416666666643
1601,3336.210570845635,0.885416666666643
1602,3337.5745069181403,4.885416666666643
1603,3338.938047346186,3.135416666666643
1604,3340.3011923018953,5.885416666666643
1605,3341.6628639887695,-2.614583333333357
1606,3343.0241411720785,0.9687499999999858
1607,3344.3850240232423,1.5520833333333286
1608,3345.7444356812584,-0.364583333333357
1609,3347.1045306938704,-5.947916666666671
1610,3348.4642318878605,-5.364583333333357
1611,3349.8224633369177,0.7187499999999858
1612,3351.179226145644,7.885416666666643
1613,3352.536672368261,7.802083333333329
1614,3353.8926509129556,-3.031250000000014
1615,3355.249312589875,-1.4479166666666714
1616,3356.6045075503444,0.9687499999999858
1617,3357.9582368953124,0.385416666666643
1618,3359.3126495709275,-0.864583333333357
1619,3360.664523976314,6.552083333333329
1620,3362.017082050294,5.052083333333329
1621,3363.3681770438293,12.802083333333329
1622,3364.7188827387545,5.135416666666643
1623,3366.069199303302,3.718749999999986
1624,3367.420198973138,-2.364583333333357
1625,3368.7697374724935,-4.864583333333357
1626,3370.1188873457186,0.385416666666643
1627,3371.4665776189613,6.052083333333329
1628,3372.812809384273,2.385416666666643
1629,3374.1607953104253,4.718749999999986
1630,3375.5062528450176,-8.531250000000014
1631,3376.8513238221444,1.4687499999999858
1632,3378.197078011631,10.302083333333329
1633,3379.54030677018,-1.5312500000000142
1634,3380.883150084685,0.885416666666643
1635,3382.2266768035934,11.718749999999986
1636,3383.567681045004,14.635416666666643
1637,3384.909369022297,-2.114583333333357
1638,3386.2517399818116,8.885416666666643
1639,3387.590523341753,2.468749999999986
1640,3388.9310577782385,-3.364583333333357
1641,3390.2690742380623,-5.031250000000014
1642,3391.607774340872,2.385416666666643
1643,3392.9460910997877,-7.781250000000014
1644,3394.282958749409,19.135416666666643
1645,3395.6194439943206,-0.2812500000000142
1646,3396.9544816779326,-0.11458333333335702
1647,3398.2902029101174,5.218749999999986
1648,3399.6244775175655,4.718749999999986
1649,3400.958370984306,6.968749999999986
1650,3402.2908193697103,5.468749999999986
1651,3403.622887548361,5.718749999999986
1652,3404.9556391797873,1.8020833333333286
1653,3406.2880103228385,16.135416666666643
1654,3407.6178753606814,-4.031250000000014
1655,3408.9484240354104,3.5520833333333286
1656,3410.276468747551,3.8020833333333286
1657,3411.6062594022137,0.3020833333333286
1658,3412.9346093079093,-0.2812500000000142
1659,3414.2615195337094,1.7187499999999858
1660,3415.588052222392,3.385416666666643
1661,3416.9142075350615,-6.614583333333357
1662,3418.2399856327297,1.9687499999999858
1663,3419.56538667632,0.13541666666664298
1664,3420.888291088966,-3.1979166666666714
1665,3422.2129391094372,-0.1979166666666714
1666,3423.5361512910945,5.718749999999986
1667,3424.858987663075,-0.614583333333357
1668,3426.179331054391,8.552083333333329
1669,3427.5003585229756,9.468749999999986
1670,3428.82206932736,-0.11458333333335702
1671,3430.142347196645,-0.6979166666666714
1672,3431.4611931903773,-0.864583333333357
1673,3432.7807226978384,-0.2812500000000142
1674,3434.097764381201,-2.114583333333357
1675,3435.4144333287413,3.0520833333333286
1676,3436.731785966715,-1.5312500000000142
1677,3438.047709618322,11.468749999999986
1678,3439.363261008595,9.885416666666643
1679,3440.678440295475,2.385416666666643
1680,3441.993247636812,-1.7812500000000142
1681,3443.305573639792,-6.197916666666671
1682,3444.618583682181,4.635416666666643
1683,3445.9312228476947,5.052083333333329
1684,3447.243491293448,-0.03125000000001421
1685,3448.554335591889,7.635416666666643
1686,3449.8648100792016,1.9687499999999858
1687,3451.1749149118577,0.052083333333328596
1688,3452.4846502462433,3.3020833333333286
1689,3453.791911444972,3.8020833333333286
1690,3455.1009088450364,-9.197916666666671
1691,3456.407433607159,-3.364583333333357
1692,3457.7135906803023,1.7187499999999858
1693,3459.021482644022,-4.864583333333357
1694,3460.3269042132333,-0.9479166666666714
1695,3461.630907938316,2.885416666666643
1696,3462.935595511122,3.968749999999986
1697,3464.238866140054,3.135416666666643
1698,3465.5428203353335,-5.031250000000014
1699,3466.8443090459086,5.968749999999986
1700,3468.146481631337,-1.7812500000000142
1701,3469.44723965952,-0.364583333333357
1702,3470.7476327243676,-8.031250000000014
1703,3472.0476609794578,-6.197916666666671
1704,3473.346276609356,0.4687499999999858
1705,3474.644528323944,2.5520833333333286
1706,3475.9424162761734,0.7187499999999858
1707,3477.2409877072378,6.052083333333329
1708,3478.537101504924,0.9687499999999858
1709,3479.833899086919,-1.864583333333357
1710,3481.129287308416,-11.781250000000014
1711,3482.4243131166177,-9.614583333333357
1712,3483.7200222874344,-5.697916666666671
1713,3485.0132781013153,-5.614583333333357
1714,3486.3061725423586,8.135416666666643
1715,3487.598705762009,2.385416666666643
1716,3488.88983345584,-2.031250000000014
1717,3490.1816449784133,-4.281250000000014
1718,3491.4720518605714,-7.447916666666671
1719,3492.7620987088458,3.468749999999986
1720,3494.0507423832632,5.468749999999986
1721,3495.3411129062883,3.218749999999986
1722,3496.629037847736,1.8020833333333286
1723,3497.915561520164,11.385416666666643
1724,3499.2027692009337,-12.614583333333357
1725,3500.4896183309042,-4.864583333333357
1726,3501.7750675119096,1.5520833333333286
1727,3503.06015902142,0.4687499999999858
1728,3504.3448930086943,-2.031250000000014
1729,3505.629269622912,-4.364583333333357
1730,3506.9122486233987,1.135416666666643
1731,3508.1938310263745,-0.364583333333357
1732,3509.4760974712194,1.7187499999999858
1733,3510.7580077164157,-3.6979166666666714
1734,3512.038522675684,-0.2812500000000142
1735,3513.3186823089663,9.218749999999986
1736,3514.5984867641423,-0.1979166666666714
1737,3515.877936189005,-7.697916666666671
1738,3517.1559926490468,-0.364583333333357
1739,3518.433694949635,6.468749999999986
1740,3519.712080745016,1.885416666666643
1741,3520.9880376611272,-3.614583333333357
1742,3522.2636414335607,2.635416666666643
1743,3523.538892208904,-2.614583333333357
1744,3524.8137901336645,-0.11458333333335702
1745,3526.0883353542667,3.135416666666643
1746,3527.360456445156,3.718749999999986
1747,3528.634297269305,0.2187499999999858
1748,3529.907785827851,-4.781250000000014
1749,3531.1788524120752,0.4687499999999858
1750,3532.450602808174,-0.11458333333335702
1751,3533.7199332356977,-0.5312500000000142
1752,3534.9899477654776,1.885416666666643
1753,3536.2585781147527,-4.447916666666671
1754,3537.527892285545,-2.864583333333357
1755,3538.7958231355856,-1.2812500000000142
1756,3540.0634045952875,-4.197916666666671
1757,3541.330636809047,3.385416666666643
1758,3542.59751992118,0.7187499999999858
1759,3543.861989919433,2.8020833333333286
1760,3545.1271440350247,0.13541666666664298
1761,3546.3909185384823,4.718749999999986
1762,3547.6564081056385,-2.531250000000014
1763,3548.9194874045456,-2.1979166666666714
1764,3550.1822195995696,-2.781250000000014
1765,3551.443574456673,5.885416666666643
1766,3552.7045830618217,-9.114583333333357
1767,3553.9673051804525,-0.4479166666666714
1768,3555.2276211440817,1.0520833333333286
1769,3556.486562037161,5.385416666666643
1770,3557.7461867768798,-12.031250000000014
1771,3559.004437294867,-2.531250000000014
1772,3560.2623429791934,0.7187499999999858
1773,3561.5188758531717,-1.1979166666666714
1774,3562.776092576979,-2.864583333333357
1775,3564.0319373365523,-0.9479166666666714
1776,3565.2884656657047,-2.4479166666666714
1777,3566.542595882828,2.385416666666643
1778,3567.7974099516127,2.968749999999986
1779,3569.050854307224,0.635416666666643
1780,3570.3039560833045,-1.114583333333357
1781,3571.556715420279,-6.281250000000014
1782,3572.809132458498,4.802083333333329
1783,3574.0601820278453,-1.2812500000000142
1784,3575.3108901387895,3.885416666666643
1785,3576.5602321800266,2.218749999999986
1786,3577.8102580730165,-1.114583333333357
1787,3579.0589187343585,-1.1979166666666714
1788,3580.3072390543402,12.968749999999986
1789,3581.554195537798,-6.781250000000014
1790,3582.8028592266605,7.552083333333329
1791,3584.0491362804487,1.5520833333333286
1792,3585.294051307719,-2.364583333333357
1793,3586.5396503220118,1.635416666666643
1794,3587.7849103849235,0.385416666666643
1795,3589.0298316347894,1.385416666666643
1796,3590.272370837845,-2.9479166666666714
1797,3591.5166154320946,-2.9479166666666714
1798,3592.758479366013,7.468749999999986
1799,3594.0000061489764,3.3020833333333286
1800,3595.241195918264,2.135416666666643
1801,3596.4820488110836,-5.031250000000014
1802,3597.721544941565,-10.614583333333357
1803,3598.9617247695173,-6.031250000000014
1804,3600.2005486622284,0.2187499999999858
1805,3601.439036779267,0.385416666666643
1806,3602.676170339564,-6.114583333333357
1807,3603.913987590751,3.968749999999986
1808,3605.149432743696,-2.281250000000014
1809,3606.386579949831,-5.197916666666671
1810,3607.622374247093,-0.03125000000001421
1811,3608.856816597817,5.552083333333329
1812,3610.09092522751,-0.5312500000000142
1813,3611.3236832818393,5.468749999999986
1814,3612.557125150166,4.635416666666643
1815,3613.7892172627644,-8.531250000000014
1816,3615.0209767440306,0.2187499999999858
1817,3616.2524037286503,-7.364583333333357
1818,3617.483498351233,3.468749999999986
1819,3618.714260746318,4.718749999999986
1820,3619.94266090881,-3.6979166666666714
1821,3621.171745003619,-0.5312500000000142
1822,3622.3994832981116,-6.197916666666671
1823,3623.6289194952237,10.885416666666643
1824,3624.8559961834453,-1.5312500000000142
1825,3626.0827425420043,1.0520833333333286
1826,3627.30814527349,-3.864583333333357
1827,3628.533218487204,4.052083333333329
1828,3629.757962316042,6.802083333333329
1829,3630.982376892828,4.468749999999986
1830,3632.205450008647,0.5520833333333286
1831,3633.4302188211873,-1.1979166666666714
1832,3634.652634640393,-9.114583333333357
1833,3635.87371075532,1.885416666666643
1834,3637.095470622151,-7.781250000000014
1835,3638.3158915914814,4.885416666666643
1836,3639.535985321249,6.135416666666643
1837,3640.7557519430534,-4.781250000000014
1838,3641.9751915884244,-2.1979166666666714
1839,3643.193294488609,2.885416666666643
1840,3644.4110712162383,-1.614583333333357
1841,3645.628521902304,2.218749999999986
1842,3646.8456466777284,-5.281250000000014
1843,3648.061436853891,2.0520833333333286
1844,3649.2769019207603,1.8020833333333286
1845,3650.493050288813,-8.197916666666671
1846,3651.706857248099,-1.614583333333357
1847,3652.920340027773,4.302083333333329
1848,3654.1334987576865,3.968749999999986
1849,3655.3463335676247,2.8020833333333286
1850,3656.558844587304,6.968749999999986
1851,3657.7710319463695,1.7187499999999858
1852,3658.980882979757,4.552083333333329
1853,3660.191417814259,4.052083333333329
1854,3661.400624052017,-5.864583333333357
1855,3662.610513812404,-1.614583333333357
1856,3663.819075769867,-0.03125000000001421
1857,3665.0263108563504,-6.614583333333357
1858,3666.234229583443,7.635416666666643
1859,3667.4418267541714,-1.9479166666666714
1860,3668.6480982413404,3.3020833333333286
1861,3669.8540489631223,1.8020833333333286
1862,3671.0586753255952,-2.781250000000014
1863,3672.2639851671347,-6.364583333333357
1864,3673.4679714382128,-5.781250000000014
1865,3674.671637988084,-5.781250000000014
1866,3675.8739822879734,4.802083333333329
1867,3677.077010043544,-3.531250000000014
1868,3678.2787163355088,-3.281250000000014
1869,3679.480103946797,-1.2812500000000142
1870,3680.6801714112016,-1.2812500000000142
1871,3681.8799209791896,-2.1979166666666714
1872,3683.079352777059,6.218749999999986
1873,3684.2794677284064,1.635416666666643
1874,3685.477263567306,11.968749999999986
1875,3686.6757428119467,1.9687499999999858
1876,3687.872904788058,-1.6979166666666714
1877,3689.0687504149564,-2.781250000000014
1878,3690.2662790343516,0.635416666666643
1879,3691.4614923455124,-2.364583333333357
1880,3692.6553910043467,4.635416666666643
1881,3693.8499732925884,7.635416666666643
1882,3695.0442401248984,2.135416666666643
1883,3696.237193470689,-7.947916666666671
1884,3697.4288342446666,6.552083333333329
1885,3698.62215624873,-8.114583333333357
1886,3699.8131685636768,-1.1979166666666714
1887,3701.0048642017537,3.0520833333333286
1888,3702.1952488173442,-2.9479166666666714
1889,3703.385319900593,0.8020833333333286
1890,3704.574081259492,-1.2812500000000142
1891,3705.7635259118874,-6.697916666666671
1892,3706.9516616116803,0.13541666666664298
1893,3708.1394847980814,3.8020833333333286
1894,3709.3260003263363,8.718749999999986
1895,3710.5131991174408,-1.6979166666666714
1896,3711.6980962745533,0.2187499999999858
1897,3712.8836769401414,-6.531250000000014
1898,3714.0679520073927,-0.7812500000000142
1899,3715.2519163438374,4.468749999999986
1900,3716.4355700717556,-6.447916666666671
1901,3717.6199067540906,-1.9479166666666714
1902,3718.8029393709926,-2.864583333333357
1903,3719.9836759061986,1.385416666666643
1904,3721.1660886818454,0.052083333333328596
1905,3722.3462066598327,4.468749999999986
1906,3723.52700794131,2.968749999999986
1907,3724.707499987948,3.135416666666643
1908,3725.8866913005786,2.968749999999986
1909,3727.064582778765,1.2187499999999858
1910,3728.243157525733,-3.4479166666666714
1911,3729.4204331983983,0.052083333333328596
1912,3730.596410694259,3.5520833333333286
1913,3731.773071561724,-0.03125000000001421
1914,3732.950415144974,5.385416666666643
1915,3734.1244815542364,-6.197916666666671
1916,3735.300220987283,6.802083333333329
1917,3736.4736748453265,-4.947916666666671
1918,3737.6468228653366,-1.864583333333357
1919,3738.819665166865,7.968749999999986
1920,3739.9931903886345,9.468749999999986
1921,3741.1654213540783,2.635416666666643
1922,3742.336358955124,-0.864583333333357
1923,3743.5069918297895,-1.614583333333357
1924,3744.677320097014,7.052083333333329
1925,3745.8473438756723,9.885416666666643
1926,3747.015089330959,3.385416666666643
1927,3748.1845050022725,-2.114583333333357
1928,3749.353616541078,5.302083333333329
1929,3750.520451651128,10.635416666666643
1930,3751.6869838906096,-3.9479166666666714
1931,3752.8532133774283,-3.364583333333357
1932,3754.019140229431,7.968749999999986
1933,3755.185749748668,5.968749999999986
1934,3756.350086500063,3.5520833333333286
1935,3757.5141214806395,7.135416666666643
1936,3758.6768703892,9.552083333333329
1937,3759.840302435044,4.635416666666643
1938,3761.0024491529985,6.885416666666643
1939,3762.1642950783853,0.2187499999999858
1940,3763.32584032797,2.385416666666643
1941,3764.486101873176,-2.781250000000014
1942,3765.648029266487,6.802083333333329
1943,3766.8076905519583,3.218749999999986
1944,3767.967052136163,-2.114583333333357
1945,3769.12513200614,-1.6979166666666714
1946,3770.282912914385,-5.031250000000014
1947,3771.441376598831,-0.6979166666666714
1948,3772.5985596774817,2.218749999999986
1949,3773.7544630259504,6.552083333333329
1950,3774.91006838148,-8.697916666666671
1951,3776.0653758592916,-1.364583333333357
1952,3777.2203855745456,-3.781250000000014
1953,3778.375097642342,-3.9479166666666714
1954,3779.528532325486,12.552083333333329
1955,3780.6806904956006,-1.6979166666666714
1956,3781.8345110680266,0.3020833333333286
1957,3782.9860762605244,4.385416666666643
1958,3784.138324231966,5.135416666666643
1959,3785.289297156118,13.468749999999986
1960,3786.4389959019154,5.968749999999986
1961,3787.5893775173563,3.218749999999986
1962,3788.7384856848994,-0.6979166666666714
1963,3789.887298859452,1.0520833333333286
1964,3791.035817154591,-4.697916666666671
1965,3792.1840406838387,7.385416666666643
1966,3793.3300158894417,-2.614583333333357
1967,3794.4776507284814,-1.2812500000000142
1968,3795.6230384718815,-9.364583333333357
1969,3796.769108988554,5.968749999999986
1970,3797.9148858061344,6.468749999999986
1971,3799.0593934526687,4.968749999999986
1972,3800.202632790131,2.0520833333333286
1973,3801.3455797653655,4.802083333333329
1974,3802.4892093271214,-8.781250000000014
1975,3803.63157166503,-7.197916666666671
1976,3804.7736419770395,2.635416666666643
1977,3805.9134721963965,-10.031250000000014
1978,3807.054959290298,-1.1979166666666714
1979,3808.1942075097922,3.5520833333333286
1980,3809.3341384886226,-8.614583333333357
1981,3810.4737784974923,4.718749999999986
1982,3811.612154800754,1.4687499999999858
1983,3812.750240853054,8.802083333333329
1984,3813.887064414101,-3.9479166666666714
1985,3815.0245705452417,0.3020833333333286
1986,3816.1608149022277,0.635416666666643
1987,3817.295798338201,-2.1979166666666714
1988,3818.4314644283536,1.2187499999999858
1989,3819.566841426992,-9.197916666666671
1990,3820.700958577348,1.635416666666643
1991,3821.8347873507896,8.135416666666643
1992,3822.9683278572925,7.302083333333329
1993,3824.1006100796953,-2.4479166666666714
1994,3825.2316348669365,11.468749999999986
1995,3826.3633423366778,2.218749999999986
1996,3827.494762471095,8.635416666666643
1997,3828.62492623697,3.468749999999986
1998,3829.754803378055,1.0520833333333286
1999,3830.8843940033717,0.13541666666664298
2000,3832.013698221889,2.0520833333333286
2001,3833.1417479822044,0.13541666666664298
2002,3834.2695120440785,-4.697916666666671
2003,3835.396990516035,8.968749999999986
2004,3836.524183506544,3.968749999999986
2005,3837.649156763139,8.468749999999986
2006,3838.7748126696306,0.2187499999999858
2007,3839.9001839088005,8.052083333333329
2008,3841.024304141403,-1.614583333333357
2009,3842.148140411017,-0.364583333333357
2010,3843.2716928252253,9.968749999999986
2011,3844.394961491558,7.885416666666643
2012,3845.5179465174906,3.385416666666643
2013,3846.6396827826825,-12.697916666666671
2014,3847.7601711248435,3.5520833333333286
2015,3848.8813418634054,3.135416666666643
2016,3850.0022298773843,-2.114583333333357
2017,3851.1218710187627,0.3020833333333286
2018,3852.240266123023,0.13541666666664298
2019,3853.359343564056,4.218749999999986
2020,3854.4771756661703,-4.447916666666671
2021,3855.5947265478135,-1.7812500000000142
2022,3856.7119963150944,5.135416666666643
2023,3857.828022273713,0.13541666666664298
2024,3858.943767814044,-3.781250000000014
2025,3860.060195358401,0.635416666666643
2026,3861.175380137406,-4.114583333333357
2027,3862.2893229817914,0.385416666666643
2028,3863.4039479051908,-3.6979166666666714
2029,3864.516370236916,12.468749999999986
2030,3865.630435967557,6.802083333333329
2031,3866.7432611500362,3.635416666666643
2032,3867.854846612561,-0.864583333333357
2033,3868.966153569202,0.885416666666643
2034,3870.076221978108,4.968749999999986
2035,3871.1860125711582,-4.114583333333357
2036,3872.2955254526314,-3.4479166666666714
2037,3873.405720152695,3.468749999999986
2038,3874.5137184977084,1.8020833333333286
2039,3875.6223988696115,5.302083333333329
2040,3876.729843240149,-3.4479166666666714
2041,3877.8370108989993,0.885416666666643
2042,3878.9429437222425,-8.531250000000014
2043,3880.0486005196417,2.8020833333333286
2044,3881.1558968931527,-3.6979166666666714
2045,3882.2610014708557,5.635416666666643
2046,3883.3639157897755,0.385416666666643
