,Rshift,20241220_103000_689
0,-27.28431624923972,-8.749583333333248
1,-24.137810440559743,0.017083333333175688
2,-20.992855305911224,-2.0162499999996726
3,-17.849449699264277,23.79208333333372
4,-14.709577990190768,-15.907916666667006
5,-11.570259296931825,17.017083333333176
6,-8.432485724277697,30.842083333332994
7,-5.297247424298958,8.792083333333721
8,-2.163550990117585,44.017083333333176
9,0.9686047153885033,-13.641249999999673
10,4.098230996806874,-8.657916666667006
11,7.226319793020991,-14.741250000000036
12,10.351883377225125,-7.199583333333976
13,13.47690108550667,3.7670833333331757
14,16.599396813964887,0.8254166666665697
15,19.71937314585023,39.60875000000033
16,22.838806501711186,229.92541666666602
17,25.95572368194708,226.00874999999996
18,29.070127261761424,237.38374999999996
19,32.18399075351902,175.4004166666664
20,35.29534385461391,215.717083333333
21,38.40517363784589,149.07541666666657
22,41.51249719788232,190.05041666666602
23,44.61928418112446,169.092083333333
24,47.72258507542738,196.37541666666675
25,50.82535162225085,162.61708333333354
26,53.926601392168415,199.73375000000033
27,57.02437225535298,153.87541666666675
28,60.12063048208482,125.15875000000051
29,63.215377180019566,145.74208333333354
30,66.30959363994587,123.17541666666602
31,69.40034041471665,176.7754166666664
32,72.48860070466732,176.37541666666675
33,75.57731329740307,159.8504166666662
34,78.66256333475965,117.25041666666675
35,81.74631037256418,169.95041666666657
36,84.82855550884238,154.67541666666602
37,87.90929984055099,154.7837500000005
38,90.98756809333871,130.3337500000007
39,94.06433868236475,159.1587500000005
40,97.1405881209893,160.66708333333372
41,100.21339123894579,147.86708333333354
42,103.28470091617095,161.8504166666662
43,106.35354424187857,148.00041666666675
44,109.42187077517436,152.25874999999996
45,112.48676102238159,173.30041666666602
46,115.55113664681949,134.35875000000033
47,118.61402520538982,122.9754166666662
48,121.67445614213274,201.20041666666657
49,124.73243195142234,152.00874999999996
50,127.78989651750489,185.5337500000005
51,130.84490905385366,146.05041666666602
52,133.89844180364437,179.17541666666602
53,136.94952655484522,128.6587500000005
54,139.9991346065499,152.44208333333336
55,143.04726703056593,201.50041666666675
56,146.09295701676533,150.63374999999996
57,149.13717445172796,190.7837500000005
58,152.18088734856704,171.5837500000007
59,155.22216241584337,178.342083333333
60,158.26003610937104,165.99208333333354
61,161.29740892735327,194.55875000000015
62,164.33331545412594,203.05875000000015
63,167.36679213777288,216.592083333333
64,170.39880558285302,185.3504166666662
65,173.42839316438452,208.64208333333318
66,176.45652055224213,206.86708333333354
67,179.48318880184246,216.67541666666602
68,182.50936125878457,170.30041666666602
69,185.532152102855,258.50874999999996
70,188.5525265301561,259.57541666666657
71,191.57336968606344,229.4587500000007
72,194.59083808475233,206.31708333333336
73,197.60685550341933,252.87541666666675
74,200.6195039541193,241.29208333333372
75,203.6335825290436,227.45041666666657
76,206.64429514705586,218.93375000000015
77,209.6516456142998,240.11708333333354
78,212.66042610825713,263.70041666666657
79,215.66584745221635,229.06708333333336
80,218.6688701982906,259.1087500000003
81,221.6704530579928,299.2337500000003
82,224.67155290628202,280.9837500000003
83,227.67025864025692,279.36708333333354
84,230.66561774334488,296.50874999999996
85,233.66145185846995,294.925416666666
86,236.65489724395556,315.56708333333336
87,239.64595629990657,239.39208333333318
88,242.63558452041616,299.13374999999996
89,245.62378293194837,328.3504166666662
90,248.60960037381219,303.8504166666662
91,251.59399096676356,298.75041666666675
92,254.57695573333737,323.842083333333
93,257.5584956950971,314.45041666666657
94,260.5367111357406,334.1504166666664
95,263.51445554100974,389.94208333333336
96,266.4907791062013,366.25874999999996
97,269.4647338389515,425.80875000000015
98,272.4372706690054,457.3337500000007
99,275.40839061015055,561.88375
100,278.3771470222574,716.9420833333334
101,281.34354227106166,1020.5420833333337
102,284.3104189718883,1360.0170833333332
103,287.27304392780604,1816.6254166666668
104,290.2342597498509,2315.975416666666
105,293.19501284369574,2791.550416666666
106,296.15435791399693,3261.050416666666
107,299.11135146313717,3615.3170833333334
108,302.06599584060206,3903.3587500000003
109,305.020180602477,4078.8587500000003
110,307.97107593352354,4271.28375
111,310.9205709374285,4335.75875
112,313.8696088729118,4369.017083333334
113,316.81630576431763,4386.058750000001
114,319.7616053156739,4462.583750000001
115,322.70362667554014,4430.325416666666
116,325.6461354188213,4538.975416666667
117,328.5863097684562,4552.242083333333
118,331.5232124643944,4798.417083333334
119,334.4596645888623,4870.850416666667
120,337.3956657948935,5026.983749999999
121,340.32746272332156,5263.88375
122,343.2588115920873,5385.092083333333
123,346.18877468724133,5487.300416666667
124,349.1164160675589,5720.40875
125,352.0426745233984,5957.275416666666
126,354.9666149953233,6246.225416666667
127,357.89011098210506,6558.842083333334
128,360.810356668617,7125.533749999999
129,363.730159822777,7878.950416666665
130,366.64858582226634,8722.38375
131,369.5647018076031,9472.36708333333
132,372.47851007211335,10021.74208333333
133,375.3909458601356,7658.3587499999985
134,378.3020101411441,8815.033749999999
135,381.2107718077643,7616.500416666668
136,384.1190964182033,6893.267083333333
137,387.0260524242806,6300.100416666666
138,389.92977926968416,6066.708750000002
139,392.8321411918916,5835.350416666667
140,395.73313915306505,5666.18375
141,398.63277411446904,5642.317083333333
142,401.53011802317604,5605.117083333333
143,404.42610172424645,5534.842083333333
144,407.32072617531486,5473.617083333333
145,410.21306462703984,5452.775416666666
146,413.10404661153893,5253.517083333333
147,415.99274624637286,5405.525416666666
148,418.88101859200884,5359.617083333332
149,421.7670113614339,5233.458750000002
150,424.6507268069978,5324.017083333334
151,427.534017380677,5350.03375
152,430.4150333946642,5319.750416666667
153,433.29377709457617,5272.542083333334
154,436.171174526634,5302.433750000001
155,439.0481500067328,5255.467083333333
156,441.9219343629885,5232.842083333333
157,444.7943761439507,5190.183750000001
158,447.6663983684335,5189.967083333333
159,450.53615738925754,5193.375416666667
160,453.4036554368587,5070.083750000001
161,456.2698155263778,5024.692083333333
162,459.13371823570486,4974.575416666666
163,461.99720564598897,4900.88375
164,464.85751890297826,4858.192083333333
165,467.71741872718127,4842.050416666666
166,470.57598612114396,4874.725416666667
167,473.4313855832414,4897.650416666666
168,476.28729176382114,4991.88375
169,479.1400335802938,4903.583750000001
170,481.9905314565158,4861.867083333333
171,484.84062061516414,4723.550416666666
172,487.68846853613957,4554.73375
173,490.5359087351512,4325.725416666667
174,493.3792799303744,3943.1670833333337
175,496.22407571145703,3868.0004166666668
176,499.06480688058537,3631.55875
177,501.90513400978284,3398.5254166666664
178,504.742316141402,3198.592083333333
179,507.58092228765565,3068.1087500000003
180,510.41547342909644,2919.05875
181,513.2477988173791,2807.5420833333337
182,516.0815480007475,2672.175416666666
183,518.9103381523065,2687.63375
184,521.7387302367048,2586.392083333333
185,524.5667238977102,2518.9587500000007
186,527.3915883150893,2506.1087500000003
187,530.2151463911312,2470.0670833333334
188,533.0383083453657,2303.1504166666664
189,535.8592560354984,2374.7337500000003
190,538.6770831531306,2339.142083333333
191,541.4945172807625,2272.9504166666666
192,544.3106504268214,2240.475416666666
193,547.1254834922145,2218.392083333333
194,549.9372037825524,2189.00875
195,552.7476274645466,2188.1170833333335
196,555.557661396232,2143.7087500000007
197,558.3654941332069,2117.342083333333
198,561.1711278231132,2123.6087500000003
199,563.9763740302524,2079.2004166666666
200,566.7785195179079,1994.0170833333332
201,569.5802793070004,2070.1254166666668
202,572.3789426562782,2014.0754166666666
203,575.1781251319061,2042.4420833333334
204,577.9742146080273,1997.3087500000001
205,580.7690188937156,2032.7837500000005
206,583.5634406759264,2014.675416666666
207,586.3547754365092,2061.50875
208,589.1448284899731,2023.1504166666664
209,591.9336007189041,2048.5004166666668
210,594.7210930050775,2076.8670833333335
211,597.5055067627944,2065.2837500000005
212,600.2895433101347,1997.88375
213,603.0732022878761,1955.7087500000007
214,605.8537878481096,1913.8337500000007
215,608.6322014233208,1906.0754166666666
216,611.4093427963033,1871.2837500000005
217,614.1861101036463,1870.3670833333335
218,616.9598124291359,1851.2087500000007
219,619.7331424337686,1841.092083333333
220,622.505203725734,1743.800416666666
221,625.2742059305338,1787.6504166666664
222,628.0419428000752,1744.4504166666666
223,630.8075203969969,1742.75875
224,633.5736240010797,1750.717083333333
225,636.3366760769657,1715.9504166666666
226,639.098467097401,1710.9754166666662
227,641.8589979255039,1697.2004166666666
228,644.6182694236076,1738.9420833333334
229,647.3744977383801,1718.00875
230,650.1303620232678,1721.6254166666668
231,652.8849703729016,1740.800416666666
232,655.6365413689031,1728.5170833333332
233,658.3877505014291,1675.842083333333
234,661.1377070819738,1744.592083333333
235,663.8855220435962,1757.9504166666666
236,666.6320869725545,1757.3587499999999
237,669.3765136087061,1707.683750000001
238,672.1196927253785,1750.2337500000003
239,674.8607368678764,1768.7420833333335
240,677.6005359979608,1783.6420833333332
241,680.3408659606193,1776.2504166666668
242,683.0772897079983,1719.3587500000003
243,685.8124717904553,1754.3504166666662
244,688.545526761953,1748.217083333333
245,691.2782284505098,1739.0004166666668
246,694.0088055188429,1745.6087499999999
247,696.7381450997262,1752.2754166666664
248,699.4662480342079,1757.6587500000005
249,702.1922308778788,1742.0420833333337
250,704.9169795556986,1726.4170833333337
251,707.6404949056167,1796.7087500000007
252,710.3618946801053,1793.8170833333334
253,713.0811809136846,1786.7337499999999
254,715.7992379247568,1795.7004166666666
255,718.5178303221388,1797.15875
256,721.232549101209,1859.950416666667
257,723.946923043364,1871.0587499999997
258,726.6591903985808,1919.2920833333337
259,729.3702334856129,1994.0670833333334
260,732.0791732343926,2039.6920833333334
261,734.7860116633555,2148.975416666666
262,737.4933881052642,2226.5670833333334
263,740.1986648794762,2277.342083333333
264,742.9009656863793,2310.3254166666666
265,745.6038053949877,2226.2504166666668
266,748.3027948427829,2168.9420833333334
267,751.0023240452123,2135.967083333333
268,753.6997612549775,2057.850416666666
269,756.3951084757753,2025.0837500000007
270,759.0883677085873,2036.5670833333334
271,761.7804165027665,2025.6420833333332
272,764.4730059891978,2047.3337500000002
273,767.161760802308,2038.7087500000002
274,769.8493084081631,2080.017083333333
275,772.5373975778823,2101.025416666667
276,775.2225324226614,2083.350416666666
277,777.9055893020778,2061.767083333334
278,780.5865702013685,2104.7420833333335
279,783.2680943403964,2115.8170833333334
280,785.94754411685,2099.0754166666666
281,788.6249215114218,2028.7087500000007
282,791.301099742469,2099.75875
283,793.9752087651893,2057.592083333333
284,796.6481210140968,2050.65875
285,799.3198372924204,2034.9420833333334
286,801.9903584026715,2014.7587499999995
287,804.6588158534753,1984.0754166666666
288,807.3260805162536,1993.7420833333335
289,809.9921531905816,1942.4337499999997
290,812.6552984182088,2001.3087500000001
291,815.3172548048767,1971.9170833333337
292,817.9788905003605,1931.592083333333
293,820.6393381718575,1930.4837499999999
294,823.2968654545798,1927.342083333333
295,825.953207848906,1915.4170833333337
296,828.6092319547788,1865.53375
297,831.2623411407403,1841.8337500000007
298,833.9142685842397,1840.8670833333335
299,836.5650150746521,1805.6420833333332
300,839.214581400652,1810.2420833333335
301,841.8621044684179,1783.592083333333
302,844.5084497156973,1712.1504166666664
303,847.1536179282938,1727.3754166666672
304,849.7967471614515,1759.78375
305,852.4387016963278,1722.00875
306,855.0786203523927,1708.5087499999995
307,857.7182282217098,1729.075416666667
308,860.3549413428963,1734.8920833333332
309,862.9904844220963,1715.8587499999999
310,865.6265791063319,1687.8920833333332
311,868.2589236210457,1761.2837500000005
312,870.8901011907012,1744.6420833333332
313,873.5201125911036,1800.1004166666667
314,876.1489585973727,1765.8170833333334
315,878.7757814546823,1791.8504166666662
316,881.401441226342,1833.700416666667
317,884.0267964539792,1814.03375
318,886.6492746012391,1861.2254166666667
319,889.2705927365037,1907.8504166666662
320,891.889894997582,1946.1254166666668
321,894.5080395422766,2028.9170833333337
322,897.1250271379771,2192.5837500000002
323,899.7400030545731,2423.9337499999997
324,902.3555345485436,2938.767083333333
325,904.9673464118688,4426.258749999999
326,907.578860262243,6813.950416666665
327,910.1875137688562,9376.23375
328,912.7967243978754,10522.208750000002
329,915.4030777129715,9628.400416666665
330,918.008282448971,6739.942083333333
331,920.6131918479454,4399.842083333333
332,923.2152492193081,2939.225416666666
333,925.8153093048101,2165.18375
334,928.4150767007262,1869.7420833333335
335,931.0137000550731,1656.3837499999995
336,933.6094789049918,1568.9087500000005
337,936.2049669537362,1532.0170833333332
338,938.7993139710164,1493.6420833333332
339,941.3916712212085,1445.8587499999999
340,943.9820405752965,1445.450416666667
341,946.5721213861391,1391.2920833333337
342,949.1602165457788,1359.8504166666667
343,951.7471759172602,1367.13375
344,954.3321526227504,1362.7254166666667
345,956.915995777856,1322.2670833333332
346,959.4978592456448,1295.5254166666664
347,962.0785913955167,1301.9504166666666
348,964.6581929708851,1263.8920833333332
349,967.2366647145176,1280.2587499999995
350,969.8123165688366,1233.4920833333335
351,972.3885316148301,1273.9754166666667
352,974.9619297326224,1234.7670833333332
353,977.5342024606138,1231.2754166666664
354,980.1053505368706,1196.1837499999997
355,982.6745311457491,1183.6170833333335
356,985.2425893142037,1173.925416666666
357,987.8095257776441,1167.7504166666672
358,990.3753412708345,1165.2670833333332
359,992.9383523664881,1155.8004166666665
360,995.5010871426232,1145.2670833333332
361,998.0610211902117,1134.2420833333335
362,1000.6215213600577,1155.4754166666662
363,1003.180064343015,1186.8087500000001
364,1005.735811721452,1143.450416666667
365,1008.291286062632,1146.7587499999995
366,1010.8456474810134,1156.5087499999995
367,1013.3972184038389,1158.7754166666664
368,1015.9493568871053,1189.6337499999995
369,1018.4987077862389,1199.1504166666668
370,1021.0469501244125,1209.9837500000003
371,1023.5932469334166,1227.2587499999995
372,1026.1392746818394,1225.3837499999995
373,1028.68419603592,1228.2420833333335
374,1031.2263385170504,1240.3504166666667
375,1033.7673774982072,1244.3754166666668
376,1036.307313697748,1246.450416666667
377,1038.8461478334082,1273.8587500000003
378,1041.3830454733454,1219.1420833333332
379,1043.918843207229,1215.1587500000005
380,1046.4527073250108,1227.9254166666665
381,1048.984639625617,1197.467083333333
382,1051.5163093112349,1172.9754166666667
383,1054.047716010783,1200.8504166666667
384,1056.5763604113001,1193.4337500000001
385,1059.1022453872818,1251.8504166666667
386,1061.6295351123408,1237.4837499999999
387,1064.15406755211,1161.1087500000003
388,1066.6766771148937,1191.3254166666666
389,1069.1981967679412,1145.6337499999995
390,1071.7186272174504,1174.13375
391,1074.2379691690155,1127.0004166666668
392,1076.755393221889,1142.9504166666666
393,1079.272560650206,1105.3170833333334
394,1081.7869829144095,1053.8754166666668
395,1084.2994918955026,1074.8170833333334
396,1086.8117467162267,1099.6670833333337
397,1089.3229186874332,1061.0837500000007
398,1091.8321805482885,1066.6670833333337
399,1094.3395340678335,1064.5837500000007
400,1096.8466355091525,1010.9920833333335
401,1099.3518307167656,983.78375
402,1101.8551214547995,1002.1420833333332
403,1104.3573356661466,985.800416666666
404,1106.8592998708855,973.425416666666
405,1109.3585372853117,1010.4170833333337
406,1111.8567009636618,969.0254166666664
407,1114.3546163596102,977.2837500000005
408,1116.8498098787786,953.325416666667
409,1119.3447564973785,976.8170833333334
410,1121.8361610425645,962.967083333333
411,1124.3289674661858,965.1754166666665
412,1126.819058307148,973.3670833333335
413,1129.3072590118054,992.1837500000001
414,1131.7952159016595,960.825416666667
415,1134.2812847317573,969.8920833333332
416,1136.765467243167,941.6004166666667
417,1139.248586407842,996.342083333333
418,1141.7314637900306,998.092083333333
419,1144.2116374268019,984.4170833333337
420,1146.6907504649155,1000.5087499999995
421,1149.1696234135359,993.575416666667
422,1151.6457974652753,983.467083333333
423,1154.1209136575835,980.9087500000005
424,1156.594153889389,1033.9337500000001
425,1159.0671567451252,1004.6170833333335
426,1161.5382856927909,1025.6670833333337
427,1164.0075424555425,1044.9337499999997
428,1166.4765635190067,987.967083333333
429,1168.9437144436115,984.1670833333337
430,1171.408996947761,1020.450416666667
431,1173.8740454230053,974.0004166666672
432,1176.3372275174995,1001.1254166666672
433,1178.7985449449166,1033.1587500000005
434,1181.2596300074379,942.1920833333334
435,1183.7188524362593,1004.5087499999995
436,1186.1753993385187,986.8587500000003
437,1188.6317162263829,1007.6837499999997
438,1191.0878027271572,1018.7587499999995
439,1193.5412177787307,999.4254166666665
440,1195.9935905564976,1003.4420833333334
441,1198.4449217244953,1069.3087499999997
442,1200.8943994187837,1051.075416666667
443,1203.3428375194246,1040.6420833333332
444,1205.789424849979,1010.2920833333337
445,1208.234974598328,1009.4587500000007
446,1210.6794874243822,1011.200416666667
447,1213.1229639874857,1009.6087499999999
448,1215.5654049464306,1014.9837499999999
449,1218.0051907210802,1018.3754166666672
450,1220.4439435796855,1020.1420833333332
451,1222.8816641780545,1009.2420833333335
452,1225.318353171446,1003.2254166666662
453,1227.7532024656482,1052.325416666667
454,1230.1862137406779,998.5170833333332
455,1232.6198128706674,1014.7837500000005
456,1235.0507675630085,1023.6670833333337
457,1237.4806952829103,1006.0087499999995
458,1239.907982597396,1051.7087500000002
459,1242.335859005302,1060.950416666667
460,1244.7610976691485,1029.592083333333
461,1247.1861193409281,1039.6254166666672
462,1249.6101179672248,1039.5170833333332
463,1252.0314835133897,1038.8087499999997
464,1254.451828665863,1060.0420833333337
465,1256.8711540695176,1042.6920833333334
466,1259.2894603686862,1099.2920833333337
467,1261.7051402369893,1088.092083333333
468,1264.1206072882194,1100.5004166666672
469,1266.5358611493111,1144.7587499999995
470,1268.9484925359866,1124.5837500000002
471,1271.3593067488612,1196.5670833333334
472,1273.76910773559,1145.8754166666672
473,1276.1786980935606,1135.5837500000007
474,1278.585672584594,1158.1420833333332
475,1280.9916364371838,1177.1087499999999
476,1283.3965902877176,1196.2670833333332
477,1285.8005347720432,1208.1004166666667
478,1288.202670248408,1219.8504166666667
479,1290.603798299963,1214.88375
480,1293.0031199541122,1255.3337500000002
481,1295.4014361203854,1262.1754166666665
482,1297.7979484942825,1285.2754166666668
483,1300.1950545164614,1255.325416666667
484,1302.588761473702,1328.4420833333334
485,1304.9822647374833,1335.9754166666662
486,1307.3739687356235,1345.175416666666
487,1309.764672363619,1371.4170833333337
488,1312.154376248969,1394.092083333333
489,1314.5422844190539,1391.3754166666672
490,1316.929194765707,1399.38375
491,1319.3143119799881,1442.9420833333334
492,1321.6984332856466,1461.6170833333335
493,1324.0807640363764,1493.4754166666667
494,1326.4628957270668,1511.9587500000002
495,1328.843238771792,1544.342083333333
496,1331.2217947867287,1537.3670833333335
497,1333.6001532744083,1586.8087499999997
498,1335.9767266354406,1583.1254166666672
499,1338.3515164816333,1634.217083333333
500,1340.7253173751865,1651.1670833333337
501,1343.0989225559927,1673.175416666666
502,1345.4691624819095,1730.8587499999999
503,1347.8392085880812,1833.0670833333334
504,1350.2082688677153,1907.0004166666672
505,1352.5763439357713,2027.2670833333332
506,1354.9418524556834,2222.7087500000002
507,1357.3063783070354,2444.3587500000003
508,1359.6715027392402,2799.025416666667
509,1362.0332744428533,3182.300416666666
510,1364.3940659691382,3597.10875
511,1366.7546672631227,3839.125416666667
512,1369.1127109294603,3804.1754166666665
513,1371.4697769016548,3558.275416666667
514,1373.8266541411804,3171.000416666667
515,1376.1809781948443,2782.1837499999997
516,1378.5343270297335,2565.85875
517,1380.887488625941,2412.9337499999997
518,1383.2381014659552,2318.6170833333335
519,1385.5877415547866,2242.0420833333337
520,1387.9356230988735,2201.775416666667
521,1390.2841058932147,2201.375416666667
522,1392.629259854741,2181.53375
523,1394.9742301983156,2206.325416666667
524,1397.3174463552004,2174.18375
525,1399.660479446045,2229.0754166666666
526,1402.0009757495511,2218.850416666666
527,1404.3397219337714,2221.267083333333
528,1406.679070974446,2196.0004166666668
529,1409.015887612105,2178.3337500000007
530,1411.351740694853,2214.48375
531,1413.6866308185267,2196.200416666667
532,1416.0197760677709,2201.60875
533,1418.35196019289,2113.80875
534,1420.6824019212766,2186.750416666667
535,1423.0126659008947,2192.825416666667
536,1425.3411893131893,2181.9170833333337
537,1427.667973714704,2163.000416666667
538,1429.9945818209708,2240.525416666667
539,1432.318672480819,2272.5087499999995
540,1434.6425880252157,2291.4254166666665
541,1436.9639892259745,2299.392083333333
542,1439.2859957862674,2270.3504166666667
543,1441.6047114814605,2281.4337499999997
544,1443.9232544115312,2246.6670833333337
545,1446.240845864226,2219.4754166666667
546,1448.5567084051524,2126.6337499999995
547,1450.8708435764338,2027.4004166666668
548,1453.184807683062,1975.7837500000005
549,1455.497046224754,1922.1754166666665
550,1457.8083374850673,1884.0670833333334
551,1460.1179056185897,1853.825416666667
552,1462.4265282700144,1750.6754166666665
553,1464.734206019806,1719.7420833333335
554,1467.0401639733043,1700.950416666667
555,1469.3436285036719,1657.5670833333334
556,1471.648476294783,1605.825416666667
557,1473.9508324525793,1595.6920833333334
558,1476.2514736616265,1567.467083333333
559,1478.55194923011,1541.6087499999999
560,1480.8507116342894,1555.1087499999999
561,1483.1477623969392,1476.5170833333332
562,1485.4438759834406,1464.967083333333
563,1487.7390529672195,1442.4754166666667
564,1490.032521606992,1476.8004166666665
565,1492.3258274185912,1482.950416666667
566,1494.617426659945,1434.9337499999997
567,1496.9073208457532,1411.28375
568,1499.1955114887794,1205.3587500000003
569,1501.4827708427101,1430.9920833333335
570,1503.7698699051386,1410.3837499999995
571,1506.0552680723179,1374.4004166666668
572,1508.3389668519696,1352.825416666667
573,1510.6225067292403,1389.1504166666668
574,1512.903579801272,1334.25875
575,1515.1837262380227,1369.9170833333337
576,1517.4629466040146,1344.8337500000002
577,1519.7412414633127,1339.9837499999999
578,1522.0178434510929,1300.2920833333337
579,1524.2927540651958,1321.4004166666668
580,1526.5682767186565,1307.0420833333337
581,1528.8405751333053,1297.1754166666665
582,1531.1119527198114,1273.3920833333332
583,1533.3831764109293,1242.2254166666667
584,1535.653479771775,1250.6004166666667
585,1537.9213318569384,1256.5587499999997
586,1540.1882659700668,1239.6920833333334
587,1542.454282668405,1250.3087499999997
588,1544.7186176854627,1247.7504166666672
589,1546.9820370194939,1203.0087499999995
590,1549.2445412258314,1215.3837499999995
591,1551.5053669631798,1177.8170833333334
592,1553.7652792994438,1195.4420833333334
593,1556.0235155087598,1173.5837500000002
594,1558.2816030108968,1150.7920833333337
595,1560.5380161075582,1138.825416666667
596,1562.7927562740572,1160.700416666667
597,1565.0473490800296,1117.967083333333
598,1567.299508931409,1120.4587500000002
599,1569.550761088168,1110.0004166666668
600,1571.8018672259618,1116.6670833333337
601,1574.050544511929,1100.6254166666672
602,1576.2975558465782,1113.4337500000001
603,1578.5444231111983,1078.5087499999995
604,1580.7903860315885,1120.6337499999995
605,1583.0346855571577,1130.842083333333
606,1585.2773231497633,1138.5670833333334
607,1587.5198182413344,1091.9754166666667
608,1589.760653098501,1036.2087500000002
609,1591.9998291792917,1030.8337500000007
610,1594.2381060115424,1038.0004166666672
611,1596.4762419040592,995.675416666666
612,1598.7112066332265,981.8504166666667
613,1600.9467892716768,986.8587499999999
614,1603.1799611141394,984.9420833333334
615,1605.4122376255682,968.7254166666662
616,1607.6436193442958,951.9170833333337
617,1609.873350862231,963.575416666667
618,1612.1029449116838,974.0254166666668
619,1614.3301350994652,948.8670833333335
620,1616.5564338529678,987.0254166666668
621,1618.7825964435165,960.5254166666668
622,1621.0063591970566,940.8087499999997
623,1623.2292327238813,943.075416666667
624,1625.4512175572513,949.6087500000003
625,1627.6730677599032,944.5837500000002
626,1629.8917700456498,927.6670833333337
627,1632.1095864386525,910.7670833333332
628,1634.3272700970203,918.6670833333337
629,1636.543315995183,956.217083333333
630,1638.757725563858,922.4587500000002
631,1640.9712519592479,919.575416666667
632,1643.1846471370643,934.467083333333
633,1645.3949062147228,913.7254166666667
634,1647.6050357286647,887.675416666666
635,1649.8150353075596,917.3170833333334
636,1652.0226538884017,910.0254166666668
637,1654.2293936536882,892.9837500000003
638,1656.433755860365,926.8337500000002
639,1658.6387401646318,891.7420833333335
640,1660.8420981880593,894.075416666667
641,1663.043831347487,928.6254166666672
642,1665.245437942886,902.6254166666668
643,1667.444673168544,883.2754166666668
644,1669.6430350248065,906.450416666667
645,1671.839776480645,920.7087500000007
646,1674.0371407093237,878.2420833333335
647,1676.231391660734,874.78375
648,1678.4247725059502,897.200416666667
649,1680.618776494006,880.8337500000002
650,1682.8104180871246,875.9420833333334
651,1685.000445351215,843.2420833333335
652,1687.1896051676117,906.950416666667
653,1689.3778980515885,918.8670833333335
654,1691.5645796292015,906.2587499999995
655,1693.7503958933055,909.6420833333332
656,1695.9353473574374,882.325416666667
657,1698.1186905294871,903.1420833333332
658,1700.3011705157312,917.175416666666
659,1702.482044410687,869.5837500000002
660,1704.662799854055,870.6920833333334
661,1706.8412079854625,858.4420833333334
662,1709.0187561488963,855.5837500000002
663,1711.196187097351,797.950416666667
664,1713.3712746079727,864.5254166666668
665,1715.5455042622843,830.8587499999999
666,1717.7188765676908,840.4337499999997
667,1719.8913920312016,803.40875
668,1722.0623103776884,830.4254166666669
669,1724.2316329887778,799.6920833333334
670,1726.400101442966,831.9170833333333
671,1728.5677162446298,805.8504166666667
672,1730.7337382817082,783.8170833333334
673,1732.8996475808926,814.200416666667
674,1735.0632266694843,795.2420833333335
675,1737.2266940251332,814.63375
676,1739.388572371105,812.6087499999999
677,1741.5496012427536,777.6004166666667
678,1743.7090432671623,813.8504166666667
679,1745.8668998136025,781.2587499999995
680,1748.0239095442068,805.6754166666665
681,1750.1800729573572,784.1504166666668
682,1752.33612726718,769.9587499999998
683,1754.4898628228623,786.6254166666668
684,1756.642017992768,738.6087499999999
685,1758.79406583904,780.5170833333332
686,1760.944534868283,755.15875
687,1763.09342644014,757.63375
688,1765.2422118852319,748.092083333333
689,1767.3894214371273,716.4920833333326
690,1769.5365252743886,735.9420833333334
691,1771.680586532549,755.8337500000002
692,1773.8238097986377,755.5004166666672
693,1775.9669291142022,765.4004166666668
694,1778.1077443189777,737.4670833333334
695,1780.249189531852,731.7754166666668
696,1782.3876000690555,751.5504166666669
697,1784.5266410210204,758.3587499999999
698,1786.663382683214,762.3837499999995
699,1788.799290925959,750.1504166666664
700,1790.934366236762,763.8754166666668
701,1793.068609102751,736.5087499999995
702,1795.2005580535997,752.1837499999997
703,1797.3316766718099,757.90875
704,1799.4634262611178,746.7087499999998
705,1801.5921549749944,724.5254166666668
706,1803.7200553786513,754.200416666667
707,1805.847127955445,710.3670833333335
708,1807.9733731883662,737.8087499999997
709,1810.0973335803424,721.200416666667
710,1812.2211974332115,739.5170833333332
711,1814.3449643784033,725.2087499999998
712,1816.4664496266178,710.4837499999999
713,1818.5856553552858,742.1837500000001
714,1820.7047664653007,740.8670833333335
715,1822.8237825881681,716.2337499999999
716,1824.940522322895,738.5420833333337
717,1827.0564412979597,696.3004166666665
718,1829.1722664381039,721.8420833333334
719,1831.2858188778434,692.7337499999999
720,1833.3978266667261,677.9670833333334
721,1835.5090167273127,700.1754166666669
722,1837.6208401800466,726.3754166666668
723,1839.7296706046743,661.2837500000005
724,1841.8376852856595,689.4087500000005
725,1843.9456091775912,683.9920833333335
726,1846.0512693092542,687.6254166666668
727,1848.1561156758332,677.2670833333332
728,1850.2594251071673,654.9337499999997
729,1852.3633689999517,679.1170833333335
730,1854.4643307337765,691.1087499999999
731,1856.5652045073457,662.8087499999997
732,1858.665267428087,659.6754166666669
733,1860.7630754727245,661.7420833333335
734,1862.8607966849004,643.5254166666664
735,1864.9562656284854,655.1254166666668
736,1867.0516486745573,657.3337500000002
737,1869.1455031884284,627.1087499999999
738,1871.238551325845,645.6170833333335
739,1873.3315141310106,653.1254166666668
740,1875.4222303338945,621.9170833333337
741,1877.5107020627015,640.7170833333334
742,1879.5990906846928,643.6087500000003
743,1881.6873958326275,680.4920833333335
744,1883.7741787517411,636.5837500000002
745,1885.8587218165178,610.4587499999998
746,1887.943901712581,630.8587499999999
747,1890.0268437823806,630.8920833333332
748,1892.1089863219772,628.1504166666664
749,1894.1896119771302,596.4170833333333
750,1896.2701571121374,612.2670833333332
751,1898.349186832543,608.3504166666667
752,1900.4274194115637,573.5837500000007
753,1902.5041385933448,585.5004166666672
754,1904.5793456596302,614.0337500000005
755,1906.6537580561126,559.0920833333334
756,1908.7266603478063,593.4920833333335
757,1910.799485047457,604.2920833333337
758,1912.8715164452187,577.8504166666662
759,1914.9413248565304,569.7587499999995
760,1917.0110567666713,637.3670833333335
761,1919.078568239402,602.0837499999998
762,1921.14600411799,591.7504166666672
763,1923.2112221034392,564.075416666667
764,1925.277079104547,549.9754166666667
765,1927.3407202073547,586.3670833333335
766,1929.4035738182395,564.15875
767,1931.4649274994495,585.7254166666667
768,1933.5254951334773,557.1254166666668
769,1935.585277169844,569.0337500000005
770,1937.643561984194,540.450416666667
771,1939.7010626415147,558.28375
772,1941.757779589837,585.03375
773,1943.8137132768495,561.9920833333335
774,1945.8674421707453,580.3920833333332
775,1947.920389779869,566.4587499999998
776,1949.9725565499666,522.9920833333335
777,1952.0239429264368,526.0004166666672
778,1954.0738394455072,557.6337499999995
779,1956.122957000317,521.6337499999995
780,1958.171296034799,558.9337499999997
781,1960.218147892365,566.3587500000003
782,1962.2635138238334,530.5670833333334
783,1964.3081036407102,513.9587499999998
784,1966.351209491215,499.96708333333345
785,1968.3949566970111,540.0670833333334
786,1970.4358053059998,555.0170833333332
787,1972.4772956144468,515.7087499999998
788,1974.5158903526562,504.325416666667
789,1976.5551271330337,532.3920833333332
790,1978.5921780490723,532.1837499999997
791,1980.6284579790236,502.85041666666666
792,1982.6639673605102,486.1837499999997
793,1984.6980007479283,503.967083333333
794,1986.7312649950175,471.3754166666672
795,1988.7637605379505,493.5337500000005
796,1990.7940776469723,512.8170833333334
797,1992.8236279885937,476.4837499999999
798,1994.8538210979857,499.62541666666675
799,1996.8811343909813,471.60041666666666
800,1998.9083867689908,519.3504166666667
801,2000.9341703618416,480.85041666666666
802,2002.9584863987373,491.62541666666675
803,2004.9820393300624,500.61708333333354
804,2007.005532544807,474.17541666666693
805,2009.027560294055,480.8837499999995
806,2011.048123803183,480.13374999999996
807,2013.0665221323811,485.0254166666664
808,2015.085564894552,468.1337499999995
809,2017.1031460275283,470.9837499999999
810,2019.1199681235807,474.96708333333345
811,2021.1346293956003,475.15041666666684
812,2023.1499352295325,489.6504166666664
813,2025.1630821485796,489.800416666666
814,2027.1747724768,498.8504166666662
815,2029.1871075934034,454.425416666666
816,2031.1972871791857,408.9337499999997
817,2033.2060127651696,479.87541666666675
818,2035.2139848301993,445.94208333333336
819,2037.221902802867,474.6837499999997
820,2039.226971350058,455.800416666666
821,2041.2319871755637,465.37541666666675
822,2043.236949916345,444.77541666666684
823,2045.239765337244,452.9837499999999
824,2047.2418308212702,448.96708333333345
825,2049.2424493543913,439.17541666666693
826,2051.2430164887787,459.300416666666
827,2053.241441121812,461.65041666666684
828,2055.2391185430342,410.65875000000005
829,2057.236745563922,453.40875000000005
830,2059.2322334257187,436.3587499999999
831,2061.2269758520356,458.75874999999996
832,2063.2209732604924,429.63374999999996
833,2065.214226068398,455.69208333333336
834,2067.2060395996587,466.1420833333332
835,2069.1957202150857,440.40875000000005
836,2071.186742759255,411.67541666666693
837,2073.174939421446,422.8337500000007
838,2075.1617010605014,441.8087499999997
839,2077.1491102618625,416.450416666667
840,2079.1350852680584,392.2920833333337
841,2081.1196272679517,404.15875000000005
842,2083.103430472746,445.35041666666666
843,2085.0858025290545,459.7254166666662
844,2087.0674371303767,441.88374999999996
845,2089.047642437425,411.1087500000003
846,2091.0264196332587,429.15041666666684
847,2093.005845108754,427.44208333333336
848,2094.983151814207,427.12541666666675
849,2096.9604153683745,426.4587499999998
850,2098.935562512775,447.40875000000005
851,2100.9099766142353,422.81708333333336
852,2102.883658080762,450.56708333333336
853,2104.8559171229335,420.092083333333
854,2106.8274448571747,432.0837499999998
855,2108.7975520045943,412.8920833333332
856,2110.7676185983037,423.4587499999998
857,2112.735576753847,366.50041666666675
858,2114.702806247171,416.2254166666662
859,2116.6693074828977,367.15041666666684
860,2118.6343924556404,437.52541666666684
861,2120.5994386435636,400.8337500000007
862,2122.5630698853274,435.3004166666665
863,2124.5252873474274,437.6087499999999
864,2126.4867795871214,438.825416666667
865,2128.447547006388,420.24208333333354
866,2130.4069031225663,397.467083333333
867,2132.364162466974,407.6837499999997
868,2134.3220724707035,412.90041666666684
869,2136.2785736409714,402.4337499999997
870,2138.2350388794366,421.25874999999996
871,2140.188725353984,421.28375000000005
872,2142.1423772007224,416.075416666667
873,2144.0939387208973,399.0170833333332
874,2146.045466408842,413.91708333333327
875,2147.996275296343,424.69208333333336
876,2149.9456814240034,410.34208333333345
877,2151.8943700488558,414.80041666666693
878,2153.8416577139974,411.74208333333354
879,2155.7882291712344,453.77541666666684
880,2157.7334014654293,417.49208333333354
881,2159.677858843891,426.15041666666684
882,2161.6216017006795,424.4337499999997
883,2163.563265234873,408.4837499999999
884,2165.5055807307713,443.9587500000007
885,2167.4458186927113,424.7754166666664
886,2169.384662861363,408.45041666666657
887,2171.324159166805,425.217083333333
888,2173.261581116272,399.36708333333354
889,2175.1982927926656,435.9004166666664
890,2177.133613739824,427.5837500000007
891,2179.068225693548,446.00874999999996
892,2181.001448695267,416.7837500000005
893,2182.934644079557,408.40875000000005
894,2184.865092087539,424.63374999999996
895,2186.796872955402,502.5837500000007
896,2188.7259087155453,488.94208333333336
897,2190.65491840994,505.19208333333336
898,2192.5832228241165,499.9337499999997
899,2194.509465128281,554.7087499999998
900,2196.4350039170317,550.7087499999998
901,2198.359839575715,542.9254166666669
902,2200.283972489392,530.2670833333332
903,2202.206725424934,485.1504166666664
904,2204.128099508426,450.35041666666666
905,2206.0494501123408,472.35041666666666
906,2207.9687462483184,465.2337500000003
907,2209.8880196706987,489.60041666666666
908,2211.8052408705116,476.7754166666664
909,2213.7224401207795,506.7337500000003
910,2215.6382652813036,524.28375
911,2217.554068762353,529.5920833333334
912,2219.4684994078398,589.9087500000005
913,2221.380883181757,589.4004166666668
914,2223.2925717540124,637.3920833333332
915,2225.2035655036293,724.5170833333332
916,2227.113864809343,784.7837500000005
917,2229.023470049626,945.5587500000001
918,2230.93103374597,1135.2920833333337
919,2232.8392524791766,1464.4504166666666
920,2234.7454314021097,2047.075416666667
921,2236.6502455530513,2875.1754166666665
922,2238.5543689915426,3940.7920833333337
923,2240.4584748001516,5433.750416666668
924,2242.3605452334054,6694.033749999999
925,2244.2625987872075,7009.750416666668
926,2246.163291153471,7293.533749999999
927,2248.061951703958,6203.925416666667
928,2249.960596740273,4415.642083333333
929,2251.8578834128084,2656.9087500000005
930,2253.7544838268936,1684.1670833333337
931,2255.6503983547937,1255.2920833333337
932,2257.545627368507,1019.4420833333334
933,2259.43950096321,903.1420833333332
934,2261.3320202368413,813.1337499999995
935,2263.22385607865,741.6920833333334
936,2265.1136697570655,716.7754166666664
937,2267.00414032874,703.38375
938,2268.893259510191,701.5420833333333
939,2270.7816972212604,686.3920833333332
940,2272.6687852453247,699.6004166666667
941,2274.5545246737615,703.1420833333332
942,2276.4395847003534,751.4420833333334
943,2278.3232978291308,812.4420833333334
944,2280.207000393581,919.6837500000001
945,2282.0893572743034,1039.28375
946,2283.971036700287,1067.0837500000007
947,2285.8513721350478,1070.6170833333335
948,2287.7303646634455,1033.6920833333334
949,2289.6086817919245,885.7670833333332
950,2291.48632388458,788.0170833333332
951,2293.3632913052375,663.8504166666667
952,2295.2382530077316,607.4004166666668
953,2297.1138726530257,556.592083333333
954,2298.986823034918,494.6420833333332
955,2300.8597666180385,464.03375000000005
956,2302.7313735482526,472.8504166666662
957,2304.6029739254423,442.50874999999996
958,2306.472574575462,408.6420833333332
959,2308.342169393899,429.87541666666675
960,2310.2097666342524,451.75874999999996
961,2312.0766952026797,400.02541666666684
962,2313.942955458233,399.7920833333337
963,2315.8078846745443,380.94208333333336
964,2317.672809617737,374.62541666666675
965,2319.535742101755,391.03375000000005
966,2321.398008654099,412.15041666666684
967,2323.2602717691625,409.9837499999999
968,2325.120545391538,385.6504166666664
969,2326.9801546254544,370.7087500000007
970,2328.8384383985076,379.0170833333332
971,2330.6967201589523,378.6254166666672
972,2332.5530166850845,382.1087499999999
973,2334.4086511876862,381.61708333333354
974,2336.2642845058926,319.74208333333354
975,2338.1185957880093,333.70041666666657
976,2339.970926079607,348.9837499999999
977,2341.822596703099,340.3087499999997
978,2343.674267555236,330.28375000000005
979,2345.5246196644694,347.32541666666657
980,2347.3743131619526,358.56708333333336
981,2349.2226895587974,361.55041666666693
982,2351.0704085155153,348.15875000000005
983,2352.91615363865,334.19208333333336
984,2354.7612429587534,346.425416666666
985,2356.606334729711,338.92541666666693
986,2358.4501132582022,349.77541666666684
987,2360.292579594143,322.6004166666662
988,2362.1350491941603,350.11708333333354
989,2363.9762077652736,330.21708333333345
990,2365.815399617171,311.67541666666693
991,2367.6545960092863,368.8504166666662
992,2369.493140317858,319.34208333333345
993,2371.3310328896205,324.4337499999997
994,2373.1669624567503,310.87541666666675
995,2375.0022419089487,327.842083333333
996,2376.8368715914644,313.6420833333332
997,2378.67019673828,297.55041666666693
998,2380.5028732687783,321.3920833333332
999,2382.334901527114,322.25874999999996
1000,2384.164973024659,334.24208333333354
1001,2385.995052047911,325.467083333333
1002,2387.82448429219,297.0170833333332
1003,2389.652616377456,334.55875000000015
1004,2391.4794493388317,322.12541666666675
1005,2393.305637471742,303.85041666666666
1006,2395.1311811175387,336.61708333333354
1007,2396.9554278167425,292.47541666666666
1008,2398.779031171294,332.72541666666666
1009,2400.601991521462,324.0837499999998
1010,2402.423657096829,333.700416666667
1011,2404.243377045574,294.05041666666693
1012,2406.063759689406,322.1004166666662
1013,2407.882849724335,316.67541666666693
1014,2409.6999969843205,293.4337499999997
1015,2411.517807036311,297.700416666667
1016,2413.333675905249,301.46708333333345
1017,2415.14890631328,321.44208333333336
1018,2416.962848319844,324.91708333333327
1019,2418.7761529955883,298.91708333333327
1020,2420.5894704967745,311.12541666666675
1021,2422.4008516977046,329.8920833333332
1022,2424.2122463950323,289.70041666666657
1023,2426.0217068309134,302.10041666666666
1024,2427.8298836151653,295.25041666666675
1025,2429.637426445486,293.50874999999996
1026,2431.4449841090545,305.450416666667
1027,2433.2519080305606,326.1087499999999
1028,2435.0562545451044,310.2670833333332
1029,2436.861264890778,294.75874999999996
1030,2438.664995401262,316.86708333333354
1031,2440.4667997697006,313.87541666666675
1032,2442.268620964471,293.06708333333336
1033,2444.069164904534,318.7337500000003
1034,2445.8690792394023,311.34208333333345
1035,2447.6677178850787,291.50041666666675
1036,2449.4670204140334,298.8920833333332
1037,2451.263110025961,277.1420833333332
1038,2453.0592184426123,300.31708333333336
1039,2454.8546998042993,248.76708333333318
1040,2456.6495544393406,265.1087499999999
1041,2458.4431376146,278.02541666666684
1042,2460.2360951692103,288.7920833333337
1043,2462.027782818997,267.6670833333337
1044,2463.8182015650145,336.3920833333332
1045,2465.607996569618,288.8337499999998
1046,2467.3971681586963,265.55041666666693
1047,2469.1857166579093,288.40041666666684
1048,2470.972998902931,259.37541666666675
1049,2472.7590158907287,309.8337500000007
1050,2474.5450547015926,308.217083333333
1051,2476.329829351567,278.25041666666675
1052,2478.112698240118,292.96708333333345
1053,2479.8955901462873,311.75041666666675
1054,2481.6785047232265,291.7837500000005
1055,2483.4588739218607,282.175416666666
1056,2485.239266882462,261.52541666666684
1057,2487.019041778327,258.75874999999996
1058,2488.796275158288,257.6837499999997
1059,2490.5741745220694,264.4754166666662
1060,2492.3508164171226,267.2087500000007
1061,2494.126842421604,264.2337500000003
1062,2495.900972117632,262.2087499999998
1063,2497.6751275978722,241.6504166666664
1064,2499.4486685907236,285.03375000000005
1065,2501.220955711315,248.08374999999978
1066,2502.9919899427855,261.0587499999997
1067,2504.762411528758,263.50041666666675
1068,2506.531581746511,271.1420833333332
1069,2508.300140396079,243.50041666666675
1070,2510.067449195527,241.4337499999997
1071,2511.8354242586497,267.32541666666657
1072,2513.600873789458,274.72541666666666
1073,2515.3657139003803,231.35041666666666
1074,2517.1299449069124,257.67541666666693
1075,2518.893567124336,282.6420833333332
1076,2520.65594359015,276.0587499999997
1077,2522.417712336304,231.1504166666664
1078,2524.178873677084,261.88374999999996
1079,2525.9381546889244,232.85041666666666
1080,2527.6974662001853,263.217083333333
1081,2529.454899324957,261.29208333333327
1082,2531.2129995363402,235.75874999999996
1083,2532.9685871200804,292.3587500000003
1084,2534.7242064531288,225.22541666666666
1085,2536.4792218857515,243.38374999999996
1086,2538.232998642498,250.3087499999997
1087,2539.985537689555,268.967083333333
1088,2541.7368399919787,224.30041666666693
1089,2543.4888098122974,206.15875000000005
1090,2545.238909293303,254.10041666666666
1091,2546.987774048599,268.13374999999996
1092,2548.737306379387,243.29208333333372
1093,2550.4849710404533,214.89208333333318
1094,2552.2314029897334,213.36708333333354
1095,2553.9766031867266,224.3754166666672
1096,2555.7224713235205,237.20874999999978
1097,2557.4664756289726,241.29208333333372
1098,2559.2098826662195,208.9004166666664
1099,2560.952692742028,239.4337499999997
1100,2562.6936420733937,232.86708333333354
1101,2564.4339959212184,213.03375000000005
1102,2566.1737545909696,231.0087499999995
1103,2567.912918387909,237.53375000000005
1104,2569.6508564362093,224.98374999999987
1105,2571.388831618211,220.33374999999978
1106,2573.1249513425064,257.74208333333354
1107,2574.8604782745547,225.88374999999996
1108,2576.5947823987253,215.42541666666602
1109,2578.328494767738,218.55041666666693
1110,2580.0616156844035,221.57541666666702
1111,2581.793515776887,219.74208333333354
1112,2583.525454911203,233.30875000000015
1113,2585.255545009802,228.92541666666693
1114,2586.9850457228317,253.07541666666702
1115,2588.712699717805,196.16708333333327
1116,2590.4410229911205,216.49208333333354
1117,2592.168129392628,257.99208333333354
1118,2593.893391689224,216.92541666666693
1119,2595.619951269979,240.35041666666666
1120,2597.3440400248724,241.75041666666675
1121,2599.0669152433225,211.25041666666675
1122,2600.789832506445,188.10041666666666
1123,2602.5109101481653,240.45874999999978
1124,2604.232657326148,219.76708333333318
1125,2605.9525663304853,241.55875000000015
1126,2607.671891675088,200.65875000000005
1127,2609.390007399532,199.75041666666675
1128,2611.1075404829317,224.50041666666675
1129,2612.8244912216096,207.4587500000007
1130,2614.540234290887,212.25041666666675
1131,2616.2553960314767,188.73374999999987
1132,2617.96872634454,182.81708333333336
1133,2619.68272673723,189.25874999999996
1134,2621.3955219127556,206.80041666666693
1135,2623.1064882376836,200.97541666666666
1136,2624.816875976411,206.47541666666666
1137,2626.5266854223714,224.85041666666666
1138,2628.2365407981324,211.02541666666684
1139,2629.944570608741,216.0254166666664
1140,2631.651399919385,201.53375000000005
1141,2633.3582762486835,191.05041666666602
1142,2635.0639530833223,206.98374999999987
1143,2636.7678084693225,197.18375000000015
1144,2638.472957291942,216.72541666666666
1145,2640.1756632120205,214.5337500000005
1146,2641.877172903152,200.20874999999978
1147,2643.5793533960828,222.06708333333336
1148,2645.2797164126905,180.592083333333
1149,2646.9795067360856,198.64208333333318
1150,2648.6781032466547,204.4337499999997
1151,2650.3767492604807,217.8087499999997
1152,2652.0735814668433,201.24208333333354
1153,2653.769842971519,208.54208333333327
1154,2655.4661546355424,187.20041666666657
1155,2657.160655027105,202.5837500000007
1156,2658.8539658409413,217.0587499999997
1157,2660.547327884683,201.7504166666672
1158,2662.2401210805047,238.32541666666702
1159,2663.93048712024,249.7754166666664
1160,2665.6215247801883,172.42541666666693
1161,2667.3113757509354,185.60875000000033
1162,2669.000040941194,196.60874999999987
1163,2670.6881399595472,199.30041666666693
1164,2672.3750545971448,191.08374999999978
1165,2674.06140404651,182.50874999999996
1166,2675.747188591643,222.68375000000015
1167,2677.431790644026,190.62541666666675
1168,2679.115828773304,204.10041666666666
1169,2680.798685803726,181.05041666666693
1170,2682.480979890223,182.65041666666684
1171,2684.1620942692375,186.54208333333327
1172,2685.842646681564,194.8087499999997
1173,2687.522020775278,205.69208333333336
1174,2689.2008338776,189.24208333333354
1175,2690.8797024914,199.71708333333345
1176,2692.55677823207,183.61708333333354
1177,2694.2332942352773,202.71708333333345
1178,2695.9086351761257,125.27541666666684
1179,2697.5834173503627,175.80875000000015
1180,2699.2576410374822,204.01708333333318
1181,2700.9306915272446,180.092083333333
1182,2702.6031844982363,182.96708333333345
1183,2704.2745056491995,191.87541666666675
1184,2705.944655872494,177.842083333333
1185,2707.614250230398,207.5337500000005
1186,2709.2839029668835,226.91708333333372
1187,2710.951158697379,226.49208333333354
1188,2712.619700885471,203.70874999999978
1189,2714.285847846285,204.76708333333318
1190,2715.9514411426794,237.0004166666672
1191,2717.6158681038232,245.97541666666666
1192,2719.279742359351,272.66708333333327
1193,2720.9436767243337,292.25041666666675
1194,2722.6052215178347,277.81708333333336
1195,2724.2680516439013,279.63374999999996
1196,2725.927882036808,324.325416666667
1197,2727.5883857711,290.56708333333336
1198,2729.2471158046374,298.35041666666666
1199,2730.9052962713613,290.40041666666684
1200,2732.563538564007,280.61708333333354
1201,2734.2200095964963,248.01708333333318
1202,2735.875932285464,229.60874999999987
1203,2737.530696390138,232.0254166666664
1204,2739.184913099534,206.88374999999996
1205,2740.838582685225,230.217083333333
1206,2742.4904856034027,187.87541666666675
1207,2744.1430621589634,180.44208333333336
1208,2745.793873395123,207.66708333333327
1209,2747.4447487006532,192.69208333333336
1210,2749.093860435687,208.30041666666648
1211,2750.741818977787,200.8754166666672
1212,2752.3898425996467,176.28375000000005
1213,2754.036713968802,219.00874999999996
1214,2755.6824339562604,184.54208333333327
1215,2757.328219629039,183.59208333333345
1216,2758.973462755965,195.31708333333336
1217,2760.6169482098608,182.99208333333354
1218,2762.2592849571884,189.46708333333345
1219,2763.9010811628855,166.69208333333336
1220,2765.5429441917354,185.29208333333372
1221,2767.1830530164984,179.65041666666684
1222,2768.8226224988543,167.19208333333336
1223,2770.4616529047985,200.54208333333327
1224,2772.1001445001534,197.15041666666684
1225,2773.7368853491857,194.16708333333327
1226,2775.3730887151173,168.49208333333354
1227,2777.0093605654465,158.5004166666672
1228,2778.6444895603086,169.092083333333
1229,2780.2778712552245,190.40041666666684
1230,2781.9113224259804,170.39208333333318
1231,2783.5442378323373,160.19208333333336
1232,2785.1754083177284,190.91708333333372
1233,2786.806044358394,185.31708333333336
1234,2788.4367505309133,173.61708333333354
1235,2790.0657141558504,158.25041666666675
1236,2791.6941445190696,134.60875000000033
1237,2793.3214381616685,160.06708333333336
1238,2794.9488029842737,209.15041666666684
1239,2796.574428678364,159.29208333333372
1240,2798.19952294601,164.16708333333372
1241,2799.824688979279,174.51708333333318
1242,2801.4481182439936,188.6587500000005
1243,2803.0710172572703,160.64208333333318
1244,2804.6927839378955,184.07541666666702
1245,2806.3146234240257,196.74208333333354
1246,2807.934127593693,158.42541666666648
1247,2809.553705479652,197.31708333333336
1248,2811.172755196017,182.95875000000024
1249,2812.7906756417533,185.85874999999987
1250,2814.4086699897716,184.75041666666675
1251,2816.0249350075715,193.98374999999987
1252,2817.640673671042,179.66708333333327
1253,2819.255285660953,151.14208333333318
1254,2820.869972582341,203.77541666666684
1255,2822.4829335490213,199.51708333333318
1256,2824.0959699599275,165.38374999999996
1257,2825.7078818950713,215.00874999999996
1258,2827.3186701953455,243.18375000000015
1259,2828.928935106271,242.9587500000007
1260,2830.538077672035,220.09208333333345
1261,2832.14669774756,242.8087499999997
1262,2833.7535979433405,265.19208333333336
1263,2835.3611741902614,234.32541666666702
1264,2836.9682287095775,246.10874999999987
1265,2838.5735652765807,272.71708333333345
1266,2840.1783813997117,287.56708333333336
1267,2841.782079480357,283.40875000000005
1268,2843.3846603524084,243.74208333333354
1269,2844.987319778013,280.700416666667
1270,2846.5894601577106,237.17541666666602
1271,2848.189887588155,244.32541666666702
1272,2849.790394134253,213.82541666666702
1273,2851.3891893933837,260.450416666667
1274,2852.987467771783,211.46708333333345
1275,2854.5846332141286,293.1004166666662
1276,2856.1812826621476,237.03375000000005
1277,2857.778012286623,248.79208333333327
1278,2859.373630303421,265.03375000000005
1279,2860.9675420035255,297.59208333333345
1280,2862.5615348211563,275.3587500000003
1281,2864.1538229733414,277.9337499999997
1282,2865.7461927405084,304.00874999999996
1283,2867.337454259011,255.40041666666684
1284,2868.929392081802,301.50874999999996
1285,2870.5184389977708,306.52541666666684
1286,2872.107568520107,300.592083333333
1287,2873.69618631964,320.35041666666666
1288,2875.2831050213204,305.43375000000015
1289,2876.8695132585763,301.675416666666
1290,2878.4554112776664,285.0337500000005
1291,2880.0413925631124,282.37541666666675
1292,2881.625677645613,298.34208333333345
1293,2883.209453629061,249.17541666666648
1294,2884.7921280920677,274.217083333333
1295,2886.3737018507313,297.3337500000007
1296,2887.955360293059,291.13374999999996
1297,2889.536510996837,280.91708333333327
1298,2891.1165623002853,303.325416666667
1299,2892.6955150172903,279.16708333333327
1300,2894.2733699608175,298.7920833333337
1301,2895.850719280258,255.73374999999987
1302,2897.426972070722,289.30875000000015
1303,2899.0027201015923,315.0420833333337
1304,2900.5779636152884,292.4754166666662
1305,2902.1532934343722,300.75041666666675
1306,2903.726938060045,301.15041666666684
1307,2905.299489070225,299.842083333333
1308,2906.8715372864003,312.4837499999999
1309,2908.4424931243807,319.5337500000005
1310,2910.0129470273523,305.31708333333336
1311,2911.5834886843318,345.175416666666
1312,2913.1529392504303,383.05875000000015
1313,2914.720710458505,391.45041666666657
1314,2916.2879814448534,439.3920833333332
1315,2917.8547524488417,447.4837499999999
1316,2919.4204352010215,511.2337500000003
1317,2920.9856188243834,585.1170833333335
1318,2922.5497154239365,672.9004166666668
1319,2924.1144896390665,831.175416666666
1320,2925.6770017893728,1051.5170833333332
1321,2927.239016513184,1344.8920833333332
1322,2928.800534047998,1809.6004166666662
1323,2930.3609674331647,2334.7504166666668
1324,2931.9209044774634,3014.6337499999995
1325,2933.4809322422384,3537.142083333333
1326,2935.0392904904134,3735.100416666667
1327,2936.5965670289706,3764.6837499999997
1328,2938.153348918198,3255.73375
1329,2939.7090503144773,2618.642083333333
1330,2941.2642579046606,1911.1920833333334
1331,2942.8189719238285,1286.9587499999998
1332,2944.3726070853595,1000.3504166666667
1333,2945.926334852879,755.1670833333337
1334,2947.478984603423,644.5837499999998
1335,2949.0299721631504,555.2754166666668
1336,2950.58046843712,487.592083333333
1337,2952.130473658724,430.700416666667
1338,2953.6805724704745,412.2754166666664
1339,2955.2284276533246,368.80041666666693
1340,2956.7763772621433,360.94208333333336
1341,2958.323253265422,362.5170833333332
1342,2959.8696401196144,366.4587499999998
1343,2961.4155380566995,337.78375000000005
1344,2962.9597807058917,317.10041666666666
1345,2964.503535638609,316.47541666666666
1346,2966.046220152785,344.4837500000003
1347,2967.5901660275213,341.717083333333
1348,2969.1318764473504,337.02541666666684
1349,2970.6731004416333,355.9087500000005
1350,2972.212673845256,358.2670833333332
1351,2973.7523440319205,390.68375000000015
1352,2975.2921106806066,381.38374999999996
1353,2976.829065233985,380.86708333333354
1354,2978.3666989053495,391.31708333333336
1355,2979.9038482622204,370.33375000000024
1356,2981.4381891405383,444.00041666666675
1357,2982.974371286465,460.11708333333354
1358,2984.507746872846,455.7504166666672
1359,2986.041801620275,491.27541666666684
1360,2987.574213190213,488.6087499999999
1361,2989.1073036457783,510.1837499999997
1362,2990.638752108089,513.6504166666664
1363,2992.1685598974027,496.10041666666666
1364,2993.6978876101653,523.450416666667
1365,2995.2278943865235,562.1004166666662
1366,2996.7562622603405,527.9420833333334
1367,2998.2841507351955,545.575416666667
1368,2999.8115600366077,488.592083333333
1369,3001.3361754675684,511.92541666666693
1370,3002.861470725067,500.59208333333345
1371,3004.38744494594,455.967083333333
1372,3005.9094717712555,468.32541666666657
1373,3007.433334745139,406.86708333333354
1374,3008.9555649681392,413.3837499999995
1375,3010.4784743273503,392.8920833333332
1376,3011.9997521064415,334.6420833333332
1377,3013.5193996125167,323.8587499999999
1378,3015.0385723570976,335.44208333333336
1379,3016.5572705626346,329.84208333333345
1380,3018.0754944514388,304.27541666666684
1381,3019.59324424568,280.56708333333336
1382,3021.1093674020144,274.75041666666675
1383,3022.6250176271055,257.04208333333327
1384,3024.1401951422063,252.56708333333336
1385,3025.653748480949,266.2337499999999
1386,3027.1679815983225,246.57541666666657
1387,3028.680591698652,257.74208333333354
1388,3030.192730689614,245.38374999999996
1389,3031.704398791268,256.30041666666693
1390,3033.214446328292,232.01708333333318
1391,3034.725173668905,202.32541666666702
1392,3036.2342815996067,217.90875000000005
1393,3037.741771411926,267.25041666666675
1394,3039.2510897929155,202.54208333333327
1395,3040.7576423845885,215.00041666666675
1396,3042.263727050231,184.74208333333354
1397,3043.76934400781,236.14208333333318
1398,3045.2744934751586,176.80041666666693
1399,3046.778028986432,213.83375000000024
1400,3048.2810981542743,193.69208333333336
1401,3049.7837011956144,191.60875000000033
1402,3051.2869839443915,206.85875000000033
1403,3052.787509765846,200.06708333333336
1404,3054.288715727926,162.56708333333336
1405,3055.787167324626,198.29208333333372
1406,3057.286299493616,178.49208333333354
1407,3058.7838236987673,180.85875000000033
1408,3060.2820281985387,169.87541666666675
1409,3061.779769009628,145.25041666666675
1410,3063.274760780816,194.842083333333
1411,3064.770433137124,184.05041666666602
1412,3066.265643156222,175.41708333333372
1413,3067.7592493281686,140.61708333333354
1414,3069.2512529247356,169.86708333333354
1415,3070.745078275596,158.67541666666693
1416,3072.237301478116,169.35875000000033
1417,3073.7279238022,161.68375000000015
1418,3075.218086479953,167.80041666666602
1419,3076.7077897239474,151.50874999999996
1420,3078.197033746622,141.2254166666662
1421,3079.685818760285,158.73375000000033
1422,3081.1730064177723,143.27541666666684
1423,3082.6597361917807,131.85041666666666
1424,3084.1448704350028,158.45041666666702
1425,3085.6306854264117,175.93375000000015
1426,3087.1149060093067,152.48374999999987
1427,3088.598670252982,166.49208333333354
1428,3090.080841907869,102.43374999999969
1429,3091.5636944535386,148.90041666666684
1430,3093.046091290721,135.22541666666666
1431,3094.528032629455,141.53375000000005
1432,3096.0072485511846,145.07541666666702
1433,3097.4871455039083,135.58374999999978
1434,3098.965453915847,158.19208333333336
1435,3100.4444430801964,128.8504166666662
1436,3101.9218448172333,150.77541666666684
1437,3103.398793703317,144.95041666666702
1438,3104.874156968755,115.78375000000005
1439,3106.3490684934927,143.44208333333336
1440,3107.823528484977,125.65041666666684
1441,3109.2975371505268,124.40875000000005
1442,3110.769963105758,136.75041666666766
1443,3112.2430700871287,103.57541666666702
1444,3113.7157263636004,119.84208333333345
1445,3115.186801588396,111.80041666666648
1446,3116.656297004706,126.27541666666639
1447,3118.12647358066,134.35041666666666
1448,3119.5950714502715,113.12541666666675
1449,3121.06435020058,110.467083333333
1450,3122.5309225168317,141.7087500000007
1451,3123.9970476395747,105.092083333333
1452,3125.4638539138377,140.2254166666662
1453,3126.9290849191,145.57541666666702
1454,3128.3938693441632,111.01708333333318
1455,3129.857080283771,113.01708333333318
1456,3131.3198457378535,130.30041666666602
1457,3132.7821659098263,126.467083333333
1458,3134.246293163656,113.18374999999969
1459,3135.706596958293,122.55041666666648
1460,3137.166456765385,124.84208333333345
1461,3138.625872787383,128.49208333333354
1462,3140.0848452266164,116.32541666666702
1463,3141.544498654811,125.48374999999987
1464,3143.0014601654952,86.80041666666602
1465,3144.4579793824837,142.31708333333336
1466,3145.9140565071466,86.842083333333
1467,3147.369691740733,97.84208333333345
1468,3148.8248852843717,106.14208333333318
1469,3150.2785150153427,104.43375000000015
1470,3151.73058215501,120.1004166666662
1471,3153.1844528551524,108.967083333333
1472,3154.6378826681735,98.85041666666666
1473,3156.088629866829,100.72541666666666
1474,3157.537817312452,110.00041666666675
1475,3158.9888070793745,71.75874999999996
1476,3160.437117544948,77.3504166666662
1477,3161.887229373963,128.05041666666602
1478,3163.3346636553065,92.51708333333318
1479,3164.7816604809163,105.07541666666702
1480,3166.2271014557505,93.40875000000051
1481,3167.6732243025776,104.87541666666675
1482,3169.117792370164,86.66708333333372
1483,3170.563042029788,66.81708333333336
1484,3172.0056207373564,99.36708333333354
1485,3173.449998337732,91.1004166666662
1486,3174.8917067289826,101.8504166666662
1487,3176.3329805938997,85.56708333333336
1488,3177.7738201289017,94.11708333333354
1489,3179.213109969817,111.717083333333
1490,3180.6530817698163,88.41708333333372
1491,3182.0926198282928,84.967083333333
1492,3183.5306097881503,97.06708333333336
1493,3184.968167069184,113.31708333333336
1494,3186.4041779838662,96.70874999999978
1495,3187.8408708279294,99.3504166666662
1496,3189.2749051519118,93.04208333333327
1497,3190.709621794292,59.56708333333336
1498,3192.1439074013942,124.88374999999996
1499,3193.577762167433,70.17541666666693
1500,3195.0100744098386,105.75041666666675
1501,3196.4419568667413,88.18374999999969
1502,3197.872298521698,82.95041666666702
1503,3199.3033223210364,55.73375000000033
1504,3200.7339169146217,60.56708333333336
1505,3202.16297228488,68.13374999999996
1506,3203.591599500868,88.88374999999996
1507,3205.018689209126,131.57541666666657
1508,3206.4453518121186,104.80874999999969
1509,3207.871587501559,92.90875000000051
1510,3209.296287918623,95.89208333333318
1511,3210.7216706872227,102.74208333333354
1512,3212.1466271165627,87.40875000000005
1513,3213.5711573978947,83.74208333333354
1514,3214.9930472717465,95.342083333333
1515,3216.415619597678,77.80875000000015
1516,3217.8366604454814,79.43375000000015
1517,3219.257277230496,81.69208333333336
1518,3220.678576046621,111.06708333333336
1519,3222.0972393712145,92.48375000000033
1520,3223.516585106165,80.19208333333336
1521,3224.9344026217054,121.65875000000051
1522,3226.3517976809435,111.70875000000069
1523,3227.768770472665,91.342083333333
1524,3229.1853211855446,102.63374999999996
1525,3230.5992428089694,88.65875000000051
1526,3232.014950586956,84.24208333333354
1527,3233.429133908259,77.35875000000033
1528,3234.8428965603753,98.19208333333336
1529,3236.2551364438073,89.25041666666675
1530,3237.666956688571,96.25041666666675
1531,3239.0783574816796,63.75041666666675
1532,3240.4893390100337,71.95875000000069
1533,3241.899901460422,95.82541666666702
1534,3243.3089443682065,53.60875000000033
1535,3244.7175692245874,105.50874999999996
1536,3246.125776215586,72.52541666666684
1537,3247.532465854694,73.17541666666602
1538,3248.938738652065,110.95041666666702
1539,3250.344594792954,127.592083333333
1540,3251.750034462507,118.38374999999996
1541,3253.15615621569,123.44208333333336
1542,3254.55966512764,109.04208333333372
1543,3255.961661053099,78.25041666666675
1544,3257.3643399411776,130.1504166666664
1545,3258.7655068600984,129.55875000000015
1546,3260.1684532069803,101.11708333333354
1547,3261.568791530406,93.00874999999996
1548,3262.9687161555707,84.07541666666702
1549,3264.3671314908506,94.65041666666684
1550,3265.7662295928862,106.02541666666639
1551,3267.1638194179777,104.56708333333336
1552,3268.560996923591,118.45041666666657
1553,3269.9566678097835,66.717083333333
1554,3271.353021546429,89.717083333333
1555,3272.7489635104453,131.96708333333345
1556,3274.143400369215,93.73375000000033
1557,3275.5374264639267,99.70875000000069
1558,3276.931041976054,131.0254166666664
1559,3278.323154537839,110.12541666666675
1560,3279.715949750458,86.43375000000015
1561,3281.106151111524,133.9087500000005
1562,3282.495943899227,101.80041666666693
1563,3283.88641955846,93.91708333333372
1564,3285.275395419,131.32541666666657
1565,3286.66396324627,111.52541666666684
1566,3288.052123220042,59.45041666666657
1567,3289.4387855367313,128.72541666666666
1568,3290.8239513352482,108.90875000000051
1569,3292.2119791296213,123.68375000000015
1570,3293.597421100456,85.90875000000051
1571,3294.9813680488046,117.05875000000015
1572,3296.364909496541,112.00874999999996
1573,3297.74804562186,106.26708333333318
1574,3299.13186435132,112.85874999999987
1575,3300.5131026174904,77.31708333333336
1576,3301.8939367319053,124.29208333333372
1577,3303.274366871923,111.94208333333336
1578,3304.654393214795,71.77541666666639
1579,3306.034015937673,109.18374999999969
1580,3307.411063535813,93.967083333333
1581,3308.788794660853,95.86708333333354
1582,3310.168293744058,120.60041666666666
1583,3311.5441346119005,97.92541666666602
1584,3312.919574010849,89.717083333333
1585,3314.2946121165996,112.55875000000015
1586,3315.669249104745,84.30875000000015
1587,3317.0434851507794,116.18375000000015
1588,3318.4173204300905,74.50874999999996
1589,3319.789672125373,75.27541666666639
1590,3321.1616240355884,57.44208333333336
1591,3322.533176335407,77.45875000000069
1592,3323.904329199394,88.2254166666662
1593,3325.272919338173,125.40875000000051
1594,3326.6421930662527,60.28375000000051
1595,3328.0110685106292,84.55041666666602
1596,3329.380626633505,68.842083333333
1597,3330.747625243173,100.01708333333318
1598,3332.114226718211,61.98375000000033
1599,3333.4804312316564,112.65875000000051
1600,3334.8451594232074,84.80041666666693
1601,3336.210570845635,90.51708333333318
1602,3337.5745069181403,127.73375000000033
1603,3338.938047346186,90.467083333333
1604,3340.3011923018953,88.9754166666662
1605,3341.6628639887695,107.83375000000069
1606,3343.0241411720785,88.45875000000069
1607,3344.3850240232423,104.217083333333
1608,3345.7444356812584,101.74208333333354
1609,3347.1045306938704,74.47541666666666
1610,3348.4642318878605,132.4087500000005
1611,3349.8224633369177,86.99208333333354
1612,3351.179226145644,90.53375000000051
1613,3352.536672368261,90.44208333333336
1614,3353.8926509129556,111.87541666666675
1615,3355.249312589875,76.14208333333318
1616,3356.6045075503444,83.91708333333327
1617,3357.9582368953124,70.31708333333336
1618,3359.3126495709275,92.10875000000033
1619,3360.664523976314,92.35875000000033
1620,3362.017082050294,88.15875000000005
1621,3363.3681770438293,96.04208333333372
1622,3364.7188827387545,110.092083333333
1623,3366.069199303302,101.04208333333372
1624,3367.420198973138,78.05041666666602
1625,3368.7697374724935,93.9754166666662
1626,3370.1188873457186,91.1004166666662
1627,3371.4665776189613,92.39208333333318
1628,3372.812809384273,91.25041666666675
1629,3374.1607953104253,111.11708333333354
1630,3375.5062528450176,63.28375000000051
1631,3376.8513238221444,84.19208333333336
1632,3378.197078011631,85.65041666666684
1633,3379.54030677018,35.15875000000051
1634,3380.883150084685,90.60041666666666
1635,3382.2266768035934,62.658750000000055
1636,3383.567681045004,39.342083333332994
1637,3384.909369022297,98.20041666666657
1638,3386.2517399818116,93.40041666666639
1639,3387.590523341753,87.38374999999996
1640,3388.9310577782385,79.89208333333318
1641,3390.2690742380623,76.90041666666639
1642,3391.607774340872,53.31708333333336
1643,3392.9460910997877,112.29208333333372
1644,3394.282958749409,78.24208333333354
1645,3395.6194439943206,61.79208333333372
1646,3396.9544816779326,79.0004166666672
1647,3398.2902029101174,69.15875000000051
1648,3399.6244775175655,60.23375000000033
1649,3400.958370984306,76.58375000000069
1650,3402.2908193697103,61.883749999999964
1651,3403.622887548361,83.80874999999969
1652,3404.9556391797873,82.48374999999987
1653,3406.2880103228385,90.00041666666675
1654,3407.6178753606814,64.00874999999996
1655,3408.9484240354104,45.017083333333176
1656,3410.276468747551,91.15041666666639
1657,3411.6062594022137,77.51708333333318
1658,3412.9346093079093,60.99208333333354
1659,3414.2615195337094,95.00874999999996
1660,3415.588052222392,58.133749999999964
1661,3416.9142075350615,60.017083333333176
1662,3418.2399856327297,81.65041666666639
1663,3419.56538667632,42.008749999999964
1664,3420.888291088966,58.82541666666657
1665,3422.2129391094372,53.54208333333372
1666,3423.5361512910945,70.16708333333372
1667,3424.858987663075,41.20041666666657
1668,3426.179331054391,42.433750000000146
1669,3427.5003585229756,66.90875000000051
1670,3428.82206932736,90.16708333333372
1671,3430.142347196645,68.04208333333372
1672,3431.4611931903773,87.50041666666675
1673,3432.7807226978384,86.65041666666639
1674,3434.097764381201,48.29208333333372
1675,3435.4144333287413,87.02541666666639
1676,3436.731785966715,62.142083333333176
1677,3438.047709618322,60.60875000000033
1678,3439.363261008595,49.60875000000033
1679,3440.678440295475,59.28375000000051
1680,3441.993247636812,87.13374999999996
1681,3443.305573639792,27.61708333333354
1682,3444.618583682181,21.342083333332994
1683,3445.9312228476947,26.75041666666675
1684,3447.243491293448,25.28375000000051
1685,3448.554335591889,60.83375000000069
1686,3449.8648100792016,52.800416666666024
1687,3451.1749149118577,27.317083333333358
1688,3452.4846502462433,26.717083333332994
1689,3453.791911444972,60.53375000000051
1690,3455.1009088450364,75.78375000000051
1691,3456.407433607159,67.61708333333354
1692,3457.7135906803023,54.675416666666024
1693,3459.021482644022,93.26708333333318
1694,3460.3269042132333,99.51708333333318
1695,3461.630907938316,36.95875000000069
1696,3462.935595511122,63.49208333333354
1697,3464.238866140054,49.58375000000069
1698,3465.5428203353335,83.20041666666657
1699,3466.8443090459086,29.592083333332994
1700,3468.146481631337,48.99208333333354
1701,3469.44723965952,4.883749999999964
1702,3470.7476327243676,73.28375000000051
1703,3472.0476609794578,80.20041666666657
1704,3473.346276609356,32.967083333332994
1705,3474.644528323944,30.12541666666675
1706,3475.9424162761734,77.29208333333372
1707,3477.2409877072378,55.98375000000033
1708,3478.537101504924,43.29208333333372
1709,3479.833899086919,77.55875000000015
1710,3481.129287308416,48.45875000000069
1711,3482.4243131166177,55.52541666666639
1712,3483.7200222874344,21.142083333333176
1713,3485.0132781013153,24.12541666666675
1714,3486.3061725423586,49.33375000000069
1715,3487.598705762009,45.808750000000146
1716,3488.88983345584,68.95875000000069
1717,3490.1816449784133,62.008749999999964
1718,3491.4720518605714,59.350416666666206
1719,3492.7620987088458,22.74208333333354
1720,3494.0507423832632,61.550416666666024
1721,3495.3411129062883,65.57541666666657
1722,3496.629037847736,15.150416666666388
1723,3497.915561520164,34.392083333333176
1724,3499.2027692009337,55.73374999999942
1725,3500.4896183309042,26.350416666666206
1726,3501.7750675119096,62.04208333333372
1727,3503.06015902142,40.31708333333336
1728,3504.3448930086943,31.25041666666675
1729,3505.629269622912,57.642083333333176
1730,3506.9122486233987,36.87541666666675
1731,3508.1938310263745,22.275416666666388
1732,3509.4760974712194,40.53375000000051
1733,3510.7580077164157,46.79208333333372
1734,3512.038522675684,38.10875000000033
1735,3513.3186823089663,47.07541666666657
1736,3514.5984867641423,32.15041666666639
1737,3515.877936189005,67.20875000000069
1738,3517.1559926490468,47.29208333333372
1739,3518.433694949635,51.800416666666024
1740,3519.712080745016,82.28375000000051
1741,3520.9880376611272,39.95875000000069
1742,3522.2636414335607,85.18375000000015
1743,3523.538892208904,77.03375000000051
1744,3524.8137901336645,41.48375000000033
1745,3526.0883353542667,46.98375000000033
1746,3527.360456445156,36.350416666666206
1747,3528.634297269305,28.79208333333372
1748,3529.907785827851,11.40875000000051
1749,3531.1788524120752,39.82541666666657
1750,3532.450602808174,54.892083333333176
1751,3533.7199332356977,52.40875000000051
1752,3534.9899477654776,29.83375000000069
1753,3536.2585781147527,17.850416666666206
1754,3537.527892285545,21.071249999999964
1755,3538.7958231355856,24.29208333333372
1756,3540.0634045952875,48.27541666666639
1757,3541.330636809047,39.15041666666639
1758,3542.59751992118,35.33375000000069
1759,3543.861989919433,10.358750000000327
1760,3545.1271440350247,20.442083333333358
1761,3546.3909185384823,62.44208333333336
1762,3547.6564081056385,21.20041666666657
1763,3548.9194874045456,34.19208333333336
1764,3550.1822195995696,10.058750000000146
1765,3551.443574456673,-0.09124999999949068
1766,3552.7045830618217,78.98375000000033
1767,3553.9673051804525,24.508749999999964
1768,3555.2276211440817,87.842083333333
1769,3556.486562037161,38.550416666666024
1770,3557.7461867768798,15.983750000000327
1771,3559.004437294867,50.73375000000033
1772,3560.2623429791934,55.40875000000051
1773,3561.5188758531717,67.80875000000015
1774,3562.776092576979,13.36708333333354
1775,3564.0319373365523,30.75041666666675
1776,3565.2884656657047,8.300416666666024
1777,3566.542595882828,36.16708333333372
1778,3567.7974099516127,27.36708333333354
1779,3569.050854307224,55.74208333333354
1780,3570.3039560833045,45.66708333333372
1781,3571.556715420279,15.808750000000146
1782,3572.809132458498,28.33375000000069
1783,3574.0601820278453,32.433750000000146
1784,3575.3108901387895,19.86708333333354
1785,3576.5602321800266,7.708750000000691
1786,3577.8102580730165,14.308750000000146
1787,3579.0589187343585,30.267083333333176
1788,3580.3072390543402,40.65041666666639
1789,3581.554195537798,28.342083333332994
1790,3582.8028592266605,45.20875000000069
1791,3584.0491362804487,38.74208333333354
1792,3585.294051307719,43.717083333332994
1793,3586.5396503220118,82.33375000000069
1794,3587.7849103849235,31.150416666666388
1795,3589.0298316347894,16.767083333333176
1796,3590.272370837845,28.65875000000051
1797,3591.5166154320946,22.58375000000069
1798,3592.758479366013,9.433750000000146
1799,3594.0000061489764,40.258749999999964
1800,3595.241195918264,1.3754166666667516
1801,3596.4820488110836,26.633749999999964
1802,3597.721544941565,22.442083333333358
1803,3598.9617247695173,7.633749999999964
1804,3600.2005486622284,9.000416666666752
1805,3601.439036779267,34.225416666666206
1806,3602.676170339564,22.350416666666206
1807,3603.913987590751,7.350416666666206
1808,3605.149432743696,53.600416666666206
1809,3606.386579949831,-4.557916666666642
1810,3607.622374247093,11.733750000000327
1811,3608.856816597817,25.025416666666388
1812,3610.09092522751,47.383749999999964
1813,3611.3236832818393,6.7504166666667516
1814,3612.557125150166,43.33375000000069
1815,3613.7892172627644,-8.63291666666646
1816,3615.0209767440306,40.70041666666657
1817,3616.2524037286503,45.142083333333176
1818,3617.483498351233,11.217083333332994
1819,3618.714260746318,35.892083333333176
1820,3619.94266090881,-10.907916666667006
1821,3621.171745003619,25.142083333333176
1822,3622.3994832981116,50.23375000000033
1823,3623.6289194952237,25.925416666666024
1824,3624.8559961834453,21.608750000000327
1825,3626.0827425420043,19.900416666666388
1826,3627.30814527349,20.70875000000069
1827,3628.533218487204,11.225416666666206
1828,3629.757962316042,42.508749999999964
1829,3630.982376892828,26.65875000000051
1830,3632.205450008647,77.41708333333372
1831,3633.4302188211873,28.66708333333372
1832,3634.652634640393,67.00874999999996
1833,3635.87371075532,11.133749999999964
1834,3637.095470622151,-5.482916666666824
1835,3638.3158915914814,33.32541666666657
1836,3639.535985321249,21.53375000000051
1837,3640.7557519430534,23.525416666666388
1838,3641.9751915884244,48.19208333333336
1839,3643.193294488609,-10.682916666666642
1840,3644.4110712162383,17.142083333333176
1841,3645.628521902304,23.86708333333354
1842,3646.8456466777284,46.008749999999964
1843,3648.061436853891,52.350416666666206
1844,3649.2769019207603,30.66708333333372
1845,3650.493050288813,3.5754166666665697
1846,3651.706857248099,8.642083333333176
1847,3652.920340027773,36.90875000000051
1848,3654.1334987576865,13.308750000000146
1849,3655.3463335676247,-9.274583333333794
1850,3656.558844587304,17.95041666666657
1851,3657.7710319463695,-7.791249999999309
1852,3658.980882979757,34.23375000000033
1853,3660.191417814259,23.95041666666657
1854,3661.400624052017,47.70875000000069
1855,3662.610513812404,-15.391249999999673
1856,3663.819075769867,53.57541666666657
1857,3665.0263108563504,-4.274583333333794
1858,3666.234229583443,22.358749999999418
1859,3667.4418267541714,33.08375000000069
1860,3668.6480982413404,15.758749999999964
1861,3669.8540489631223,5.708750000000691
1862,3671.0586753255952,24.025416666666388
1863,3672.2639851671347,49.717083333332994
1864,3673.4679714382128,31.800416666666024
1865,3674.671637988084,29.567083333333358
1866,3675.8739822879734,13.375416666666752
1867,3677.077010043544,26.092083333332994
1868,3678.2787163355088,47.53375000000051
1869,3679.480103946797,28.61708333333354
1870,3680.6801714112016,27.54208333333372
1871,3681.8799209791896,27.24208333333354
1872,3683.079352777059,72.05041666666602
1873,3684.2794677284064,4.192083333333358
1874,3685.477263567306,37.433750000000146
1875,3686.6757428119467,8.592083333332994
1876,3687.872904788058,52.29208333333372
1877,3689.0687504149564,48.467083333332994
1878,3690.2662790343516,16.50041666666675
1879,3691.4614923455124,-0.5245833333337941
1880,3692.6553910043467,33.475416666666206
1881,3693.8499732925884,-3.399583333333794
1882,3695.0442401248984,40.52541666666639
1883,3696.237193470689,38.04208333333372
1884,3697.4288342446666,50.433750000000146
1885,3698.62215624873,-9.532916666667006
1886,3699.8131685636768,24.33375000000069
1887,3701.0048642017537,29.78375000000051
1888,3702.1952488173442,-13.88291666666646
1889,3703.385319900593,4.783750000000509
1890,3704.574081259492,20.62541666666675
1891,3705.7635259118874,52.03375000000051
1892,3706.9516616116803,21.392083333333176
1893,3708.1394847980814,21.16708333333372
1894,3709.3260003263363,28.07541666666657
1895,3710.5131991174408,20.425416666666024
1896,3711.6980962745533,-1.5162499999996726
1897,3712.8836769401414,15.817083333333358
1898,3714.0679520073927,19.858750000000327
1899,3715.2519163438374,47.40875000000051
1900,3716.4355700717556,0.7504166666667516
1901,3717.6199067540906,-9.057916666666642
1902,3718.8029393709926,70.50041666666675
1903,3719.9836759061986,20.32541666666657
1904,3721.1660886818454,26.092083333332994
1905,3722.3462066598327,17.758749999999964
1906,3723.52700794131,7.042083333333721
1907,3724.707499987948,20.50041666666675
1908,3725.8866913005786,1.0670833333333576
1909,3727.064582778765,30.90875000000051
1910,3728.243157525733,44.70875000000069
1911,3729.4204331983983,5.092083333332994
1912,3730.596410694259,12.750416666666752
1913,3731.773071561724,24.37541666666675
1914,3732.950415144974,3.967083333332994
1915,3734.1244815542364,19.133749999999964
1916,3735.300220987283,30.383749999999964
1917,3736.4736748453265,44.29208333333372
1918,3737.6468228653366,-9.957916666666279
1919,3738.819665166865,63.36708333333354
1920,3739.9931903886345,-5.091249999999491
1921,3741.1654213540783,25.66708333333372
1922,3742.336358955124,35.425416666666024
1923,3743.5069918297895,3.6587500000005093
1924,3744.677320097014,34.61708333333354
1925,3745.8473438756723,25.550416666666024
1926,3747.015089330959,42.758749999999964
1927,3748.1845050022725,34.467083333332994
1928,3749.353616541078,25.525416666666388
1929,3750.520451651128,7.733750000000327
1930,3751.6869838906096,-2.699583333333976
1931,3752.8532133774283,-3.0912499999994907
1932,3754.019140229431,67.00041666666675
1933,3755.185749748668,-9.082916666666279
1934,3756.350086500063,13.417083333333721
1935,3757.5141214806395,22.592083333332994
1936,3758.6768703892,0.30041666666602396
1937,3759.840302435044,54.85875000000033
1938,3761.0024491529985,40.600416666666206
1939,3762.1642950783853,10.250416666666752
1940,3763.32584032797,30.483750000000327
1941,3764.486101873176,32.99208333333354
1942,3765.648029266487,-26.807916666666642
1943,3766.8076905519583,14.20041666666657
1944,3767.967052136163,17.61708333333354
1945,3769.12513200614,19.592083333332994
1946,3770.282912914385,13.458750000000691
1947,3771.441376598831,31.28374999999869
1948,3772.5985596774817,28.54208333333372
1949,3773.7544630259504,15.642083333333176
1950,3774.91006838148,42.300416666666024
1951,3776.0653758592916,24.78375000000051
1952,3777.2203855745456,39.15875000000051
1953,3778.375097642342,8.842083333332994
1954,3779.528532325486,-7.157916666667006
1955,3780.6806904956006,23.275416666666388
1956,3781.8345110680266,20.300416666666024
1957,3782.9860762605244,21.900416666666388
1958,3784.138324231966,-9.67458333333343
1959,3785.289297156118,27.567083333333358
1960,3786.4389959019154,20.217083333332994
1961,3787.5893775173563,12.15875000000051
1962,3788.7384856848994,12.78375000000051
1963,3789.887298859452,-13.066249999999854
1964,3791.035817154591,-5.682916666666642
1965,3792.1840406838387,51.82541666666657
1966,3793.3300158894417,8.933750000000146
1967,3794.4776507284814,-5.607916666666824
1968,3795.6230384718815,39.383749999999964
1969,3796.769108988554,12.57541666666657
1970,3797.9148858061344,25.29208333333372
1971,3799.0593934526687,17.192083333333358
1972,3800.202632790131,61.57541666666657
1973,3801.3455797653655,32.800416666666024
1974,3802.4892093271214,17.525416666666388
1975,3803.63157166503,4.717083333332994
1976,3804.7736419770395,20.11708333333354
1977,3805.9134721963965,-2.4245833333334303
1978,3807.054959290298,14.400416666666388
1979,3808.1942075097922,47.36708333333354
1980,3809.3341384886226,53.40874999999869
1981,3810.4737784974923,7.1254166666667516
1982,3811.612154800754,88.74208333333081
1983,3812.750240853054,49.258749999999054
1984,3813.887064414101,30.37541666666675
1985,3815.0245705452417,21.758749999999964
1986,3816.1608149022277,-4.266249999999673
1987,3817.295798338201,13.133749999999964
1988,3818.4314644283536,29.058750000000146
1989,3819.566841426992,-6.082916666666279
1990,3820.700958577348,42.300416666666024
1991,3821.8347873507896,-8.532916666667006
1992,3822.9683278572925,35.70875000000069
1993,3824.1006100796953,6.017083333333176
1994,3825.2316348669365,-0.7079166666662786
1995,3826.3633423366778,22.067083333333358
1996,3827.494762471095,7.358750000000327
1997,3828.62492623697,54.11708333333354
1998,3829.754803378055,13.692083333333358
1999,3830.8843940033717,17.258749999999964
2000,3832.013698221889,20.32541666666657
2001,3833.1417479822044,43.392083333333176
2002,3834.2695120440785,4.32541666666657
2003,3835.396990516035,58.967083333332994
2004,3836.524183506544,20.967083333332994
2005,3837.649156763139,-1.3412499999994907
2006,3838.7748126696306,12.258749999999964
2007,3839.9001839088005,-18.641249999999673
2008,3841.024304141403,11.050416666666024
2009,3842.148140411017,9.467083333332994
2010,3843.2716928252253,-12.724583333333612
2011,3844.394961491558,-10.891249999999673
2012,3845.5179465174906,8.458750000000691
2013,3846.6396827826825,36.81708333333336
2014,3847.7601711248435,15.300416666666024
2015,3848.8813418634054,-23.991250000000036
2016,3850.0022298773843,29.70041666666657
2017,3851.1218710187627,15.78375000000051
2018,3852.240266123023,34.75041666666675
2019,3853.359343564056,27.383749999999964
2020,3854.4771756661703,10.233750000000327
2021,3855.5947265478135,-9.724583333333612
2022,3856.7119963150944,49.25041666666675
2023,3857.828022273713,56.12541666666675
2024,3858.943767814044,51.52541666666639
2025,3860.060195358401,-18.482916666666824
2026,3861.175380137406,22.20041666666657
2027,3862.2893229817914,10.942083333333358
2028,3863.4039479051908,5.28374999999869
2029,3864.516370236916,48.50041666666675
2030,3865.630435967557,14.11708333333354
2031,3866.7432611500362,-1.7495833333332484
2032,3867.854846612561,27.49208333333354
2033,3868.966153569202,13.70041666666657
2034,3870.076221978108,-11.38291666666646
2035,3871.1860125711582,10.61708333333354
2036,3872.2955254526314,4.283750000000509
2037,3873.405720152695,24.108750000000327
2038,3874.5137184977084,12.99208333333354
2039,3875.6223988696115,1.4920833333335395
2040,3876.729843240149,14.483750000000327
2041,3877.8370108989993,26.258749999999964
2042,3878.9429437222425,54.258749999999964
2043,3880.0486005196417,16.983750000000327
2044,3881.1558968931527,8.358750000000327
2045,3882.2610014708557,10.183750000000146
2046,3883.3639157897755,37.20875000000069
