,Rshift,20241220_090900_900
0,-27.28431624923972,-5.563125000000582
1,-24.137810440559743,-3.5047916666662786
2,-20.992855305911224,-1.0047916666662786
3,-17.849449699264277,9.4868749999996
4,-14.709577990190768,-26.829791666667006
5,-11.570259296931825,4.478541666666388
6,-8.432485724277697,24.9868749999996
7,-5.297247424298958,11.453541666666752
8,-2.163550990117585,28.103541666666388
9,0.9686047153885033,-4.688125000000582
10,4.098230996806874,8.920208333332994
11,7.226319793020991,-3.913125000000946
12,10.351883377225125,-7.913125000000946
13,13.47690108550667,41.06187499999942
14,16.599396813964887,3.961874999999054
15,19.71937314585023,64.25354166666602
16,22.838806501711186,199.28687499999978
17,25.95572368194708,213.99520833333372
18,29.070127261761424,187.45354166666675
19,32.18399075351902,220.94520833333354
20,35.29534385461391,162.1035416666664
21,38.40517363784589,170.94520833333354
22,41.51249719788232,184.31187499999942
23,44.61928418112446,160.18687499999942
24,47.72258507542738,167.14520833333336
25,50.82535162225085,158.20354166666675
26,53.926601392168415,162.94520833333354
27,57.02437225535298,162.08687499999905
28,60.12063048208482,128.5535416666662
29,63.215377180019566,117.28687499999978
30,66.30959363994587,158.66187499999978
31,69.40034041471665,195.4785416666664
32,72.48860070466732,183.83687499999905
33,75.57731329740307,146.33687499999905
34,78.66256333475965,118.59520833333318
35,81.74631037256418,131.4285416666662
36,84.82855550884238,166.74520833333372
37,87.90929984055099,195.43687499999942
38,90.98756809333871,172.64520833333336
39,94.06433868236475,131.07020833333354
40,97.1405881209893,170.07020833333354
41,100.21339123894579,178.51187499999924
42,103.28470091617095,134.84520833333318
43,106.35354424187857,130.69520833333354
44,109.42187077517436,214.22020833333318
45,112.48676102238159,161.8535416666664
46,115.55113664681949,175.170208333333
47,118.61402520538982,165.91187499999978
48,121.67445614213274,161.16187499999978
49,124.73243195142234,162.46187499999905
50,127.78989651750489,171.40354166666657
51,130.84490905385366,161.39520833333336
52,133.89844180364437,169.34520833333318
53,136.94952655484522,167.51187499999924
54,139.9991346065499,181.45354166666675
55,143.04726703056593,181.09520833333318
56,146.09295701676533,152.20354166666675
57,149.13717445172796,141.41187499999978
58,152.18088734856704,197.57854166666675
59,155.22216241584337,129.91187499999978
60,158.26003610937104,176.75354166666602
61,161.29740892735327,172.71187499999905
62,164.33331545412594,176.52020833333336
63,167.36679213777288,211.20354166666675
64,170.39880558285302,162.71187499999905
65,173.42839316438452,223.14520833333336
66,176.45652055224213,205.06187499999942
67,179.48318880184246,247.295208333333
68,182.50936125878457,223.69520833333354
69,185.532152102855,262.44520833333354
70,188.5525265301561,230.81187499999942
71,191.57336968606344,217.74520833333372
72,194.59083808475233,267.46187499999905
73,197.60685550341933,234.03687499999978
74,200.6195039541193,234.1035416666664
75,203.6335825290436,231.62854166666602
76,206.64429514705586,265.795208333333
77,209.6516456142998,260.33687499999905
78,212.66042610825713,267.9785416666664
79,215.66584745221635,274.128541666666
80,218.6688701982906,289.65354166666657
81,221.6704530579928,285.94520833333354
82,224.67155290628202,258.21187499999905
83,227.67025864025692,281.77020833333336
84,230.66561774334488,325.128541666666
85,233.66145185846995,299.70354166666675
86,236.65489724395556,305.4368749999994
87,239.64595629990657,332.6785416666662
88,242.63558452041616,332.9285416666662
89,245.62378293194837,337.6035416666664
90,248.60960037381219,334.07020833333354
91,251.59399096676356,335.670208333333
92,254.57695573333737,357.57020833333354
93,257.5584956950971,385.20354166666675
94,260.5367111357406,365.753541666666
95,263.51445554100974,391.1618749999998
96,266.4907791062013,430.045208333333
97,269.4647338389515,412.9702083333332
98,272.4372706690054,447.89520833333336
99,275.40839061015055,624.6368749999992
100,278.3771470222574,775.6535416666666
101,281.34354227106166,1014.2702083333334
102,284.3104189718883,1386.5535416666662
103,287.27304392780604,1886.3202083333335
104,290.2342597498509,2392.1202083333337
105,293.19501284369574,2848.836874999999
106,296.15435791399693,3313.8868749999992
107,299.11135146313717,3710.161875
108,302.06599584060206,3971.303541666667
109,305.020180602477,4220.920208333333
110,307.97107593352354,4309.028541666666
111,310.9205709374285,4399.586874999999
112,313.8696088729118,4436.211874999999
113,316.81630576431763,4460.628541666666
114,319.7616053156739,4467.520208333333
115,322.70362667554014,4521.303541666667
116,325.6461354188213,4618.236874999999
117,328.5863097684562,4673.845208333334
118,331.5232124643944,4891.045208333333
119,334.4596645888623,4968.320208333333
120,337.3956657948935,5040.836874999999
121,340.32746272332156,5275.961874999999
122,343.2588115920873,5424.270208333333
123,346.18877468724133,5578.778541666666
124,349.1164160675589,5779.103541666666
125,352.0426745233984,5987.220208333334
126,354.9666149953233,6262.336874999999
127,357.89011098210506,6615.070208333333
128,360.810356668617,7188.620208333334
129,363.730159822777,7884.561874999999
130,366.64858582226634,8702.320208333333
131,369.5647018076031,9488.903541666667
132,372.47851007211335,10030.186875
133,375.3909458601356,7927.353541666666
134,378.3020101411441,8879.928541666668
135,381.2107718077643,7731.036875
136,384.1190964182033,7003.386875
137,387.0260524242806,6416.045208333333
138,389.92977926968416,6169.611874999999
139,392.8321411918916,5967.811874999999
140,395.73313915306505,5781.261875
141,398.63277411446904,5720.786875
142,401.53011802317604,5698.845208333334
143,404.42610172424645,5621.653541666666
144,407.32072617531486,5611.936874999999
145,410.21306462703984,5593.545208333333
146,413.10404661153893,5393.578541666667
147,415.99274624637286,5540.903541666666
148,418.88101859200884,5478.795208333333
149,421.7670113614339,5375.286875
150,424.6507268069978,5484.053541666667
151,427.534017380677,5513.345208333334
152,430.4150333946642,5456.186874999999
153,433.29377709457617,5473.286875
154,436.171174526634,5412.228541666666
155,439.0481500067328,5444.120208333334
156,441.9219343629885,5395.628541666666
157,444.7943761439507,5327.553541666667
158,447.6663983684335,5402.086874999999
159,450.53615738925754,5364.653541666666
160,453.4036554368587,5255.228541666666
161,456.2698155263778,5266.628541666666
162,459.13371823570486,5217.770208333333
163,461.99720564598897,5116.561874999999
164,464.85751890297826,5032.503541666666
165,467.71741872718127,5066.611874999999
166,470.57598612114396,5099.570208333333
167,473.4313855832414,5140.336874999999
168,476.28729176382114,5139.495208333334
169,479.1400335802938,5159.136875
170,481.9905314565158,5055.803541666667
171,484.84062061516414,4913.328541666667
172,487.68846853613957,4781.920208333333
173,490.5359087351512,4546.120208333334
174,493.3792799303744,4152.736874999999
175,496.22407571145703,4082.3202083333326
176,499.06480688058537,3867.0702083333335
177,501.90513400978284,3622.970208333334
178,504.742316141402,3433.878541666666
179,507.58092228765565,3285.3285416666668
180,510.41547342909644,3165.753541666666
181,513.2477988173791,3034.3952083333334
182,516.0815480007475,2938.2285416666664
183,518.9103381523065,2869.0785416666668
184,521.7387302367048,2810.6368749999992
185,524.5667238977102,2765.636875
186,527.3915883150893,2739.461874999999
187,530.2151463911312,2660.161875
188,533.0383083453657,2586.2452083333337
189,535.8592560354984,2559.753541666666
190,538.6770831531306,2522.9035416666666
191,541.4945172807625,2487.536875
192,544.3106504268214,2450.036875
193,547.1254834922145,2447.7702083333334
194,549.9372037825524,2445.9368749999994
195,552.7476274645466,2369.920208333333
196,555.557661396232,2349.5285416666666
197,558.3654941332069,2337.003541666666
198,561.1711278231132,2331.536875
199,563.9763740302524,2277.8202083333335
200,566.7785195179079,2262.928541666666
201,569.5802793070004,2285.1452083333334
202,572.3789426562782,2246.1202083333337
203,575.1781251319061,2236.3535416666664
204,577.9742146080273,2238.086874999999
205,580.7690188937156,2253.445208333333
206,583.5634406759264,2256.211874999999
207,586.3547754365092,2247.4952083333337
208,589.1448284899731,2264.286875
209,591.9336007189041,2263.678541666666
210,594.7210930050775,2302.211874999999
211,597.5055067627944,2277.095208333333
212,600.2895433101347,2226.461874999999
213,603.0732022878761,2202.878541666666
214,605.8537878481096,2145.4035416666657
215,608.6322014233208,2133.0702083333335
216,611.4093427963033,2176.0368750000002
217,614.1861101036463,2192.2868750000002
218,616.9598124291359,2172.195208333333
219,619.7331424337686,2148.6035416666664
220,622.505203725734,2054.6202083333337
221,625.2742059305338,2024.9952083333333
222,628.0419428000752,1954.6785416666662
223,630.8075203969969,2012.5285416666666
224,633.5736240010797,1940.736875
225,636.3366760769657,1927.6952083333335
226,639.098467097401,1963.9118750000002
227,641.8589979255039,1965.711874999999
228,644.6182694236076,1952.5618749999994
229,647.3744977383801,1933.2452083333337
230,650.1303620232678,1956.611875
231,652.8849703729016,1934.086874999999
232,655.6365413689031,1973.1035416666664
233,658.3877505014291,1984.4285416666662
234,661.1377070819738,1989.3035416666662
235,663.8855220435962,1997.2702083333334
236,666.6320869725545,2006.2452083333333
237,669.3765136087061,2027.4952083333337
238,672.1196927253785,2080.628541666666
239,674.8607368678764,2113.303541666666
240,677.6005359979608,2113.595208333333
241,680.3408659606193,2048.086874999999
242,683.0772897079983,1994.8702083333333
243,685.8124717904553,1949.1035416666664
244,688.545526761953,1971.445208333333
245,691.2782284505098,1937.9118749999998
246,694.0088055188429,1940.1785416666662
247,696.7381450997262,1917.8868749999992
248,699.4662480342079,1933.6868749999999
249,702.1922308778788,1968.1785416666662
250,704.9169795556986,1894.3868749999992
251,707.6404949056167,1921.236875
252,710.3618946801053,1924.3702083333337
253,713.0811809136846,1991.6785416666662
254,715.7992379247568,1964.0618749999999
255,718.5178303221388,1962.8868749999997
256,721.232549101209,2023.7202083333327
257,723.946923043364,2047.070208333333
258,726.6591903985808,2082.7868750000002
259,729.3702334856129,2148.5785416666668
260,732.0791732343926,2205.395208333333
261,734.7860116633555,2270.428541666666
262,737.4933881052642,2387.9702083333327
263,740.1986648794762,2433.928541666666
264,742.9009656863793,2473.9868749999996
265,745.6038053949877,2422.928541666666
266,748.3027948427829,2398.111875
267,751.0023240452123,2281.295208333333
268,753.6997612549775,2255.5785416666668
269,756.3951084757753,2184.2618749999992
270,759.0883677085873,2185.3285416666668
271,761.7804165027665,2180.1368749999992
272,764.4730059891978,2203.8368749999995
273,767.161760802308,2237.070208333333
274,769.8493084081631,2251.7118749999995
275,772.5373975778823,2307.4118750000002
276,775.2225324226614,2290.095208333333
277,777.9055893020778,2196.286875
278,780.5865702013685,2258.6952083333335
279,783.2680943403964,2302.0952083333327
280,785.94754411685,2258.836874999999
281,788.6249215114218,2262.795208333333
282,791.301099742469,2289.3285416666668
283,793.9752087651893,2298.5452083333325
284,796.6481210140968,2216.861875
285,799.3198372924204,2233.8535416666664
286,801.9903584026715,2181.145208333333
287,804.6588158534753,2198.9952083333337
288,807.3260805162536,2191.686875
289,809.9921531905816,2184.7118749999995
290,812.6552984182088,2126.9368749999994
291,815.3172548048767,2145.036875
292,817.9788905003605,2134.1035416666664
293,820.6393381718575,2132.2618749999997
294,823.2968654545798,2188.1452083333334
295,825.953207848906,2223.378541666666
296,828.6092319547788,2153.9952083333333
297,831.2623411407403,2107.8285416666668
298,833.9142685842397,2004.9785416666664
299,836.5650150746521,1916.8452083333332
300,839.214581400652,1948.836874999999
301,841.8621044684179,1939.1202083333333
302,844.5084497156973,1892.3702083333337
303,847.1536179282938,1852.5368750000002
304,849.7967471614515,1880.003541666666
305,852.4387016963278,1846.7452083333337
306,855.0786203523927,1818.070208333333
307,857.7182282217098,1844.7285416666664
308,860.3549413428963,1885.2368749999996
309,862.9904844220963,1847.820208333333
310,865.6265791063319,1870.486875
311,868.2589236210457,1873.670208333333
312,870.8901011907012,1904.2952083333325
313,873.5201125911036,1919.9702083333327
314,876.1489585973727,1922.7452083333333
315,878.7757814546823,1908.9118749999998
316,881.401441226342,1944.2118749999995
317,884.0267964539792,1907.861875
318,886.6492746012391,1966.736875
319,889.2705927365037,2002.4702083333332
320,891.889894997582,2067.4535416666668
321,894.5080395422766,2161.2702083333334
322,897.1250271379771,2323.0952083333327
323,899.7400030545731,2518.178541666666
324,902.3555345485436,3035.461874999999
325,904.9673464118688,4498.803541666667
326,907.578860262243,6790.253541666666
327,910.1875137688562,9321.528541666667
328,912.7967243978754,10463.336874999999
329,915.4030777129715,9639.678541666668
330,918.008282448971,6810.611874999999
331,920.6131918479454,4474.036875
332,923.2152492193081,2994.0618749999994
333,925.8153093048101,2303.036875
334,928.4150767007262,1973.2618749999992
335,931.0137000550731,1791.9035416666666
336,933.6094789049918,1709.5118749999992
337,936.2049669537362,1620.753541666666
338,938.7993139710164,1557.2118749999995
339,941.3916712212085,1536.8535416666664
340,943.9820405752965,1516.878541666666
341,946.5721213861391,1498.0118749999997
342,949.1602165457788,1496.4118750000002
343,951.7471759172602,1466.2702083333334
344,954.3321526227504,1454.0952083333327
345,956.915995777856,1482.2618749999997
346,959.4978592456448,1410.8952083333334
347,962.0785913955167,1406.7285416666664
348,964.6581929708851,1407.611875
349,967.2366647145176,1402.6868749999999
350,969.8123165688366,1389.4368749999994
351,972.3885316148301,1350.7118749999995
352,974.9619297326224,1310.0535416666662
353,977.5342024606138,1277.2868749999998
354,980.1053505368706,1295.0535416666662
355,982.6745311457491,1303.6785416666662
356,985.2425893142037,1281.961874999999
357,987.8095257776441,1280.9952083333333
358,990.3753412708345,1289.3452083333327
359,992.9383523664881,1265.3285416666668
360,995.5010871426232,1238.6785416666662
361,998.0610211902117,1252.7452083333333
362,1000.6215213600577,1256.8452083333332
363,1003.180064343015,1269.3035416666662
364,1005.735811721452,1282.611875
365,1008.291286062632,1230.5618749999999
366,1010.8456474810134,1294.8868749999997
367,1013.3972184038389,1246.9368749999994
368,1015.9493568871053,1247.5285416666666
369,1018.4987077862389,1271.6368749999997
370,1021.0469501244125,1281.2702083333334
371,1023.5932469334166,1322.8285416666668
372,1026.1392746818394,1330.5952083333327
373,1028.68419603592,1346.1035416666664
374,1031.2263385170504,1425.236875
375,1033.7673774982072,1398.9368749999994
376,1036.307313697748,1399.695208333333
377,1038.8461478334082,1438.4952083333337
378,1041.3830454733454,1402.7952083333325
379,1043.918843207229,1342.961874999999
380,1046.4527073250108,1302.8868749999997
381,1048.984639625617,1338.570208333333
382,1051.5163093112349,1369.3368749999995
383,1054.047716010783,1430.003541666666
384,1056.5763604113001,1528.836874999999
385,1059.1022453872818,1593.2285416666664
386,1061.6295351123408,1541.236875
387,1064.15406755211,1456.253541666666
388,1066.6766771148937,1319.8535416666664
389,1069.1981967679412,1259.9785416666664
390,1071.7186272174504,1258.1202083333337
391,1074.2379691690155,1185.9535416666668
392,1076.755393221889,1235.086874999999
393,1079.272560650206,1175.9368749999994
394,1081.7869829144095,1171.628541666666
395,1084.2994918955026,1170.6535416666666
396,1086.8117467162267,1153.0618749999999
397,1089.3229186874332,1173.378541666666
398,1091.8321805482885,1105.645208333333
399,1094.3395340678335,1138.1618750000002
400,1096.8466355091525,1119.611875
401,1099.3518307167656,1100.8368749999995
402,1101.8551214547995,1071.645208333333
403,1104.3573356661466,1074.4452083333335
404,1106.8592998708855,1078.0785416666668
405,1109.3585372853117,1056.0368750000002
406,1111.8567009636618,1067.7202083333327
407,1114.3546163596102,1057.628541666666
408,1116.8498098787786,1069.1535416666666
409,1119.3447564973785,1029.270208333333
410,1121.8361610425645,1063.8118749999999
411,1124.3289674661858,1044.2785416666666
412,1126.819058307148,1057.2035416666668
413,1129.3072590118054,1051.8535416666664
414,1131.7952159016595,1038.9285416666662
415,1134.2812847317573,1037.8535416666664
416,1136.765467243167,1043.7285416666664
417,1139.248586407842,1025.8702083333333
418,1141.7314637900306,1064.4785416666664
419,1144.2116374268019,1068.1202083333333
420,1146.6907504649155,1073.4285416666662
421,1149.1696234135359,1051.3702083333333
422,1151.6457974652753,1063.6868749999994
423,1154.1209136575835,1150.5452083333325
424,1156.594153889389,1206.2202083333332
425,1159.0671567451252,1245.736875
426,1161.5382856927909,1298.195208333333
427,1164.0075424555425,1351.0952083333327
428,1166.4765635190067,1247.0618749999999
429,1168.9437144436115,1160.3368749999995
430,1171.408996947761,1100.0868749999995
431,1173.8740454230053,1123.4035416666666
432,1176.3372275174995,1057.8035416666662
433,1178.7985449449166,1093.1618750000002
434,1181.2596300074379,1053.3702083333337
435,1183.7188524362593,1114.9618749999995
436,1186.1753993385187,1106.6868749999994
437,1188.6317162263829,1127.8702083333333
438,1191.0878027271572,1177.0785416666668
439,1193.5412177787307,1219.9285416666662
440,1195.9935905564976,1270.0118749999992
441,1198.4449217244953,1312.0118749999997
442,1200.8943994187837,1245.445208333333
443,1203.3428375194246,1204.695208333333
444,1205.789424849979,1120.4035416666666
445,1208.234974598328,1129.5368749999998
446,1210.6794874243822,1127.4202083333325
447,1213.1229639874857,1122.2035416666668
448,1215.5654049464306,1114.4535416666668
449,1218.0051907210802,1124.7785416666666
450,1220.4439435796855,1106.9785416666664
451,1222.8816641780545,1100.0285416666666
452,1225.318353171446,1110.4952083333337
453,1227.7532024656482,1098.5618749999999
454,1230.1862137406779,1061.8868749999997
455,1232.6198128706674,1118.878541666666
456,1235.0507675630085,1084.6535416666666
457,1237.4806952829103,1087.2785416666666
458,1239.907982597396,1082.0952083333327
459,1242.335859005302,1098.3702083333333
460,1244.7610976691485,1112.986875
461,1247.1861193409281,1098.7285416666664
462,1249.6101179672248,1105.6618750000002
463,1252.0314835133897,1105.1202083333333
464,1254.451828665863,1113.003541666666
465,1256.8711540695176,1142.3035416666662
466,1259.2894603686862,1140.4285416666662
467,1261.7051402369893,1120.545208333333
468,1264.1206072882194,1128.7618749999997
469,1266.5358611493111,1147.9202083333325
470,1268.9484925359866,1144.9368749999999
471,1271.3593067488612,1177.5785416666668
472,1273.76910773559,1187.195208333333
473,1276.1786980935606,1208.461874999999
474,1278.585672584594,1211.5535416666662
475,1280.9916364371838,1211.5535416666662
476,1283.3965902877176,1217.861875
477,1285.8005347720432,1230.1035416666664
478,1288.202670248408,1262.4785416666664
479,1290.603798299963,1262.4952083333337
480,1293.0031199541122,1296.2202083333327
481,1295.4014361203854,1312.4202083333325
482,1297.7979484942825,1315.445208333333
483,1300.1950545164614,1298.003541666666
484,1302.588761473702,1357.445208333333
485,1304.9822647374833,1354.1868749999999
486,1307.3739687356235,1389.361875
487,1309.764672363619,1405.395208333333
488,1312.154376248969,1428.5785416666668
489,1314.5422844190539,1432.195208333333
490,1316.929194765707,1404.711874999999
491,1319.3143119799881,1492.645208333333
492,1321.6984332856466,1538.6785416666662
493,1324.0807640363764,1563.8368749999995
494,1326.4628957270668,1534.645208333333
495,1328.843238771792,1566.3118749999994
496,1331.2217947867287,1592.628541666666
497,1333.6001532744083,1598.9785416666664
498,1335.9767266354406,1614.020208333333
499,1338.3515164816333,1649.8368749999995
500,1340.7253173751865,1678.445208333333
501,1343.0989225559927,1701.6035416666664
502,1345.4691624819095,1764.503541666666
503,1347.8392085880812,1836.795208333333
504,1350.2082688677153,1945.4535416666668
505,1352.5763439357713,2056.553541666666
506,1354.9418524556834,2256.7452083333333
507,1357.3063783070354,2453.295208333333
508,1359.6715027392402,2798.0118749999997
509,1362.0332744428533,3238.786875
510,1364.3940659691382,3618.6618750000002
511,1366.7546672631227,3851.9035416666666
512,1369.1127109294603,3877.520208333333
513,1371.4697769016548,3534.5868749999995
514,1373.8266541411804,3175.4035416666666
515,1376.1809781948443,2830.1618750000002
516,1378.5343270297335,2556.4202083333325
517,1380.887488625941,2435.1702083333325
518,1383.2381014659552,2309.628541666666
519,1385.5877415547866,2305.6035416666664
520,1387.9356230988735,2272.3452083333327
521,1390.2841058932147,2231.878541666666
522,1392.629259854741,2235.020208333333
523,1394.9742301983156,2235.8702083333333
524,1397.3174463552004,2247.8868749999992
525,1399.660479446045,2227.3702083333333
526,1402.0009757495511,2260.1202083333337
527,1404.3397219337714,2266.986875
528,1406.679070974446,2280.436875
529,1409.015887612105,2235.661875
530,1411.351740694853,2241.611875
531,1413.6866308185267,2237.0952083333327
532,1416.0197760677709,2187.553541666666
533,1418.35196019289,2144.0118749999992
534,1420.6824019212766,2210.553541666666
535,1423.0126659008947,2197.111875
536,1425.3411893131893,2222.686875
537,1427.667973714704,2238.2285416666664
538,1429.9945818209708,2242.686875
539,1432.318672480819,2263.820208333333
540,1434.6425880252157,2271.270208333333
541,1436.9639892259745,2272.020208333333
542,1439.2859957862674,2295.9785416666664
543,1441.6047114814605,2288.5368750000002
544,1443.9232544115312,2268.486875
545,1446.240845864226,2197.445208333333
546,1448.5567084051524,2111.5285416666666
547,1450.8708435764338,2097.8868749999997
548,1453.184807683062,1986.0535416666662
549,1455.497046224754,1941.8702083333333
550,1457.8083374850673,1912.236875
551,1460.1179056185897,1863.3285416666668
552,1462.4265282700144,1825.7618749999997
553,1464.734206019806,1762.3285416666668
554,1467.0401639733043,1716.895208333333
555,1469.3436285036719,1688.2202083333327
556,1471.648476294783,1650.111875
557,1473.9508324525793,1619.6785416666662
558,1476.2514736616265,1616.9952083333333
559,1478.55194923011,1576.628541666666
560,1480.8507116342894,1588.945208333333
561,1483.1477623969392,1515.8202083333335
562,1485.4438759834406,1544.0452083333325
563,1487.7390529672195,1525.3535416666664
564,1490.032521606992,1479.195208333333
565,1492.3258274185912,1465.3535416666664
566,1494.617426659945,1467.020208333333
567,1496.9073208457532,1445.9368749999999
568,1499.1955114887794,1215.3118749999994
569,1501.4827708427101,1446.6368749999997
570,1503.7698699051386,1434.2618749999997
571,1506.0552680723179,1428.7285416666664
572,1508.3389668519696,1412.3368749999995
573,1510.6225067292403,1398.195208333333
574,1512.903579801272,1373.295208333333
575,1515.1837262380227,1341.611875
576,1517.4629466040146,1356.1535416666666
577,1519.7412414633127,1342.2285416666664
578,1522.0178434510929,1323.986875
579,1524.2927540651958,1343.7868750000002
580,1526.5682767186565,1346.695208333333
581,1528.8405751333053,1338.3702083333333
582,1531.1119527198114,1288.820208333333
583,1533.3831764109293,1276.645208333333
584,1535.653479771775,1317.8868749999997
585,1537.9213318569384,1303.6618750000002
586,1540.1882659700668,1273.6618749999998
587,1542.454282668405,1280.0285416666666
588,1544.7186176854627,1290.270208333333
589,1546.9820370194939,1285.0285416666666
590,1549.2445412258314,1228.8118749999999
591,1551.5053669631798,1272.6368749999997
592,1553.7652792994438,1259.0285416666666
593,1556.0235155087598,1246.3868749999997
594,1558.2816030108968,1224.486875
595,1560.5380161075582,1245.570208333333
596,1562.7927562740572,1269.0535416666662
597,1565.0473490800296,1283.1785416666662
598,1567.299508931409,1280.445208333333
599,1569.550761088168,1292.4868749999996
600,1571.8018672259618,1352.3952083333334
601,1574.050544511929,1363.4702083333327
602,1576.2975558465782,1398.2368749999996
603,1578.5444231111983,1500.6535416666666
604,1580.7903860315885,1570.7868750000002
605,1583.0346855571577,1614.1535416666666
606,1585.2773231497633,1559.4035416666666
607,1587.5198182413344,1490.5785416666668
608,1589.760653098501,1324.753541666666
609,1591.9998291792917,1188.7452083333337
610,1594.2381060115424,1122.2452083333333
611,1596.4762419040592,1077.270208333333
612,1598.7112066332265,1067.3702083333333
613,1600.9467892716768,1036.9035416666666
614,1603.1799611141394,1030.4702083333327
615,1605.4122376255682,1025.0285416666666
616,1607.6436193442958,989.9368749999999
617,1609.873350862231,1031.4118750000002
618,1612.1029449116838,995.1035416666664
619,1614.3301350994652,1021.7952083333325
620,1616.5564338529678,992.361875
621,1618.7825964435165,1033.320208333333
622,1621.0063591970566,1016.0535416666662
623,1623.2292327238813,976.1452083333329
624,1625.4512175572513,960.7702083333334
625,1627.6730677599032,1001.7618749999997
626,1629.8917700456498,969.1035416666664
627,1632.1095864386525,981.9368749999999
628,1634.3272700970203,968.4035416666666
629,1636.543315995183,983.3118749999999
630,1638.757725563858,930.1702083333325
631,1640.9712519592479,998.0785416666668
632,1643.1846471370643,956.9368749999999
633,1645.3949062147228,1002.753541666666
634,1647.6050357286647,973.4285416666662
635,1649.8150353075596,954.0618749999999
636,1652.0226538884017,962.3368749999995
637,1654.2293936536882,1004.2785416666666
638,1656.433755860365,956.9535416666668
639,1658.6387401646318,976.3452083333327
640,1660.8420981880593,969.1618749999998
641,1663.043831347487,1008.2952083333325
642,1665.245437942886,999.3535416666664
643,1667.444673168544,992.7702083333329
644,1669.6430350248065,1009.5952083333327
645,1671.839776480645,1038.0202083333334
646,1674.0371407093237,1037.8868749999992
647,1676.231391660734,1027.0118749999997
648,1678.4247725059502,1028.3452083333327
649,1680.618776494006,1012.1368749999997
650,1682.8104180871246,1044.0285416666666
651,1685.000445351215,1072.0618749999999
652,1687.1896051676117,1057.236875
653,1689.3778980515885,1096.5785416666668
654,1691.5645796292015,1138.3452083333327
655,1693.7503958933055,1162.4702083333327
656,1695.9353473574374,1212.4368749999999
657,1698.1186905294871,1158.1618750000002
658,1700.3011705157312,1113.003541666666
659,1702.482044410687,1095.4368749999999
660,1704.662799854055,1035.8118749999999
661,1706.8412079854625,1061.0618749999994
662,1709.0187561488963,966.3035416666662
663,1711.196187097351,943.9785416666664
664,1713.3712746079727,913.6452083333329
665,1715.5455042622843,898.4785416666664
666,1717.7188765676908,920.986875
667,1719.8913920312016,908.0868749999995
668,1722.0623103776884,887.1368749999997
669,1724.2316329887778,859.336875
670,1726.400101442966,844.4785416666664
671,1728.5677162446298,835.420208333333
672,1730.7337382817082,857.4368749999999
673,1732.8996475808926,846.170208333333
674,1735.0632266694843,813.9702083333327
675,1737.2266940251332,843.170208333333
676,1739.388572371105,865.170208333333
677,1741.5496012427536,836.6535416666666
678,1743.7090432671623,822.111875
679,1745.8668998136025,816.3535416666664
680,1748.0239095442068,820.9535416666668
681,1750.1800729573572,813.8535416666664
682,1752.33612726718,791.486875
683,1754.4898628228623,799.7785416666666
684,1756.642017992768,825.236875
685,1758.79406583904,802.7368749999996
686,1760.944534868283,799.1868749999999
687,1763.09342644014,805.6285416666665
688,1765.2422118852319,807.0952083333332
689,1767.3894214371273,768.7618750000001
690,1769.5365252743886,783.7285416666664
691,1771.680586532549,762.5868749999995
692,1773.8238097986377,776.5118749999997
693,1775.9669291142022,797.9202083333325
694,1778.1077443189777,773.0535416666662
695,1780.249189531852,800.1285416666665
696,1782.3876000690555,757.8202083333331
697,1784.5266410210204,769.736875
698,1786.663382683214,762.5535416666662
699,1788.799290925959,781.420208333333
700,1790.934366236762,765.9285416666662
701,1793.068609102751,771.9368749999999
702,1795.2005580535997,761.8868749999997
703,1797.3316766718099,777.611875
704,1799.4634262611178,780.9035416666666
705,1801.5921549749944,736.961875
706,1803.7200553786513,754.1868749999999
707,1805.847127955445,751.9368749999999
708,1807.9733731883662,734.7785416666666
709,1810.0973335803424,762.4618749999995
710,1812.2211974332115,775.8952083333334
711,1814.3449643784033,760.4452083333331
712,1816.4664496266178,772.6535416666666
713,1818.5856553552858,771.4452083333335
714,1820.7047664653007,767.5035416666665
715,1822.8237825881681,732.1785416666662
716,1824.940522322895,790.9368749999994
717,1827.0564412979597,738.3202083333331
718,1829.1722664381039,707.5702083333331
719,1831.2858188778434,722.4702083333327
720,1833.3978266667261,735.6785416666662
721,1835.5090167273127,735.420208333333
722,1837.6208401800466,738.1785416666662
723,1839.7296706046743,714.3868749999997
724,1841.8376852856595,678.4035416666666
725,1843.9456091775912,740.670208333333
726,1846.0512693092542,709.1868749999994
727,1848.1561156758332,718.9285416666662
728,1850.2594251071673,657.1785416666662
729,1852.3633689999517,697.1535416666666
730,1854.4643307337765,693.9035416666666
731,1856.5652045073457,676.295208333333
732,1858.665267428087,680.4952083333328
733,1860.7630754727245,680.8535416666664
734,1862.8607966849004,664.611875
735,1864.9562656284854,665.2202083333327
736,1867.0516486745573,679.361875
737,1869.1455031884284,692.4952083333328
738,1871.238551325845,672.5118749999992
739,1873.3315141310106,653.2035416666668
740,1875.4222303338945,671.1452083333329
741,1877.5107020627015,625.5702083333331
742,1879.5990906846928,678.111875
743,1881.6873958326275,665.1035416666664
744,1883.7741787517411,624.5118749999997
745,1885.8587218165178,629.8785416666665
746,1887.943901712581,619.6202083333328
747,1890.0268437823806,684.545208333333
748,1892.1089863219772,636.2368749999996
749,1894.1896119771302,628.961875
750,1896.2701571121374,625.7785416666666
751,1898.349186832543,611.7202083333327
752,1900.4274194115637,614.3452083333332
753,1902.5041385933448,637.6368749999997
754,1904.5793456596302,664.5785416666668
755,1906.6537580561126,618.6868749999999
756,1908.7266603478063,610.2868750000002
757,1910.799485047457,630.5952083333327
758,1912.8715164452187,619.128541666666
759,1914.9413248565304,618.8368749999995
760,1917.0110567666713,596.0285416666666
761,1919.078568239402,619.8952083333329
762,1921.14600411799,590.7868750000002
763,1923.2112221034392,601.5452083333325
764,1925.277079104547,588.6952083333331
765,1927.3407202073547,618.8452083333327
766,1929.4035738182395,613.6952083333331
767,1931.4649274994495,607.0535416666662
768,1933.5254951334773,569.8202083333331
769,1935.585277169844,579.2035416666668
770,1937.643561984194,579.0785416666668
771,1939.7010626415147,578.0285416666666
772,1941.757779589837,582.3202083333331
773,1943.8137132768495,563.7035416666663
774,1945.8674421707453,579.3702083333328
775,1947.920389779869,560.1285416666665
776,1949.9725565499666,546.6785416666662
777,1952.0239429264368,586.361875
778,1954.0738394455072,589.0868749999995
779,1956.122957000317,560.4035416666666
780,1958.171296034799,581.3118749999999
781,1960.218147892365,561.503541666666
782,1962.2635138238334,599.086874999999
783,1964.3081036407102,545.9535416666663
784,1966.351209491215,541.5702083333331
785,1968.3949566970111,538.753541666666
786,1970.4358053059998,518.2535416666665
787,1972.4772956144468,557.795208333333
788,1974.5158903526562,536.7035416666668
789,1976.5551271330337,513.0785416666663
790,1978.5921780490723,534.0118749999997
791,1980.6284579790236,505.6785416666662
792,1982.6639673605102,535.6952083333331
793,1984.6980007479283,528.295208333333
794,1986.7312649950175,515.0535416666662
795,1988.7637605379505,514.1618749999998
796,1990.7940776469723,510.545208333333
797,1992.8236279885937,513.0952083333327
798,1994.8538210979857,492.795208333333
799,1996.8811343909813,525.628541666666
800,1998.9083867689908,500.1452083333329
801,2000.9341703618416,517.111875
802,2002.9584863987373,531.0202083333334
803,2004.9820393300624,504.90354166666657
804,2007.005532544807,504.0035416666665
805,2009.027560294055,543.9285416666662
806,2011.048123803183,514.1535416666666
807,2013.0665221323811,457.5535416666662
808,2015.085564894552,509.5702083333331
809,2017.1031460275283,509.36187500000005
810,2019.1199681235807,486.3868749999997
811,2021.1346293956003,466.9452083333331
812,2023.1499352295325,472.08687499999905
813,2025.1630821485796,493.2618749999997
814,2027.1747724768,465.2868749999998
815,2029.1871075934034,487.32020833333354
816,2031.1972871791857,466.96187499999996
817,2033.2060127651696,490.7368749999996
818,2035.2139848301993,502.6035416666664
819,2037.221902802867,473.4785416666664
820,2039.226971350058,485.2202083333327
821,2041.2319871755637,503.15354166666657
822,2043.236949916345,481.0535416666662
823,2045.239765337244,453.9368749999999
824,2047.2418308212702,459.7285416666664
825,2049.2424493543913,468.7285416666664
826,2051.2430164887787,477.6118749999996
827,2053.241441121812,497.61187500000005
828,2055.2391185430342,460.7535416666665
829,2057.236745563922,454.670208333333
830,2059.2322334257187,468.3118749999999
831,2061.2269758520356,455.795208333333
832,2063.2209732604924,440.8202083333331
833,2065.214226068398,466.1785416666662
834,2067.2060395996587,437.9952083333337
835,2069.1957202150857,457.4952083333328
836,2071.186742759255,496.795208333333
837,2073.174939421446,472.67020833333254
838,2075.1617010605014,441.03687500000024
839,2077.1491102618625,466.7535416666665
840,2079.1350852680584,470.503541666666
841,2081.1196272679517,441.2202083333327
842,2083.103430472746,432.1035416666664
843,2085.0858025290545,438.7868749999998
844,2087.0674371303767,428.1452083333329
845,2089.047642437425,412.9702083333332
846,2091.0264196332587,422.2285416666664
847,2093.005845108754,474.61187500000005
848,2094.983151814207,441.8118749999999
849,2096.9604153683745,430.83687499999996
850,2098.935562512775,445.9118749999998
851,2100.9099766142353,445.3285416666663
852,2102.883658080762,443.1368749999997
853,2104.8559171229335,396.3952083333329
854,2106.8274448571747,456.7868749999998
855,2108.7975520045943,422.78687500000024
856,2110.7676185983037,436.0368749999998
857,2112.735576753847,449.41187500000024
858,2114.702806247171,441.8202083333331
859,2116.6693074828977,439.378541666666
860,2118.6343924556404,418.3452083333327
861,2120.5994386435636,446.5952083333327
862,2122.5630698853274,383.7202083333327
863,2124.5252873474274,448.7535416666665
864,2126.4867795871214,431.58687499999996
865,2128.447547006388,418.8868749999997
866,2130.4069031225663,447.27854166666657
867,2132.364162466974,431.0535416666662
868,2134.3220724707035,438.2452083333328
869,2136.2785736409714,410.1368749999997
870,2138.2350388794366,441.46187499999996
871,2140.188725353984,424.1618749999998
872,2142.1423772007224,438.3702083333328
873,2144.0939387208973,421.5535416666662
874,2146.045466408842,418.3702083333328
875,2147.996275296343,453.1368749999997
876,2149.9456814240034,422.5952083333327
877,2151.8943700488558,407.9535416666663
878,2153.8416577139974,429.6785416666662
879,2155.7882291712344,445.41187500000024
880,2157.7334014654293,432.5868749999995
881,2159.677858843891,410.4285416666662
882,2161.6216017006795,449.3035416666662
883,2163.563265234873,436.11187500000005
884,2165.5055807307713,465.57854166666675
885,2167.4458186927113,429.1785416666662
886,2169.384662861363,416.82854166666675
887,2171.324159166805,410.4702083333332
888,2173.261581116272,438.8785416666665
889,2175.1982927926656,443.38687499999924
890,2177.133613739824,459.7452083333337
891,2179.068225693548,433.4952083333328
892,2181.001448695267,450.1452083333329
893,2182.934644079557,436.3202083333331
894,2184.865092087539,441.4535416666663
895,2186.796872955402,530.0952083333332
896,2188.7259087155453,498.8452083333327
897,2190.65491840994,491.58687499999996
898,2192.5832228241165,500.7452083333328
899,2194.509465128281,536.586875
900,2196.4350039170317,496.6785416666662
901,2198.359839575715,544.736875
902,2200.283972489392,520.0368749999998
903,2202.206725424934,524.4368749999994
904,2204.128099508426,474.6785416666662
905,2206.0494501123408,488.4952083333328
906,2207.9687462483184,492.33687499999905
907,2209.8880196706987,492.5118749999997
908,2211.8052408705116,501.62020833333327
909,2213.7224401207795,531.0785416666668
910,2215.6382652813036,546.4035416666666
911,2217.554068762353,548.4285416666662
912,2219.4684994078398,571.0285416666666
913,2221.380883181757,635.6035416666664
914,2223.2925717540124,646.7452083333328
915,2225.2035655036293,729.1952083333331
916,2227.113864809343,761.9285416666662
917,2229.023470049626,917.3868749999997
918,2230.93103374597,1109.695208333333
919,2232.8392524791766,1476.1868749999994
920,2234.7454314021097,2010.8535416666664
921,2236.6502455530513,2849.7285416666664
922,2238.5543689915426,3874.2452083333337
923,2240.4584748001516,5342.461874999999
924,2242.3605452334054,6579.836874999999
925,2244.2625987872075,6925.911875
926,2246.163291153471,7157.928541666667
927,2248.061951703958,6121.961874999999
928,2249.960596740273,4381.420208333333
929,2251.8578834128084,2650.1035416666664
930,2253.7544838268936,1715.128541666666
931,2255.6503983547937,1257.8285416666668
932,2257.545627368507,1016.8118749999999
933,2259.43950096321,893.7285416666664
934,2261.3320202368413,813.9035416666666
935,2263.22385607865,766.4368749999999
936,2265.1136697570655,721.0702083333331
937,2267.00414032874,715.1368749999992
938,2268.893259510191,692.1618749999998
939,2270.7816972212604,705.2785416666666
940,2272.6687852453247,687.836875
941,2274.5545246737615,728.0118749999997
942,2276.4395847003534,772.0702083333335
943,2278.3232978291308,821.5368750000002
944,2280.207000393581,938.7618749999992
945,2282.0893572743034,1001.9118750000002
946,2283.971036700287,1056.0285416666666
947,2285.8513721350478,1082.520208333333
948,2287.7303646634455,1019.1368749999997
949,2289.6086817919245,921.6785416666662
950,2291.48632388458,792.611875
951,2293.3632913052375,685.7618749999997
952,2295.2382530077316,616.3035416666662
953,2297.1138726530257,547.4118750000002
954,2298.986823034918,512.2618749999997
955,2300.8597666180385,454.23687500000005
956,2302.7313735482526,475.27854166666657
957,2304.6029739254423,447.4285416666662
958,2306.472574575462,442.52854166666657
959,2308.342169393899,440.6035416666664
960,2310.2097666342524,425.8118749999999
961,2312.0766952026797,412.6285416666665
962,2313.942955458233,430.920208333333
963,2315.8078846745443,397.8035416666662
964,2317.672809617737,375.57854166666675
965,2319.535742101755,399.8202083333331
966,2321.398008654099,407.7702083333329
967,2323.2602717691625,411.61187500000005
968,2325.120545391538,392.14520833333336
969,2326.9801546254544,379.02854166666657
970,2328.8384383985076,361.46187499999996
971,2330.6967201589523,375.9702083333327
972,2332.5530166850845,388.1452083333329
973,2334.4086511876862,379.8452083333327
974,2336.2642845058926,381.4118749999998
975,2338.1185957880093,372.7868749999998
976,2339.970926079607,351.3202083333331
977,2341.822596703099,343.7035416666663
978,2343.674267555236,364.6368749999997
979,2345.5246196644694,344.5535416666662
980,2347.3743131619526,338.2618749999997
981,2349.2226895587974,362.545208333333
982,2351.0704085155153,363.6368749999997
983,2352.91615363865,345.98687500000005
984,2354.7612429587534,335.20354166666675
985,2356.606334729711,335.8785416666665
986,2358.4501132582022,331.9702083333327
987,2360.292579594143,359.4368749999999
988,2362.1350491941603,344.0368749999998
989,2363.9762077652736,305.6202083333328
990,2365.815399617171,341.4785416666664
991,2367.6545960092863,343.5952083333327
992,2369.493140317858,321.8035416666662
993,2371.3310328896205,350.7452083333328
994,2373.1669624567503,324.6868749999999
995,2375.0022419089487,325.33687499999905
996,2376.8368715914644,321.96187499999905
997,2378.67019673828,321.2452083333328
998,2380.5028732687783,308.9952083333328
999,2382.334901527114,314.7452083333328
1000,2384.164973024659,320.0535416666662
1001,2385.995052047911,323.0368749999998
1002,2387.82448429219,315.9118749999998
1003,2389.652616377456,346.01187499999924
1004,2391.4794493388317,304.40354166666657
1005,2393.305637471742,348.9285416666662
1006,2395.1311811175387,334.69520833333354
1007,2396.9554278167425,319.5785416666663
1008,2398.779031171294,320.6868749999999
1009,2400.601991521462,337.07020833333263
1010,2402.423657096829,321.4452083333331
1011,2404.243377045574,351.48687500000005
1012,2406.063759689406,330.07854166666675
1013,2407.882849724335,318.2285416666664
1014,2409.6999969843205,293.2035416666663
1015,2411.517807036311,324.2702083333329
1016,2413.333675905249,324.4785416666664
1017,2415.14890631328,339.1035416666664
1018,2416.962848319844,322.7035416666663
1019,2418.7761529955883,292.21187499999996
1020,2420.5894704967745,330.3118749999994
1021,2422.4008516977046,277.1202083333328
1022,2424.2122463950323,286.3952083333329
1023,2426.0217068309134,280.8285416666663
1024,2427.8298836151653,307.6035416666664
1025,2429.637426445486,318.8952083333329
1026,2431.4449841090545,315.7535416666665
1027,2433.2519080305606,306.2035416666663
1028,2435.0562545451044,299.0702083333331
1029,2436.861264890778,295.0952083333327
1030,2438.664995401262,274.6785416666662
1031,2440.4667997697006,300.1452083333329
1032,2442.268620964471,296.08687499999905
1033,2444.069164904534,287.8702083333337
1034,2445.8690792394023,281.36187500000005
1035,2447.6677178850787,260.65354166666657
1036,2449.4670204140334,300.90354166666657
1037,2451.263110025961,291.5785416666663
1038,2453.0592184426123,298.58687499999996
1039,2454.8546998042993,296.0368749999998
1040,2456.6495544393406,293.1202083333328
1041,2458.4431376146,283.7868749999998
1042,2460.2360951692103,280.2952083333321
1043,2462.027782818997,300.0535416666662
1044,2463.8182015650145,306.03687500000024
1045,2465.607996569618,293.7702083333329
1046,2467.3971681586963,301.8868749999997
1047,2469.1857166579093,249.8702083333328
1048,2470.972998902931,312.52854166666657
1049,2472.7590158907287,335.3035416666662
1050,2474.5450547015926,296.6952083333331
1051,2476.329829351567,287.5618749999999
1052,2478.112698240118,281.52854166666657
1053,2479.8955901462873,298.5785416666663
1054,2481.6785047232265,298.878541666666
1055,2483.4588739218607,292.3118749999994
1056,2485.239266882462,314.9535416666663
1057,2487.019041778327,286.2035416666663
1058,2488.796275158288,282.4535416666663
1059,2490.5741745220694,297.08687499999905
1060,2492.3508164171226,305.02020833333336
1061,2494.126842421604,286.3202083333331
1062,2495.900972117632,285.6785416666662
1063,2497.6751275978722,247.98687500000005
1064,2499.4486685907236,265.2285416666664
1065,2501.220955711315,254.93687499999987
1066,2502.9919899427855,245.58687499999996
1067,2504.762411528758,266.295208333333
1068,2506.531581746511,297.3035416666662
1069,2508.300140396079,257.7868749999998
1070,2510.067449195527,273.8285416666663
1071,2511.8354242586497,223.4868749999996
1072,2513.600873789458,265.36187500000005
1073,2515.3657139003803,263.3035416666662
1074,2517.1299449069124,250.66187499999978
1075,2518.893567124336,226.07020833333308
1076,2520.65594359015,262.3868749999997
1077,2522.417712336304,241.75354166666602
1078,2524.178873677084,227.59520833333272
1079,2525.9381546889244,236.9285416666662
1080,2527.6974662001853,288.79520833333254
1081,2529.454899324957,251.65354166666657
1082,2531.2129995363402,249.23687500000005
1083,2532.9685871200804,272.63687499999924
1084,2534.7242064531288,210.27854166666657
1085,2536.4792218857515,261.6035416666664
1086,2538.232998642498,238.61187500000005
1087,2539.985537689555,230.29520833333254
1088,2541.7368399919787,266.9368749999999
1089,2543.4888098122974,253.90354166666657
1090,2545.238909293303,229.920208333333
1091,2546.987774048599,236.75354166666648
1092,2548.737306379387,228.43687499999987
1093,2550.4849710404533,251.93687499999942
1094,2552.2314029897334,226.2452083333328
1095,2553.9766031867266,219.1785416666662
1096,2555.7224713235205,243.44520833333308
1097,2557.4664756289726,225.1452083333329
1098,2559.2098826662195,248.0535416666662
1099,2560.952692742028,241.34520833333272
1100,2562.6936420733937,242.56187499999987
1101,2564.4339959212184,244.9952083333328
1102,2566.1737545909696,233.44520833333308
1103,2567.912918387909,254.9285416666662
1104,2569.6508564362093,239.3285416666663
1105,2571.388831618211,264.21187499999996
1106,2573.1249513425064,221.19520833333354
1107,2574.8604782745547,226.4535416666663
1108,2576.5947823987253,244.31187499999987
1109,2578.328494767738,251.22020833333272
1110,2580.0616156844035,204.82020833333308
1111,2581.793515776887,242.7452083333328
1112,2583.525454911203,217.27854166666657
1113,2585.255545009802,234.08687499999996
1114,2586.9850457228317,222.6368749999997
1115,2588.712699717805,231.40354166666657
1116,2590.4410229911205,228.795208333333
1117,2592.168129392628,262.51187499999924
1118,2593.893391689224,241.4118750000007
1119,2595.619951269979,220.37020833333327
1120,2597.3440400248724,234.37854166666648
1121,2599.0669152433225,245.1368749999997
1122,2600.789832506445,232.28687499999978
1123,2602.5109101481653,235.71187499999996
1124,2604.232657326148,234.9535416666663
1125,2605.9525663304853,212.63687499999924
1126,2607.671891675088,224.82020833333308
1127,2609.390007399532,212.25354166666648
1128,2611.1075404829317,214.23687500000005
1129,2612.8244912216096,246.56187499999942
1130,2614.540234290887,245.07020833333308
1131,2616.2553960314767,266.02854166666657
1132,2617.96872634454,200.78687499999978
1133,2619.68272673723,238.5202083333329
1134,2621.3955219127556,237.8952083333329
1135,2623.1064882376836,253.50354166666648
1136,2624.816875976411,223.36187500000005
1137,2626.5266854223714,222.69520833333308
1138,2628.2365407981324,218.59520833333272
1139,2629.944570608741,242.69520833333354
1140,2631.651399919385,209.7452083333328
1141,2633.3582762486835,228.24520833333372
1142,2635.0639530833223,196.5202083333329
1143,2636.7678084693225,219.82854166666675
1144,2638.472957291942,191.0535416666662
1145,2640.1756632120205,179.4868749999996
1146,2641.877172903152,211.28687499999978
1147,2643.5793533960828,212.8702083333328
1148,2645.2797164126905,214.5118749999997
1149,2646.9795067360856,210.18687499999987
1150,2648.6781032466547,195.72020833333272
1151,2650.3767492604807,217.8285416666663
1152,2652.0735814668433,193.75354166666648
1153,2653.769842971519,202.295208333333
1154,2655.4661546355424,219.16187499999978
1155,2657.160655027105,203.93687499999942
1156,2658.8539658409413,227.22020833333272
1157,2660.547327884683,216.65354166666657
1158,2662.2401210805047,204.69520833333308
1159,2663.93048712024,203.25354166666602
1160,2665.6215247801883,194.16187499999978
1161,2667.3113757509354,220.93687499999987
1162,2669.000040941194,193.0535416666662
1163,2670.6881399595472,214.6368749999997
1164,2672.3750545971448,188.61187500000005
1165,2674.06140404651,206.07020833333354
1166,2675.747188591643,229.6785416666662
1167,2677.431790644026,189.07020833333308
1168,2679.115828773304,197.44520833333308
1169,2680.798685803726,197.50354166666648
1170,2682.480979890223,200.61187500000005
1171,2684.1620942692375,207.58687499999996
1172,2685.842646681564,206.32020833333308
1173,2687.522020775278,166.3035416666662
1174,2689.2008338776,189.3868749999997
1175,2690.8797024914,196.0118749999997
1176,2692.55677823207,195.170208333333
1177,2694.2332942352773,195.28687499999978
1178,2695.9086351761257,182.7452083333328
1179,2697.5834173503627,198.1452083333329
1180,2699.2576410374822,190.4285416666662
1181,2700.9306915272446,185.97020833333318
1182,2702.6031844982363,200.5785416666663
1183,2704.2745056491995,197.77854166666657
1184,2705.944655872494,186.2368749999996
1185,2707.614250230398,230.19520833333354
1186,2709.2839029668835,218.74520833333372
1187,2710.951158697379,216.82020833333308
1188,2712.619700885471,202.7618749999997
1189,2714.285847846285,265.3785416666665
1190,2715.9514411426794,236.91187499999978
1191,2717.6158681038232,261.96187499999996
1192,2719.279742359351,286.1785416666662
1193,2720.9436767243337,283.4285416666662
1194,2722.6052215178347,285.9368749999994
1195,2724.2680516439013,300.8452083333327
1196,2725.927882036808,334.8368749999995
1197,2727.5883857711,301.6785416666662
1198,2729.2471158046374,285.8868749999997
1199,2730.9052962713613,284.23687500000005
1200,2732.563538564007,273.0702083333331
1201,2734.2200095964963,280.545208333333
1202,2735.875932285464,241.3952083333329
1203,2737.530696390138,237.62854166666602
1204,2739.184913099534,227.3535416666664
1205,2740.838582685225,224.20354166666675
1206,2742.4904856034027,211.57020833333308
1207,2744.1430621589634,197.3035416666662
1208,2745.793873395123,204.83687499999996
1209,2747.4447487006532,203.7702083333329
1210,2749.093860435687,201.73687500000005
1211,2750.741818977787,204.23687500000005
1212,2752.3898425996467,195.37854166666648
1213,2754.036713968802,192.170208333333
1214,2755.6824339562604,233.5202083333329
1215,2757.328219629039,181.03687499999978
1216,2758.973462755965,147.82854166666675
1217,2760.6169482098608,187.0535416666662
1218,2762.2592849571884,206.16187499999978
1219,2763.9010811628855,198.71187499999996
1220,2765.5429441917354,177.2285416666664
1221,2767.1830530164984,195.22020833333272
1222,2768.8226224988543,219.3952083333329
1223,2770.4616529047985,197.02854166666657
1224,2772.1001445001534,190.46187499999996
1225,2773.7368853491857,190.59520833333272
1226,2775.3730887151173,172.77854166666657
1227,2777.0093605654465,181.2285416666664
1228,2778.6444895603086,186.26187499999924
1229,2780.2778712552245,178.7035416666663
1230,2781.9113224259804,166.6035416666664
1231,2783.5442378323373,188.1368749999997
1232,2785.1754083177284,162.27020833333336
1233,2786.806044358394,175.40354166666657
1234,2788.4367505309133,168.2452083333328
1235,2790.0657141558504,183.3035416666662
1236,2791.6941445190696,179.6368749999997
1237,2793.3214381616685,182.27854166666657
1238,2794.9488029842737,198.71187499999996
1239,2796.574428678364,165.32020833333354
1240,2798.19952294601,198.5118749999997
1241,2799.824688979279,203.7702083333329
1242,2801.4481182439936,156.51187499999924
1243,2803.0710172572703,188.87854166666602
1244,2804.6927839378955,174.6035416666664
1245,2806.3146234240257,188.72020833333272
1246,2807.934127593693,203.7618749999997
1247,2809.553705479652,175.4535416666663
1248,2811.172755196017,151.0535416666662
1249,2812.7906756417533,210.3035416666662
1250,2814.4086699897716,174.420208333333
1251,2816.0249350075715,167.06187499999987
1252,2817.640673671042,203.7285416666664
1253,2819.255285660953,202.045208333333
1254,2820.869972582341,237.170208333333
1255,2822.4829335490213,198.02020833333336
1256,2824.0959699599275,202.36187500000005
1257,2825.7078818950713,237.1035416666664
1258,2827.3186701953455,257.70354166666675
1259,2828.928935106271,266.003541666666
1260,2830.538077672035,243.09520833333272
1261,2832.14669774756,259.6868749999999
1262,2833.7535979433405,247.83687499999996
1263,2835.3611741902614,242.69520833333308
1264,2836.9682287095775,243.81187499999987
1265,2838.5735652765807,267.1368749999997
1266,2840.1783813997117,258.4702083333327
1267,2841.782079480357,244.7285416666664
1268,2843.3846603524084,257.7368749999996
1269,2844.987319778013,226.23687500000005
1270,2846.5894601577106,252.77020833333336
1271,2848.189887588155,258.545208333333
1272,2849.790394134253,244.0202083333329
1273,2851.3891893933837,249.06187499999987
1274,2852.987467771783,278.77854166666657
1275,2854.5846332141286,248.07854166666675
1276,2856.1812826621476,259.9285416666662
1277,2857.778012286623,244.2452083333328
1278,2859.373630303421,288.6035416666664
1279,2860.9675420035255,284.2035416666663
1280,2862.5615348211563,273.20354166666675
1281,2864.1538229733414,295.5118749999997
1282,2865.7461927405084,296.96187499999996
1283,2867.337454259011,287.2702083333329
1284,2868.929392081802,274.58687499999996
1285,2870.5184389977708,300.7702083333329
1286,2872.107568520107,281.9285416666662
1287,2873.69618631964,329.420208333333
1288,2875.2831050213204,298.52854166666657
1289,2876.8695132585763,286.8535416666664
1290,2878.4554112776664,314.48687500000005
1291,2880.0413925631124,287.1202083333328
1292,2881.625677645613,282.8285416666663
1293,2883.209453629061,280.8952083333329
1294,2884.7921280920677,315.1202083333328
1295,2886.3737018507313,289.19520833333354
1296,2887.955360293059,301.90354166666657
1297,2889.536510996837,282.4118749999998
1298,2891.1165623002853,280.5202083333329
1299,2892.6955150172903,278.4535416666663
1300,2894.2733699608175,300.8452083333327
1301,2895.850719280258,277.2618749999997
1302,2897.426972070722,289.82854166666675
1303,2899.0027201015923,285.878541666666
1304,2900.5779636152884,298.2618749999997
1305,2902.1532934343722,310.73687500000005
1306,2903.726938060045,303.71187499999996
1307,2905.299489070225,310.128541666666
1308,2906.8715372864003,319.295208333333
1309,2908.4424931243807,305.52020833333336
1310,2910.0129470273523,349.7285416666664
1311,2911.5834886843318,320.27854166666657
1312,2913.1529392504303,414.65354166666657
1313,2914.720710458505,410.57854166666675
1314,2916.2879814448534,405.3952083333329
1315,2917.8547524488417,448.5118749999997
1316,2919.4204352010215,543.0535416666662
1317,2920.9856188243834,567.170208333333
1318,2922.5497154239365,662.4452083333331
1319,2924.1144896390665,845.7785416666666
1320,2925.6770017893728,1055.3285416666668
1321,2927.239016513184,1352.8535416666664
1322,2928.800534047998,1783.5702083333335
1323,2930.3609674331647,2316.128541666666
1324,2931.9209044774634,2950.7618749999997
1325,2933.4809322422384,3477.070208333333
1326,2935.0392904904134,3732.170208333333
1327,2936.5965670289706,3680.2952083333325
1328,2938.153348918198,3252.7868750000002
1329,2939.7090503144773,2541.936875
1330,2941.2642579046606,1866.611875
1331,2942.8189719238285,1243.1618750000007
1332,2944.3726070853595,1001.6535416666666
1333,2945.926334852879,788.8868749999997
1334,2947.478984603423,613.3202083333331
1335,2949.0299721631504,528.7202083333327
1336,2950.58046843712,505.07020833333354
1337,2952.130473658724,437.6952083333331
1338,2953.6805724704745,406.1618749999998
1339,2955.2284276533246,406.4452083333331
1340,2956.7763772621433,368.2035416666663
1341,2958.323253265422,369.6452083333329
1342,2959.8696401196144,357.1952083333331
1343,2961.4155380566995,349.5618749999999
1344,2962.9597807058917,322.86187500000005
1345,2964.503535638609,341.1868749999999
1346,2966.046220152785,361.9285416666662
1347,2967.5901660275213,351.170208333333
1348,2969.1318764473504,347.9285416666662
1349,2970.6731004416333,362.90354166666657
1350,2972.212673845256,344.2202083333327
1351,2973.7523440319205,376.3035416666662
1352,2975.2921106806066,364.15354166666657
1353,2976.829065233985,402.61187500000005
1354,2978.3666989053495,397.15354166666657
1355,2979.9038482622204,408.5952083333327
1356,2981.4381891405383,439.4285416666662
1357,2982.974371286465,397.40354166666657
1358,2984.507746872846,445.08687499999996
1359,2986.041801620275,501.0785416666663
1360,2987.574213190213,495.4452083333331
1361,2989.1073036457783,498.6618749999998
1362,2990.638752108089,508.24520833333327
1363,2992.1685598974027,522.8868749999997
1364,2993.6978876101653,537.2035416666668
1365,2995.2278943865235,531.1118749999996
1366,2996.7562622603405,529.5368749999998
1367,2998.2841507351955,514.295208333333
1368,2999.8115600366077,461.2368749999996
1369,3001.3361754675684,472.46187499999996
1370,3002.861470725067,458.3452083333327
1371,3004.38744494594,458.77854166666657
1372,3005.9094717712555,426.420208333333
1373,3007.433334745139,420.0952083333327
1374,3008.9555649681392,416.0535416666662
1375,3010.4784743273503,371.27854166666657
1376,3011.9997521064415,385.5368749999998
1377,3013.5193996125167,353.2618749999997
1378,3015.0385723570976,338.77020833333336
1379,3016.5572705626346,309.98687500000005
1380,3018.0754944514388,304.4118749999998
1381,3019.59324424568,337.38687499999924
1382,3021.1093674020144,298.7618749999997
1383,3022.6250176271055,306.8118749999999
1384,3024.1401951422063,290.0702083333331
1385,3025.653748480949,244.4285416666662
1386,3027.1679815983225,273.52854166666657
1387,3028.680591698652,256.73687500000005
1388,3030.192730689614,232.72020833333272
1389,3031.704398791268,245.31187499999987
1390,3033.214446328292,241.8285416666663
1391,3034.725173668905,214.1452083333329
1392,3036.2342815996067,256.3368749999995
1393,3037.741771411926,214.59520833333272
1394,3039.2510897929155,238.69520833333308
1395,3040.7576423845885,196.18687499999987
1396,3042.263727050231,220.06187499999987
1397,3043.76934400781,213.14520833333336
1398,3045.2744934751586,215.6785416666662
1399,3046.778028986432,218.8952083333329
1400,3048.2810981542743,211.3618749999996
1401,3049.7837011956144,225.93687499999942
1402,3051.2869839443915,183.33687499999905
1403,3052.787509765846,218.3035416666662
1404,3054.288715727926,188.8952083333329
1405,3055.787167324626,193.95354166666675
1406,3057.286299493616,194.18687499999987
1407,3058.7838236987673,202.15354166666657
1408,3060.2820281985387,231.62020833333372
1409,3061.779769009628,208.83687499999996
1410,3063.274760780816,184.39520833333336
1411,3064.770433137124,187.87020833333372
1412,3066.265643156222,215.2285416666664
1413,3067.7592493281686,220.21187499999996
1414,3069.2512529247356,177.16187499999978
1415,3070.745078275596,184.6202083333328
1416,3072.237301478116,181.33687499999905
1417,3073.7279238022,197.58687499999905
1418,3075.218086479953,179.78687499999978
1419,3076.7077897239474,169.52020833333336
1420,3078.197033746622,140.1785416666662
1421,3079.685818760285,142.0535416666662
1422,3081.1730064177723,150.2702083333329
1423,3082.6597361917807,146.2285416666664
1424,3084.1448704350028,149.61187500000005
1425,3085.6306854264117,131.57854166666675
1426,3087.1149060093067,161.8952083333329
1427,3088.598670252982,161.40354166666657
1428,3090.080841907869,132.3035416666662
1429,3091.5636944535386,186.2452083333328
1430,3093.046091290721,166.83687499999996
1431,3094.528032629455,148.47020833333272
1432,3096.0072485511846,167.21187499999996
1433,3097.4871455039083,125.50354166666648
1434,3098.965453915847,142.8952083333329
1435,3100.4444430801964,135.67020833333254
1436,3101.9218448172333,156.96187499999996
1437,3103.398793703317,121.795208333333
1438,3104.874156968755,108.47854166666639
1439,3106.3490684934927,98.795208333333
1440,3107.823528484977,147.920208333333
1441,3109.2975371505268,133.78687499999978
1442,3110.769963105758,117.04520833333208
1443,3112.2430700871287,148.00354166666648
1444,3113.7157263636004,133.5535416666662
1445,3115.186801588396,126.78687499999978
1446,3116.656297004706,138.9785416666664
1447,3118.12647358066,134.4285416666662
1448,3119.5950714502715,93.420208333333
1449,3121.06435020058,123.01187499999924
1450,3122.5309225168317,142.39520833333336
1451,3123.9970476395747,135.03687499999978
1452,3125.4638539138377,148.170208333333
1453,3126.9290849191,151.67020833333254
1454,3128.3938693441632,148.97020833333272
1455,3129.857080283771,128.68687499999987
1456,3131.3198457378535,122.94520833333354
1457,3132.7821659098263,125.29520833333254
1458,3134.246293163656,119.86187500000005
1459,3135.706596958293,102.37020833333281
1460,3137.166456765385,118.87854166666648
1461,3138.625872787383,151.1202083333328
1462,3140.0848452266164,110.01187499999969
1463,3141.544498654811,120.5785416666663
1464,3143.0014601654952,105.5535416666662
1465,3144.4579793824837,139.3535416666664
1466,3145.9140565071466,115.72020833333318
1467,3147.369691740733,114.09520833333272
1468,3148.8248852843717,114.84520833333272
1469,3150.2785150153427,99.52854166666657
1470,3151.73058215501,110.32020833333308
1471,3153.1844528551524,125.92020833333254
1472,3154.6378826681735,106.35354166666639
1473,3156.088629866829,130.0535416666662
1474,3157.537817312452,104.3285416666663
1475,3158.9888070793745,123.21187499999905
1476,3160.437117544948,105.60354166666639
1477,3161.887229373963,99.70354166666675
1478,3163.3346636553065,87.89520833333336
1479,3164.7816604809163,115.09520833333272
1480,3166.2271014557505,85.295208333333
1481,3167.6732243025776,112.69520833333354
1482,3169.117792370164,112.4868749999996
1483,3170.563042029788,92.72854166666639
1484,3172.0056207373564,100.045208333333
1485,3173.449998337732,105.02020833333336
1486,3174.8917067289826,124.83687499999951
1487,3176.3329805938997,106.94520833333354
1488,3177.7738201289017,89.6452083333329
1489,3179.213109969817,99.09520833333272
1490,3180.6530817698163,101.44520833333354
1491,3182.0926198282928,99.64520833333336
1492,3183.5306097881503,81.87854166666602
1493,3184.968167069184,85.96187499999905
1494,3186.4041779838662,98.06187499999987
1495,3187.8408708279294,64.73687500000005
1496,3189.2749051519118,80.36187500000005
1497,3190.709621794292,86.045208333333
1498,3192.1439074013942,74.170208333333
1499,3193.577762167433,105.81187499999987
1500,3195.0100744098386,65.70354166666675
1501,3196.4419568667413,77.21187499999996
1502,3197.872298521698,102.56187499999987
1503,3199.3033223210364,119.7368749999996
1504,3200.7339169146217,88.66187499999978
1505,3202.16297228488,78.20354166666675
1506,3203.591599500868,136.82020833333308
1507,3205.018689209126,97.77020833333336
1508,3206.4453518121186,91.24520833333281
1509,3207.871587501559,89.60354166666639
1510,3209.296287918623,72.61187500000005
1511,3210.7216706872227,78.89520833333336
1512,3212.1466271165627,113.53687499999978
1513,3213.5711573978947,100.13687499999924
1514,3214.9930472717465,114.35354166666639
1515,3216.415619597678,88.58687499999905
1516,3217.8366604454814,128.170208333333
1517,3219.257277230496,88.8618749999996
1518,3220.678576046621,137.07020833333354
1519,3222.0972393712145,73.07020833333354
1520,3223.516585106165,107.78687499999978
1521,3224.9344026217054,78.60354166666639
1522,3226.3517976809435,135.81187499999942
1523,3227.768770472665,84.94520833333354
1524,3229.1853211855446,81.68687499999987
1525,3230.5992428089694,103.22020833333318
1526,3232.014950586956,123.37020833333281
1527,3233.429133908259,89.82854166666675
1528,3234.8428965603753,116.32020833333354
1529,3236.2551364438073,125.02854166666657
1530,3237.666956688571,127.19520833333354
1531,3239.0783574816796,100.03687499999978
1532,3240.4893390100337,127.6785416666662
1533,3241.899901460422,79.0535416666662
1534,3243.3089443682065,108.27020833333336
1535,3244.7175692245874,109.77854166666657
1536,3246.125776215586,125.21187499999996
1537,3247.532465854694,119.920208333333
1538,3248.938738652065,100.2702083333329
1539,3250.344594792954,96.44520833333354
1540,3251.750034462507,127.3035416666662
1541,3253.15615621569,161.52020833333245
1542,3254.55966512764,104.64520833333336
1543,3255.961661053099,131.8035416666662
1544,3257.3643399411776,124.3618749999996
1545,3258.7655068600984,108.97854166666639
1546,3260.1684532069803,112.0535416666662
1547,3261.568791530406,110.16187499999978
1548,3262.9687161555707,121.8952083333329
1549,3264.3671314908506,90.5785416666663
1550,3265.7662295928862,136.88687499999924
1551,3267.1638194179777,140.26187499999924
1552,3268.560996923591,127.65354166666657
1553,3269.9566678097835,114.58687499999905
1554,3271.353021546429,142.90354166666657
1555,3272.7489635104453,101.62854166666648
1556,3274.143400369215,111.37020833333372
1557,3275.5374264639267,114.32020833333354
1558,3276.931041976054,127.82854166666675
1559,3278.323154537839,121.85354166666639
1560,3279.715949750458,100.96187499999905
1561,3281.106151111524,133.40354166666657
1562,3282.495943899227,116.10354166666639
1563,3283.88641955846,102.02020833333336
1564,3285.275395419,112.9868749999996
1565,3286.66396324627,68.4535416666663
1566,3288.052123220042,101.96187499999905
1567,3289.4387855367313,107.60354166666639
1568,3290.8239513352482,106.68687499999942
1569,3292.2119791296213,122.90354166666657
1570,3293.597421100456,124.2368749999996
1571,3294.9813680488046,112.56187499999942
1572,3296.364909496541,105.44520833333354
1573,3297.74804562186,105.75354166666648
1574,3299.13186435132,123.22854166666639
1575,3300.5131026174904,122.90354166666657
1576,3301.8939367319053,142.67854166666712
1577,3303.274366871923,107.8285416666663
1578,3304.654393214795,133.63687499999924
1579,3306.034015937673,103.97020833333272
1580,3307.411063535813,129.68687499999942
1581,3308.788794660853,93.5535416666662
1582,3310.168293744058,86.74520833333281
1583,3311.5441346119005,94.62854166666602
1584,3312.919574010849,112.13687499999924
1585,3314.2946121165996,76.64520833333336
1586,3315.669249104745,115.08687499999905
1587,3317.0434851507794,101.57020833333354
1588,3318.4173204300905,110.74520833333281
1589,3319.789672125373,76.77020833333336
1590,3321.1616240355884,92.28687500000024
1591,3322.533176335407,119.89520833333336
1592,3323.904329199394,109.15354166666657
1593,3325.272919338173,121.57854166666675
1594,3326.6421930662527,87.74520833333372
1595,3328.0110685106292,66.57020833333354
1596,3329.380626633505,91.53687499999978
1597,3330.747625243173,134.19520833333354
1598,3332.114226718211,90.01187499999924
1599,3333.4804312316564,85.63687499999924
1600,3334.8451594232074,113.37020833333281
1601,3336.210570845635,119.59520833333318
1602,3337.5745069181403,143.2285416666664
1603,3338.938047346186,115.00354166666602
1604,3340.3011923018953,122.3952083333329
1605,3341.6628639887695,83.1785416666662
1606,3343.0241411720785,67.62020833333372
1607,3344.3850240232423,74.97020833333318
1608,3345.7444356812584,67.31187499999942
1609,3347.1045306938704,96.2702083333329
1610,3348.4642318878605,91.33687499999905
1611,3349.8224633369177,114.3035416666662
1612,3351.179226145644,95.170208333333
1613,3352.536672368261,80.08687499999905
1614,3353.8926509129556,92.7368749999996
1615,3355.249312589875,56.961874999999054
1616,3356.6045075503444,80.38687499999969
1617,3357.9582368953124,102.47020833333318
1618,3359.3126495709275,96.81187499999942
1619,3360.664523976314,91.4868749999996
1620,3362.017082050294,107.21187499999996
1621,3363.3681770438293,101.0535416666662
1622,3364.7188827387545,85.6785416666662
1623,3366.069199303302,84.45354166666675
1624,3367.420198973138,79.32854166666675
1625,3368.7697374724935,102.87020833333372
1626,3370.1188873457186,93.3035416666662
1627,3371.4665776189613,75.77020833333336
1628,3372.812809384273,91.37020833333372
1629,3374.1607953104253,78.44520833333354
1630,3375.5062528450176,102.53687499999978
1631,3376.8513238221444,79.37020833333372
1632,3378.197078011631,68.5535416666662
1633,3379.54030677018,83.37854166666602
1634,3380.883150084685,82.38687499999969
1635,3382.2266768035934,73.15354166666657
1636,3383.567681045004,102.00354166666602
1637,3384.909369022297,88.52854166666657
1638,3386.2517399818116,124.20354166666675
1639,3387.590523341753,102.9868749999996
1640,3388.9310577782385,131.77020833333336
1641,3390.2690742380623,73.57020833333354
1642,3391.607774340872,92.02854166666657
1643,3392.9460910997877,64.76187499999924
1644,3394.282958749409,94.36187500000005
1645,3395.6194439943206,104.59520833333318
1646,3396.9544816779326,80.045208333333
1647,3398.2902029101174,98.69520833333354
1648,3399.6244775175655,67.65354166666657
1649,3400.958370984306,96.47854166666639
1650,3402.2908193697103,77.47020833333318
1651,3403.622887548361,46.8952083333329
1652,3404.9556391797873,76.170208333333
1653,3406.2880103228385,55.2368749999996
1654,3407.6178753606814,70.1452083333329
1655,3408.9484240354104,80.59520833333318
1656,3410.276468747551,96.85354166666639
1657,3411.6062594022137,49.420208333332994
1658,3412.9346093079093,66.51187499999924
1659,3414.2615195337094,98.21187499999905
1660,3415.588052222392,69.52020833333336
1661,3416.9142075350615,99.63687499999924
1662,3418.2399856327297,63.428541666666206
1663,3419.56538667632,72.37020833333372
1664,3420.888291088966,49.761874999999236
1665,3422.2129391094372,94.4285416666662
1666,3423.5361512910945,83.19520833333354
1667,3424.858987663075,40.03687499999978
1668,3426.179331054391,97.4868749999996
1669,3427.5003585229756,61.303541666666206
1670,3428.82206932736,58.94520833333354
1671,3430.142347196645,73.32020833333354
1672,3431.4611931903773,86.07854166666675
1673,3432.7807226978384,85.41187499999978
1674,3434.097764381201,69.19520833333354
1675,3435.4144333287413,67.70354166666675
1676,3436.731785966715,107.13687499999924
1677,3438.047709618322,57.99520833333372
1678,3439.363261008595,63.45354166666675
1679,3440.678440295475,83.39520833333336
1680,3441.993247636812,67.73687500000005
1681,3443.305573639792,83.69520833333354
1682,3444.618583682181,62.503541666666024
1683,3445.9312228476947,103.9285416666662
1684,3447.243491293448,81.93687499999942
1685,3448.554335591889,66.32020833333354
1686,3449.8648100792016,73.56187499999942
1687,3451.1749149118577,77.18687499999987
1688,3452.4846502462433,54.861875000000055
1689,3453.791911444972,77.24520833333372
1690,3455.1009088450364,92.81187499999942
1691,3456.407433607159,86.97854166666639
1692,3457.7135906803023,36.81187499999942
1693,3459.021482644022,40.02020833333336
1694,3460.3269042132333,103.52854166666657
1695,3461.630907938316,74.22020833333318
1696,3462.935595511122,73.99520833333372
1697,3464.238866140054,78.46187499999905
1698,3465.5428203353335,61.47854166666639
1699,3466.8443090459086,108.58687499999951
1700,3468.146481631337,53.003541666666024
1701,3469.44723965952,69.29520833333254
1702,3470.7476327243676,46.82854166666675
1703,3472.0476609794578,71.57854166666675
1704,3473.346276609356,53.8618749999996
1705,3474.644528323944,85.12854166666602
1706,3475.9424162761734,82.76187499999924
1707,3477.2409877072378,46.553541666666206
1708,3478.537101504924,70.43687499999942
1709,3479.833899086919,77.75354166666602
1710,3481.129287308416,42.77854166666657
1711,3482.4243131166177,91.670208333333
1712,3483.7200222874344,73.96187499999905
1713,3485.0132781013153,89.58687499999905
1714,3486.3061725423586,46.9868749999996
1715,3487.598705762009,71.24520833333372
1716,3488.88983345584,69.420208333333
1717,3490.1816449784133,80.34520833333318
1718,3491.4720518605714,45.82854166666675
1719,3492.7620987088458,68.8035416666662
1720,3494.0507423832632,66.795208333333
1721,3495.3411129062883,90.69520833333354
1722,3496.629037847736,92.07854166666675
1723,3497.915561520164,56.95354166666675
1724,3499.2027692009337,64.59520833333318
1725,3500.4896183309042,49.928541666666206
1726,3501.7750675119096,81.58687499999905
1727,3503.06015902142,75.47020833333318
1728,3504.3448930086943,26.770208333333358
1729,3505.629269622912,82.56187499999942
1730,3506.9122486233987,4.77854166666657
1731,3508.1938310263745,61.461874999999054
1732,3509.4760974712194,32.16187499999978
1733,3510.7580077164157,56.95354166666675
1734,3512.038522675684,56.64520833333336
1735,3513.3186823089663,79.56187499999942
1736,3514.5984867641423,73.82020833333354
1737,3515.877936189005,45.220208333333176
1738,3517.1559926490468,71.35354166666639
1739,3518.433694949635,26.761874999999236
1740,3519.712080745016,79.47020833333318
1741,3520.9880376611272,74.420208333333
1742,3522.2636414335607,70.27020833333336
1743,3523.538892208904,56.12020833333372
1744,3524.8137901336645,21.261874999999236
1745,3526.0883353542667,61.345208333333176
1746,3527.360456445156,35.87020833333372
1747,3528.634297269305,28.386874999999236
1748,3529.907785827851,30.420208333332994
1749,3531.1788524120752,67.49520833333372
1750,3532.450602808174,46.378541666666024
1751,3533.7199332356977,25.928541666666206
1752,3534.9899477654776,39.82854166666675
1753,3536.2585781147527,63.27854166666657
1754,3537.527892285545,41.1118749999996
1755,3538.7958231355856,18.94520833333354
1756,3540.0634045952875,51.15354166666657
1757,3541.330636809047,38.27020833333336
1758,3542.59751992118,51.4868749999996
1759,3543.861989919433,43.3618749999996
1760,3545.1271440350247,100.64520833333336
1761,3546.3909185384823,53.961874999999054
1762,3547.6564081056385,93.9868749999996
1763,3548.9194874045456,88.62020833333372
1764,3550.1822195995696,33.57854166666675
1765,3551.443574456673,44.43687499999942
1766,3552.7045830618217,63.24520833333372
1767,3553.9673051804525,62.928541666666206
1768,3555.2276211440817,76.27020833333336
1769,3556.486562037161,30.628541666666024
1770,3557.7461867768798,62.06187499999942
1771,3559.004437294867,59.428541666666206
1772,3560.2623429791934,15.961874999999054
1773,3561.5188758531717,-9.604791666666642
1774,3562.776092576979,65.0535416666662
1775,3564.0319373365523,84.4868749999996
1776,3565.2884656657047,51.32854166666675
1777,3566.542595882828,44.85354166666639
1778,3567.7974099516127,23.795208333332994
1779,3569.050854307224,31.7368749999996
1780,3570.3039560833045,4.511874999999236
1781,3571.556715420279,37.428541666666206
1782,3572.809132458498,55.178541666666206
1783,3574.0601820278453,6.27854166666657
1784,3575.3108901387895,33.72854166666639
1785,3576.5602321800266,36.261874999999236
1786,3577.8102580730165,25.603541666666388
1787,3579.0589187343585,12.020208333333358
1788,3580.3072390543402,34.678541666666206
1789,3581.554195537798,49.02020833333336
1790,3582.8028592266605,60.32020833333354
1791,3584.0491362804487,34.85354166666639
1792,3585.294051307719,67.70354166666675
1793,3586.5396503220118,40.47854166666639
1794,3587.7849103849235,48.7368749999996
1795,3589.0298316347894,29.336874999999054
1796,3590.272370837845,19.32854166666675
1797,3591.5166154320946,82.89520833333336
1798,3592.758479366013,21.470208333333176
1799,3594.0000061489764,46.35354166666639
1800,3595.241195918264,34.31187499999942
1801,3596.4820488110836,54.74520833333372
1802,3597.721544941565,12.411874999999782
1803,3598.9617247695173,10.103541666666388
1804,3600.2005486622284,11.661874999999782
1805,3601.439036779267,28.37020833333372
1806,3602.676170339564,73.68687499999942
1807,3603.913987590751,37.920208333332994
1808,3605.149432743696,62.428541666666206
1809,3606.386579949831,40.66187499999978
1810,3607.622374247093,22.720208333333176
1811,3608.856816597817,33.40354166666657
1812,3610.09092522751,32.503541666666024
1813,3611.3236832818393,23.311874999999418
1814,3612.557125150166,41.78687499999978
1815,3613.7892172627644,35.961874999999054
1816,3615.0209767440306,52.086874999999054
1817,3616.2524037286503,9.353541666666388
1818,3617.483498351233,50.03687499999978
1819,3618.714260746318,55.545208333332994
1820,3619.94266090881,53.670208333332994
1821,3621.171745003619,23.145208333333358
1822,3622.3994832981116,51.53687499999978
1823,3623.6289194952237,1.2118749999990541
1824,3624.8559961834453,54.595208333333176
1825,3626.0827425420043,47.82854166666675
1826,3627.30814527349,60.90354166666657
1827,3628.533218487204,43.1118749999996
1828,3629.757962316042,45.93687499999942
1829,3630.982376892828,37.77854166666657
1830,3632.205450008647,30.49520833333372
1831,3633.4302188211873,-11.6381250000004
1832,3634.652634640393,52.02020833333336
1833,3635.87371075532,22.628541666666024
1834,3637.095470622151,38.31187499999942
1835,3638.3158915914814,36.64520833333336
1836,3639.535985321249,70.670208333333
1837,3640.7557519430534,50.44520833333354
1838,3641.9751915884244,74.96187499999905
1839,3643.193294488609,39.586874999999054
1840,3644.4110712162383,26.045208333332994
1841,3645.628521902304,12.061874999999418
1842,3646.8456466777284,24.553541666666206
1843,3648.061436853891,45.1118749999996
1844,3649.2769019207603,48.628541666666024
1845,3650.493050288813,33.77854166666657
1846,3651.706857248099,79.25354166666602
1847,3652.920340027773,-5.788125000000946
1848,3654.1334987576865,27.128541666666024
1849,3655.3463335676247,27.503541666666024
1850,3656.558844587304,23.345208333333176
1851,3657.7710319463695,47.57854166666675
1852,3658.980882979757,20.053541666666206
1853,3660.191417814259,17.82854166666675
1854,3661.400624052017,36.49520833333372
1855,3662.610513812404,37.920208333332994
1856,3663.819075769867,53.60354166666639
1857,3665.0263108563504,40.24520833333372
1858,3666.234229583443,57.545208333332084
1859,3667.4418267541714,96.93687499999942
1860,3668.6480982413404,45.02020833333336
1861,3669.8540489631223,17.636874999999236
1862,3671.0586753255952,40.07020833333354
1863,3672.2639851671347,53.720208333333176
1864,3673.4679714382128,27.636874999999236
1865,3674.671637988084,19.970208333333176
1866,3675.8739822879734,25.053541666666206
1867,3677.077010043544,37.22854166666639
1868,3678.2787163355088,27.8618749999996
1869,3679.480103946797,-10.246458333333976
1870,3680.6801714112016,41.7368749999996
1871,3681.8799209791896,102.90354166666657
1872,3683.079352777059,25.003541666666024
1873,3684.2794677284064,32.553541666666206
1874,3685.477263567306,28.886874999999236
1875,3686.6757428119467,43.003541666666024
1876,3687.872904788058,24.53687499999978
1877,3689.0687504149564,21.53687499999978
1878,3690.2662790343516,42.095208333333176
1879,3691.4614923455124,24.65354166666657
1880,3692.6553910043467,40.095208333333176
1881,3693.8499732925884,18.420208333332994
1882,3695.0442401248984,21.82854166666675
1883,3696.237193470689,13.211874999999054
1884,3697.4288342446666,70.38687499999924
1885,3698.62215624873,19.103541666666388
1886,3699.8131685636768,48.4868749999996
1887,3701.0048642017537,44.336874999999054
1888,3702.1952488173442,50.77020833333336
1889,3703.385319900593,19.378541666666024
1890,3704.574081259492,48.628541666666024
1891,3705.7635259118874,48.586874999999054
1892,3706.9516616116803,20.878541666666024
1893,3708.1394847980814,40.49520833333372
1894,3709.3260003263363,42.37020833333372
1895,3710.5131991174408,9.753541666666024
1896,3711.6980962745533,-19.09645833333343
1897,3712.8836769401414,16.670208333332994
1898,3714.0679520073927,21.253541666666024
1899,3715.2519163438374,34.336874999999054
1900,3716.4355700717556,40.428541666666206
1901,3717.6199067540906,48.970208333333176
1902,3718.8029393709926,2.678541666666206
1903,3719.9836759061986,8.411874999999782
1904,3721.1660886818454,22.74520833333372
1905,3722.3462066598327,37.95354166666675
1906,3723.52700794131,-5.696458333333794
1907,3724.707499987948,64.26187499999924
1908,3725.8866913005786,6.245208333333721
1909,3727.064582778765,38.77020833333336
1910,3728.243157525733,22.40354166666657
1911,3729.4204331983983,20.261874999999236
1912,3730.596410694259,11.011874999999236
1913,3731.773071561724,-38.446458333333794
1914,3732.950415144974,16.553541666666206
1915,3734.1244815542364,25.103541666666388
1916,3735.300220987283,9.703541666666752
1917,3736.4736748453265,60.595208333333176
1918,3737.6468228653366,20.811874999999418
1919,3738.819665166865,22.53687499999978
1920,3739.9931903886345,56.470208333333176
1921,3741.1654213540783,35.003541666666024
1922,3742.336358955124,30.52854166666657
1923,3743.5069918297895,-10.946458333333794
1924,3744.677320097014,46.428541666666206
1925,3745.8473438756723,35.65354166666657
1926,3747.015089330959,7.045208333332994
1927,3748.1845050022725,56.74520833333372
1928,3749.353616541078,-11.604791666666642
1929,3750.520451651128,16.40354166666657
1930,3751.6869838906096,14.911874999999782
1931,3752.8532133774283,62.086874999999054
1932,3754.019140229431,-9.954791666667006
1933,3755.185749748668,33.65354166666657
1934,3756.350086500063,28.1118749999996
1935,3757.5141214806395,35.37020833333372
1936,3758.6768703892,15.078541666666752
1937,3759.840302435044,-2.0047916666662786
1938,3761.0024491529985,4.270208333333358
1939,3762.1642950783853,-14.421458333333248
1940,3763.32584032797,-4.288125000000946
1941,3764.486101873176,31.40354166666657
1942,3765.648029266487,8.211874999999054
1943,3766.8076905519583,-2.5214583333336122
1944,3767.967052136163,-17.371458333333976
1945,3769.12513200614,35.970208333333176
1946,3770.282912914385,39.511874999999236
1947,3771.441376598831,46.928541666666206
1948,3772.5985596774817,-8.488125000000764
1949,3773.7544630259504,19.170208333332994
1950,3774.91006838148,51.678541666666206
1951,3776.0653758592916,19.16187499999978
1952,3777.2203855745456,21.853541666666388
1953,3778.375097642342,53.94520833333354
1954,3779.528532325486,38.57854166666675
1955,3780.6806904956006,-18.688125000000582
1956,3781.8345110680266,-17.771458333333612
1957,3782.9860762605244,36.27854166666657
1958,3784.138324231966,18.711874999999054
1959,3785.289297156118,-15.17979166666646
1960,3786.4389959019154,13.136874999999236
1961,3787.5893775173563,26.186874999999418
1962,3788.7384856848994,8.270208333333358
1963,3789.887298859452,24.103541666666388
1964,3791.035817154591,7.370208333333721
1965,3792.1840406838387,-1.6964583333337941
1966,3793.3300158894417,41.928541666666206
1967,3794.4776507284814,9.761874999999236
1968,3795.6230384718815,29.770208333333358
1969,3796.769108988554,84.25354166666511
1970,3797.9148858061344,48.81187499999942
1971,3799.0593934526687,36.94520833333354
1972,3800.202632790131,70.420208333333
1973,3801.3455797653655,-6.34645833333343
1974,3802.4892093271214,48.45354166666675
1975,3803.63157166503,25.720208333333176
1976,3804.7736419770395,41.18687499999942
1977,3805.9134721963965,15.69520833333354
1978,3807.054959290298,4.020208333333358
1979,3808.1942075097922,49.68687499999942
1980,3809.3341384886226,56.60354166666639
1981,3810.4737784974923,58.22854166666639
1982,3811.612154800754,75.02854166666475
1983,3812.750240853054,42.6118749999996
1984,3813.887064414101,57.02020833333336
1985,3815.0245705452417,12.853541666666388
1986,3816.1608149022277,18.503541666666024
1987,3817.295798338201,46.87020833333372
1988,3818.4314644283536,7.995208333333721
1989,3819.566841426992,33.678541666666206
1990,3820.700958577348,31.970208333333176
1991,3821.8347873507896,4.978541666666388
1992,3822.9683278572925,32.9868749999996
1993,3824.1006100796953,44.52854166666657
1994,3825.2316348669365,38.386874999999236
1995,3826.3633423366778,39.295208333332994
1996,3827.494762471095,15.545208333332994
1997,3828.62492623697,-35.913125000000946
1998,3829.754803378055,4.753541666666024
1999,3830.8843940033717,23.395208333333358
2000,3832.013698221889,-32.2631250000004
2001,3833.1417479822044,49.086874999999054
2002,3834.2695120440785,43.22854166666639
2003,3835.396990516035,30.961874999999054
2004,3836.524183506544,-26.904791666666824
2005,3837.649156763139,19.27854166666657
2006,3838.7748126696306,46.128541666666024
2007,3839.9001839088005,45.3618749999996
2008,3841.024304141403,51.97854166666639
2009,3842.148140411017,43.03687499999978
2010,3843.2716928252253,51.81187499999942
2011,3844.394961491558,65.69520833333354
2012,3845.5179465174906,16.82020833333354
2013,3846.6396827826825,37.28687499999978
2014,3847.7601711248435,20.461874999999054
2015,3848.8813418634054,73.87854166666602
2016,3850.0022298773843,50.878541666666024
2017,3851.1218710187627,13.745208333333721
2018,3852.240266123023,51.2368749999996
2019,3853.359343564056,18.853541666666388
2020,3854.4771756661703,43.14520833333336
2021,3855.5947265478135,32.52020833333336
2022,3856.7119963150944,46.20354166666675
2023,3857.828022273713,5.253541666666024
2024,3858.943767814044,0.45354166666675155
2025,3860.060195358401,23.795208333332994
2026,3861.175380137406,29.061874999999418
2027,3862.2893229817914,59.82020833333263
2028,3863.4039479051908,37.90354166666566
2029,3864.516370236916,32.03687499999978
2030,3865.630435967557,47.18687499999942
2031,3866.7432611500362,13.128541666666024
2032,3867.854846612561,18.7368749999996
2033,3868.966153569202,28.170208333332994
2034,3870.076221978108,9.90354166666657
2035,3871.1860125711582,-13.504791666666279
2036,3872.2955254526314,17.15354166666657
2037,3873.405720152695,30.511874999999236
2038,3874.5137184977084,25.82854166666675
2039,3875.6223988696115,8.303541666666206
2040,3876.729843240149,-25.58812500000022
2041,3877.8370108989993,20.728541666666388
2042,3878.9429437222425,48.170208333332994
2043,3880.0486005196417,17.970208333333176
2044,3881.1558968931527,3.5368749999997817
2045,3882.2610014708557,10.061874999999418
2046,3883.3639157897755,30.7368749999996
