,Rshift,20241219_144133_332
0,-27.28431624923972,35.75500000000011
1,-24.137810440559743,18.34666666666635
2,-20.992855305911224,-10.469999999999345
3,-17.849449699264277,23.163333333332957
4,-14.709577990190768,1.2216666666663514
5,-11.570259296931825,-8.478333333333467
6,-8.432485724277697,-13.769999999999527
7,-5.297247424298958,4.055000000000291
8,-2.163550990117585,-10.128333333334012
9,0.9686047153885033,14.563333333333503
10,4.098230996806874,31.396666666666533
11,7.226319793020991,4.321666666666715
12,10.351883377225125,6.888333333333321
13,13.47690108550667,17.280000000000655
14,16.599396813964887,-17.03666666666686
15,19.71937314585023,22.413333333332957
16,22.838806501711186,230.78833333333296
17,25.95572368194708,233.10500000000047
18,29.070127261761424,203.23000000000047
19,32.18399075351902,184.35500000000047
20,35.29534385461391,162.08833333333314
21,38.40517363784589,138.36333333333369
22,41.51249719788232,152.22166666666635
23,44.61928418112446,139.6300000000001
24,47.72258507542738,168.26333333333332
25,50.82535162225085,158.95499999999993
26,53.926601392168415,153.72166666666635
27,57.02437225535298,151.58833333333314
28,60.12063048208482,110.24666666666599
29,63.215377180019566,151.1300000000001
30,66.30959363994587,156.3133333333335
31,69.40034041471665,158.8133333333335
32,72.48860070466732,191.621666666666
33,75.57731329740307,170.84666666666635
34,78.66256333475965,148.48833333333369
35,81.74631037256418,150.21333333333314
36,84.82855550884238,160.621666666666
37,87.90929984055099,154.1883333333335
38,90.98756809333871,167.07166666666672
39,94.06433868236475,128.52166666666653
40,97.1405881209893,140.36333333333369
41,100.21339123894579,188.66333333333296
42,103.28470091617095,161.54666666666617
43,106.35354424187857,191.28000000000065
44,109.42187077517436,166.28000000000065
45,112.48676102238159,157.85500000000047
46,115.55113664681949,172.96333333333314
47,118.61402520538982,191.19666666666672
48,121.67445614213274,148.6883333333335
49,124.73243195142234,156.85500000000047
50,127.78989651750489,194.32166666666672
51,130.84490905385366,128.53833333333296
52,133.89844180364437,170.60500000000047
53,136.94952655484522,151.39666666666653
54,139.9991346065499,172.77166666666653
55,143.04726703056593,155.78000000000065
56,146.09295701676533,150.47166666666635
57,149.13717445172796,199.83833333333314
58,152.18088734856704,169.77166666666653
59,155.22216241584337,186.26333333333332
60,158.26003610937104,179.15500000000065
61,161.29740892735327,176.86333333333369
62,164.33331545412594,164.13833333333332
63,167.36679213777288,182.4383333333335
64,170.39880558285302,190.27166666666653
65,173.42839316438452,245.04666666666617
66,176.45652055224213,180.19666666666672
67,179.48318880184246,196.82166666666672
68,182.50936125878457,258.84666666666635
69,185.532152102855,203.14666666666653
70,188.5525265301561,280.79666666666617
71,191.57336968606344,239.42166666666617
72,194.59083808475233,272.22166666666635
73,197.60685550341933,267.4800000000005
74,200.6195039541193,247.01333333333332
75,203.6335825290436,244.53833333333296
76,206.64429514705586,244.26333333333332
77,209.6516456142998,279.8050000000003
78,212.66042610825713,231.121666666666
79,215.66584745221635,245.28000000000065
80,218.6688701982906,263.3216666666667
81,221.6704530579928,320.28833333333296
82,224.67155290628202,272.8133333333335
83,227.67025864025692,288.1383333333333
84,230.66561774334488,264.1883333333335
85,233.66145185846995,298.5799999999999
86,236.65489724395556,323.4383333333335
87,239.64595629990657,288.8216666666667
88,242.63558452041616,330.0050000000001
89,245.62378293194837,307.78000000000065
90,248.60960037381219,332.66333333333296
91,251.59399096676356,331.04666666666617
92,254.57695573333737,303.52166666666653
93,257.5584956950971,360.3883333333333
94,260.5367111357406,343.22166666666635
95,263.51445554100974,359.5799999999999
96,266.4907791062013,377.7383333333337
97,269.4647338389515,414.4800000000005
98,272.4372706690054,443.7633333333333
99,275.40839061015055,540.2716666666665
100,278.3771470222574,708.4300000000003
101,281.34354227106166,1021.7633333333333
102,284.3104189718883,1365.246666666666
103,287.27304392780604,1813.746666666666
104,290.2342597498509,2342.1133333333337
105,293.19501284369574,2794.5966666666664
106,296.15435791399693,3232.1966666666667
107,299.11135146313717,3639.3466666666664
108,302.06599584060206,3878.1466666666656
109,305.020180602477,4119.380000000001
110,307.97107593352354,4252.788333333333
111,310.9205709374285,4301.205
112,313.8696088729118,4351.605
113,316.81630576431763,4356.421666666667
114,319.7616053156739,4336.721666666666
115,322.70362667554014,4400.638333333333
116,325.6461354188213,4493.655000000001
117,328.5863097684562,4554.605
118,331.5232124643944,4728.08
119,334.4596645888623,4804.555
120,337.3956657948935,4927.046666666667
121,340.32746272332156,5109.780000000001
122,343.2588115920873,5214.546666666667
123,346.18877468724133,5354.796666666667
124,349.1164160675589,5462.305
125,352.0426745233984,5598.363333333334
126,354.9666149953233,5749.613333333334
127,357.89011098210506,5958.163333333333
128,360.810356668617,6275.396666666666
129,363.730159822777,6787.763333333333
130,366.64858582226634,7360.130000000001
131,369.5647018076031,7999.98
132,372.47851007211335,8623.171666666667
133,375.3909458601356,7817.596666666667
134,378.3020101411441,8419.621666666666
135,381.2107718077643,7572.046666666667
136,384.1190964182033,6917.596666666666
137,387.0260524242806,6356.563333333333
138,389.92977926968416,5990.18
139,392.8321411918916,5798.246666666666
140,395.73313915306505,5681.571666666667
141,398.63277411446904,5587.08
142,401.53011802317604,5544.738333333334
143,404.42610172424645,5511.08
144,407.32072617531486,5468.371666666666
145,410.21306462703984,5452.380000000001
146,413.10404661153893,5275.705
147,415.99274624637286,5362.646666666666
148,418.88101859200884,5292.863333333334
149,421.7670113614339,5216.288333333333
150,424.6507268069978,5278.780000000001
151,427.534017380677,5311.996666666666
152,430.4150333946642,5278.296666666667
153,433.29377709457617,5248.763333333333
154,436.171174526634,5254.205
155,439.0481500067328,5221.705
156,441.9219343629885,5248.121666666666
157,444.7943761439507,5183.371666666666
158,447.6663983684335,5170.755000000001
159,450.53615738925754,5189.321666666667
160,453.4036554368587,5101.313333333333
161,456.2698155263778,5017.780000000001
162,459.13371823570486,4980.805
163,461.99720564598897,4970.463333333334
164,464.85751890297826,4877.055
165,467.71741872718127,4862.605
166,470.57598612114396,4924.355
167,473.4313855832414,4905.321666666667
168,476.28729176382114,4976.555
169,479.1400335802938,4943.621666666666
170,481.9905314565158,4867.913333333333
171,484.84062061516414,4746.663333333333
172,487.68846853613957,4553.396666666666
173,490.5359087351512,4336.296666666667
174,493.3792799303744,3900.288333333333
175,496.22407571145703,3855.5633333333335
176,499.06480688058537,3633.4050000000007
177,501.90513400978284,3387.671666666667
178,504.742316141402,3248.838333333333
179,507.58092228765565,3103.1466666666665
180,510.41547342909644,2957.6466666666665
181,513.2477988173791,2840.1466666666665
182,516.0815480007475,2746.588333333333
183,518.9103381523065,2686.5716666666667
184,521.7387302367048,2619.6800000000003
185,524.5667238977102,2519.0300000000007
186,527.3915883150893,2527.1050000000005
187,530.2151463911312,2494.1133333333337
188,533.0383083453657,2384.4050000000007
189,535.8592560354984,2385.9300000000003
190,538.6770831531306,2335.413333333333
191,541.4945172807625,2282.246666666666
192,544.3106504268214,2246.8050000000003
193,547.1254834922145,2252.4716666666664
194,549.9372037825524,2240.8050000000003
195,552.7476274645466,2189.6133333333337
196,555.557661396232,2202.8050000000003
197,558.3654941332069,2147.58
198,561.1711278231132,2158.5716666666667
199,563.9763740302524,2106.08
200,566.7785195179079,2034.8216666666667
201,569.5802793070004,2093.1050000000005
202,572.3789426562782,2067.3883333333333
203,575.1781251319061,2073.671666666666
204,577.9742146080273,2045.3383333333331
205,580.7690188937156,2042.4883333333337
206,583.5634406759264,2021.8633333333337
207,586.3547754365092,2065.005
208,589.1448284899731,2093.2800000000007
209,591.9336007189041,2091.4800000000005
210,594.7210930050775,2061.038333333333
211,597.5055067627944,2102.7383333333337
212,600.2895433101347,2005.8966666666665
213,603.0732022878761,2014.7383333333337
214,605.8537878481096,1965.9383333333326
215,608.6322014233208,1923.505
216,611.4093427963033,1934.5883333333331
217,614.1861101036463,1892.038333333333
218,616.9598124291359,1856.8299999999995
219,619.7331424337686,1845.4716666666664
220,622.505203725734,1796.6383333333333
221,625.2742059305338,1783.8216666666672
222,628.0419428000752,1773.0216666666665
223,630.8075203969969,1796.246666666666
224,633.5736240010797,1761.2383333333337
225,636.3366760769657,1784.413333333333
226,639.098467097401,1741.48
227,641.8589979255039,1726.38
228,644.6182694236076,1770.4216666666662
229,647.3744977383801,1763.246666666666
230,650.1303620232678,1775.8383333333331
231,652.8849703729016,1742.163333333333
232,655.6365413689031,1730.413333333333
233,658.3877505014291,1717.6550000000007
234,661.1377070819738,1739.396666666667
235,663.8855220435962,1766.7633333333333
236,666.6320869725545,1749.5799999999995
237,669.3765136087061,1716.788333333333
238,672.1196927253785,1754.4466666666667
239,674.8607368678764,1757.146666666667
240,677.6005359979608,1736.1716666666662
241,680.3408659606193,1748.6466666666665
242,683.0772897079983,1754.0633333333335
243,685.8124717904553,1753.8216666666672
244,688.545526761953,1737.6799999999998
245,691.2782284505098,1762.9050000000007
246,694.0088055188429,1763.1133333333337
247,696.7381450997262,1748.9216666666662
248,699.4662480342079,1755.9466666666672
249,702.1922308778788,1746.3383333333331
250,704.9169795556986,1754.2383333333337
251,707.6404949056167,1751.5300000000007
252,710.3618946801053,1776.5716666666667
253,713.0811809136846,1792.6216666666664
254,715.7992379247568,1778.9633333333331
255,718.5178303221388,1785.146666666667
256,721.232549101209,1825.896666666667
257,723.946923043364,1821.2966666666666
258,726.6591903985808,1852.0716666666672
259,729.3702334856129,1883.9716666666668
260,732.0791732343926,1917.73
261,734.7860116633555,1997.1133333333337
262,737.4933881052642,2027.7133333333331
263,740.1986648794762,2067.846666666667
264,742.9009656863793,2090.63
265,745.6038053949877,2121.33
266,748.3027948427829,2158.7633333333333
267,751.0023240452123,2074.4383333333335
268,753.6997612549775,2046.1050000000005
269,756.3951084757753,2021.4383333333335
270,759.0883677085873,2038.6383333333333
271,761.7804165027665,2070.871666666666
272,764.4730059891978,2048.1133333333337
273,767.161760802308,2085.1133333333337
274,769.8493084081631,2101.146666666667
275,772.5373975778823,2140.0633333333335
276,775.2225324226614,2096.213333333333
277,777.9055893020778,2071.871666666666
278,780.5865702013685,2110.9050000000007
279,783.2680943403964,2110.8799999999997
280,785.94754411685,2104.1050000000005
281,788.6249215114218,2066.338333333333
282,791.301099742469,2082.0633333333335
283,793.9752087651893,2073.4549999999995
284,796.6481210140968,2042.8383333333331
285,799.3198372924204,2030.496666666666
286,801.9903584026715,2013.4299999999998
287,804.6588158534753,2040.2633333333333
288,807.3260805162536,1989.2466666666664
289,809.9921531905816,1961.7216666666668
290,812.6552984182088,1974.1050000000005
291,815.3172548048767,1938.255
292,817.9788905003605,1937.4466666666672
293,820.6393381718575,1958.413333333333
294,823.2968654545798,1905.1883333333335
295,825.953207848906,1894.4549999999995
296,828.6092319547788,1870.105
297,831.2623411407403,1850.3633333333337
298,833.9142685842397,1832.0799999999995
299,836.5650150746521,1788.3050000000003
300,839.214581400652,1798.8383333333331
301,841.8621044684179,1796.9966666666664
302,844.5084497156973,1745.1966666666667
303,847.1536179282938,1753.7966666666666
304,849.7967471614515,1758.2800000000002
305,852.4387016963278,1714.7966666666662
306,855.0786203523927,1733.5633333333335
307,857.7182282217098,1729.3633333333337
308,860.3549413428963,1746.3050000000003
309,862.9904844220963,1713.7216666666668
310,865.6265791063319,1745.9466666666672
311,868.2589236210457,1723.0716666666667
312,870.8901011907012,1767.2049999999995
313,873.5201125911036,1780.0883333333331
314,876.1489585973727,1768.7216666666668
315,878.7757814546823,1773.4883333333337
316,881.401441226342,1767.1133333333337
317,884.0267964539792,1732.771666666667
318,886.6492746012391,1803.771666666667
319,889.2705927365037,1796.5716666666667
320,891.889894997582,1846.3216666666667
321,894.5080395422766,1961.5633333333335
322,897.1250271379771,2005.8049999999998
323,899.7400030545731,2143.7633333333333
324,902.3555345485436,2463.921666666666
325,904.9673464118688,3220.088333333333
326,907.578860262243,4748.08
327,910.1875137688562,6691.763333333333
328,912.7967243978754,8070.83
329,915.4030777129715,8158.913333333333
330,918.008282448971,6590.088333333334
331,920.6131918479454,4477.655000000001
332,923.2152492193081,2951.963333333333
333,925.8153093048101,2213.6800000000003
334,928.4150767007262,1848.663333333333
335,931.0137000550731,1659.0549999999998
336,933.6094789049918,1565.5466666666662
337,936.2049669537362,1509.996666666666
338,938.7993139710164,1492.8049999999998
339,941.3916712212085,1416.48
340,943.9820405752965,1434.5133333333333
341,946.5721213861391,1378.7549999999997
342,949.1602165457788,1351.0133333333333
343,951.7471759172602,1369.1550000000007
344,954.3321526227504,1336.5466666666666
345,956.915995777856,1321.855
346,959.4978592456448,1287.255
347,962.0785913955167,1277.996666666666
348,964.6581929708851,1244.8799999999997
349,967.2366647145176,1290.038333333333
350,969.8123165688366,1239.255
351,972.3885316148301,1213.9966666666664
352,974.9619297326224,1199.4716666666668
353,977.5342024606138,1212.3883333333333
354,980.1053505368706,1194.0300000000002
355,982.6745311457491,1207.6716666666666
356,985.2425893142037,1189.288333333333
357,987.8095257776441,1173.2549999999997
358,990.3753412708345,1137.1966666666672
359,992.9383523664881,1152.5133333333333
360,995.5010871426232,1139.3466666666664
361,998.0610211902117,1149.4299999999998
362,1000.6215213600577,1117.3966666666665
363,1003.180064343015,1121.2300000000005
364,1005.735811721452,1126.9966666666664
365,1008.291286062632,1147.2383333333337
366,1010.8456474810134,1152.3883333333333
367,1013.3972184038389,1171.5550000000003
368,1015.9493568871053,1171.1799999999998
369,1018.4987077862389,1126.7800000000002
370,1021.0469501244125,1184.0216666666665
371,1023.5932469334166,1189.2133333333331
372,1026.1392746818394,1183.521666666667
373,1028.68419603592,1218.63
374,1031.2263385170504,1202.913333333333
375,1033.7673774982072,1213.913333333333
376,1036.307313697748,1219.4633333333331
377,1038.8461478334082,1202.246666666666
378,1041.3830454733454,1220.646666666667
379,1043.918843207229,1214.1550000000007
380,1046.4527073250108,1175.8216666666672
381,1048.984639625617,1188.4716666666668
382,1051.5163093112349,1182.6550000000002
383,1054.047716010783,1177.5300000000002
384,1056.5763604113001,1177.5466666666662
385,1059.1022453872818,1130.3299999999995
386,1061.6295351123408,1143.3133333333335
387,1064.15406755211,1126.9050000000007
388,1066.6766771148937,1134.371666666666
389,1069.1981967679412,1126.0716666666672
390,1071.7186272174504,1117.8216666666667
391,1074.2379691690155,1105.5716666666667
392,1076.755393221889,1101.5633333333335
393,1079.272560650206,1103.3466666666664
394,1081.7869829144095,1100.9383333333335
395,1084.2994918955026,1081.7216666666664
396,1086.8117467162267,1067.3133333333335
397,1089.3229186874332,1048.621666666666
398,1091.8321805482885,1017.7133333333331
399,1094.3395340678335,1008.2800000000007
400,1096.8466355091525,1028.9633333333331
401,1099.3518307167656,1007.9549999999995
402,1101.8551214547995,1020.9883333333337
403,1104.3573356661466,1005.2049999999999
404,1106.8592998708855,982.0466666666662
405,1109.3585372853117,956.6550000000002
406,1111.8567009636618,996.0550000000003
407,1114.3546163596102,957.8883333333333
408,1116.8498098787786,989.0466666666666
409,1119.3447564973785,961.1550000000002
410,1121.8361610425645,969.5883333333331
411,1124.3289674661858,967.6883333333335
412,1126.819058307148,998.8466666666668
413,1129.3072590118054,997.6466666666665
414,1131.7952159016595,1003.8216666666672
415,1134.2812847317573,954.7049999999995
416,1136.765467243167,974.0633333333335
417,1139.248586407842,962.2216666666668
418,1141.7314637900306,979.8133333333335
419,1144.2116374268019,991.8299999999995
420,1146.6907504649155,981.521666666667
421,1149.1696234135359,974.5133333333333
422,1151.6457974652753,958.0050000000001
423,1154.1209136575835,1007.7049999999999
424,1156.594153889389,992.2383333333337
425,1159.0671567451252,998.3049999999998
426,1161.5382856927909,1022.3883333333333
427,1164.0075424555425,1015.4633333333331
428,1166.4765635190067,996.9466666666672
429,1168.9437144436115,1008.6716666666666
430,1171.408996947761,1003.4050000000002
431,1173.8740454230053,992.5133333333333
432,1176.3372275174995,1020.1966666666672
433,1178.7985449449166,1060.8216666666672
434,1181.2596300074379,1004.5216666666665
435,1183.7188524362593,1075.9549999999995
436,1186.1753993385187,1042.3466666666664
437,1188.6317162263829,1056.021666666667
438,1191.0878027271572,1043.8299999999995
439,1193.5412177787307,1081.3466666666668
440,1195.9935905564976,1038.621666666666
441,1198.4449217244953,1046.2633333333333
442,1200.8943994187837,1054.0300000000002
443,1203.3428375194246,995.8466666666668
444,1205.789424849979,1032.3049999999998
445,1208.234974598328,988.6466666666665
446,1210.6794874243822,1045.0049999999997
447,1213.1229639874857,1012.7800000000002
448,1215.5654049464306,991.6799999999998
449,1218.0051907210802,1040.0883333333331
450,1220.4439435796855,1048.3716666666664
451,1222.8816641780545,1047.0966666666664
452,1225.318353171446,1032.255
453,1227.7532024656482,1021.9633333333331
454,1230.1862137406779,1017.3716666666664
455,1232.6198128706674,1012.5133333333333
456,1235.0507675630085,1047.8383333333331
457,1237.4806952829103,1038.5883333333331
458,1239.907982597396,1025.2049999999995
459,1242.335859005302,1049.23
460,1244.7610976691485,1056.3883333333333
461,1247.1861193409281,1032.2133333333331
462,1249.6101179672248,1025.396666666667
463,1252.0314835133897,1062.396666666667
464,1254.451828665863,1062.0633333333335
465,1256.8711540695176,1056.3550000000005
466,1259.2894603686862,1071.7216666666668
467,1261.7051402369893,1054.3466666666664
468,1264.1206072882194,1065.288333333333
469,1266.5358611493111,1100.855
470,1268.9484925359866,1071.0799999999995
471,1271.3593067488612,1121.2466666666664
472,1273.76910773559,1121.021666666667
473,1276.1786980935606,1137.8466666666664
474,1278.585672584594,1164.0466666666666
475,1280.9916364371838,1146.8383333333331
476,1283.3965902877176,1179.6383333333333
477,1285.8005347720432,1200.9549999999995
478,1288.202670248408,1175.521666666667
479,1290.603798299963,1194.6466666666665
480,1293.0031199541122,1205.021666666667
481,1295.4014361203854,1224.021666666667
482,1297.7979484942825,1235.8633333333337
483,1300.1950545164614,1194.271666666667
484,1302.588761473702,1261.98
485,1304.9822647374833,1273.0049999999997
486,1307.3739687356235,1274.7466666666664
487,1309.764672363619,1313.4050000000002
488,1312.154376248969,1307.2216666666668
489,1314.5422844190539,1328.9966666666664
490,1316.929194765707,1337.0300000000007
491,1319.3143119799881,1409.5300000000002
492,1321.6984332856466,1415.5966666666668
493,1324.0807640363764,1413.105
494,1326.4628957270668,1413.48
495,1328.843238771792,1449.13
496,1331.2217947867287,1433.0966666666668
497,1333.6001532744083,1493.7133333333331
498,1335.9767266354406,1511.5049999999997
499,1338.3515164816333,1524.021666666667
500,1340.7253173751865,1550.4966666666664
501,1343.0989225559927,1576.0550000000003
502,1345.4691624819095,1600.146666666667
503,1347.8392085880812,1658.1466666666665
504,1350.2082688677153,1712.3466666666668
505,1352.5763439357713,1809.4466666666672
506,1354.9418524556834,1951.788333333333
507,1357.3063783070354,2180.9883333333337
508,1359.6715027392402,2425.5049999999997
509,1362.0332744428533,2847.8050000000003
510,1364.3940659691382,3183.446666666667
511,1366.7546672631227,3424.196666666667
512,1369.1127109294603,3423.605
513,1371.4697769016548,3121.4883333333337
514,1373.8266541411804,2703.5133333333333
515,1376.1809781948443,2442.4549999999995
516,1378.5343270297335,2240.53
517,1380.887488625941,2133.196666666667
518,1383.2381014659552,2031.4549999999995
519,1385.5877415547866,2026.396666666667
520,1387.9356230988735,1983.4383333333335
521,1390.2841058932147,1986.6716666666666
522,1392.629259854741,1942.2966666666666
523,1394.9742301983156,1968.0300000000002
524,1397.3174463552004,1935.3883333333333
525,1399.660479446045,1977.913333333333
526,1402.0009757495511,1955.0216666666665
527,1404.3397219337714,1997.7133333333331
528,1406.679070974446,2011.6216666666664
529,1409.015887612105,1971.9216666666662
530,1411.351740694853,1961.355
531,1413.6866308185267,1971.8799999999997
532,1416.0197760677709,1969.4383333333335
533,1418.35196019289,1912.6716666666662
534,1420.6824019212766,1963.8133333333335
535,1423.0126659008947,1954.521666666667
536,1425.3411893131893,1978.1799999999998
537,1427.667973714704,1959.0133333333333
538,1429.9945818209708,1956.021666666667
539,1432.318672480819,1997.6799999999998
540,1434.6425880252157,1996.3466666666668
541,1436.9639892259745,2005.5300000000002
542,1439.2859957862674,2029.7549999999997
543,1441.6047114814605,1989.146666666667
544,1443.9232544115312,1949.6799999999998
545,1446.240845864226,1884.021666666667
546,1448.5567084051524,1849.8633333333337
547,1450.8708435764338,1797.4966666666664
548,1453.184807683062,1788.755
549,1455.497046224754,1728.3883333333333
550,1457.8083374850673,1657.6216666666664
551,1460.1179056185897,1666.896666666667
552,1462.4265282700144,1604.7049999999995
553,1464.734206019806,1548.8216666666672
554,1467.0401639733043,1530.2133333333331
555,1469.3436285036719,1501.3799999999997
556,1471.648476294783,1480.0300000000002
557,1473.9508324525793,1501.6799999999998
558,1476.2514736616265,1446.3883333333333
559,1478.55194923011,1427.0799999999995
560,1480.8507116342894,1424.7800000000002
561,1483.1477623969392,1419.6133333333337
562,1485.4438759834406,1373.1299999999997
563,1487.7390529672195,1368.1716666666666
564,1490.032521606992,1350.2383333333337
565,1492.3258274185912,1395.163333333333
566,1494.617426659945,1347.73
567,1496.9073208457532,1304.4299999999998
568,1499.1955114887794,1143.8966666666665
569,1501.4827708427101,1318.8133333333335
570,1503.7698699051386,1309.2966666666666
571,1506.0552680723179,1316.355
572,1508.3389668519696,1352.6216666666664
573,1510.6225067292403,1289.2216666666668
574,1512.903579801272,1299.2966666666662
575,1515.1837262380227,1290.7133333333331
576,1517.4629466040146,1301.0300000000002
577,1519.7412414633127,1298.5883333333331
578,1522.0178434510929,1247.8049999999998
579,1524.2927540651958,1226.2800000000002
580,1526.5682767186565,1221.8883333333333
581,1528.8405751333053,1247.7966666666666
582,1531.1119527198114,1223.5799999999995
583,1533.3831764109293,1209.2549999999997
584,1535.653479771775,1195.5466666666666
585,1537.9213318569384,1186.9716666666668
586,1540.1882659700668,1164.6883333333335
587,1542.454282668405,1172.146666666667
588,1544.7186176854627,1159.1883333333335
589,1546.9820370194939,1141.8716666666664
590,1549.2445412258314,1112.9633333333331
591,1551.5053669631798,1125.3299999999995
592,1553.7652792994438,1109.2133333333331
593,1556.0235155087598,1111.3716666666664
594,1558.2816030108968,1116.788333333333
595,1560.5380161075582,1084.6216666666664
596,1562.7927562740572,1101.6216666666664
597,1565.0473490800296,1072.3383333333331
598,1567.299508931409,1055.2383333333337
599,1569.550761088168,1053.538333333333
600,1571.8018672259618,1073.0550000000003
601,1574.050544511929,1039.0799999999995
602,1576.2975558465782,1063.6133333333337
603,1578.5444231111983,1043.9050000000002
604,1580.7903860315885,1019.4966666666664
605,1583.0346855571577,1032.3633333333337
606,1585.2773231497633,1016.1799999999998
607,1587.5198182413344,995.4883333333337
608,1589.760653098501,1016.5633333333335
609,1591.9998291792917,1004.0466666666662
610,1594.2381060115424,1013.2466666666664
611,1596.4762419040592,1005.9300000000003
612,1598.7112066332265,1009.7800000000002
613,1600.9467892716768,1024.5716666666672
614,1603.1799611141394,973.7216666666668
615,1605.4122376255682,939.5550000000003
616,1607.6436193442958,1000.9549999999995
617,1609.873350862231,963.9216666666666
618,1612.1029449116838,978.4966666666664
619,1614.3301350994652,944.9299999999998
620,1616.5564338529678,953.23
621,1618.7825964435165,932.0799999999995
622,1621.0063591970566,964.896666666667
623,1623.2292327238813,977.4549999999995
624,1625.4512175572513,906.0550000000003
625,1627.6730677599032,969.7966666666666
626,1629.8917700456498,895.2466666666664
627,1632.1095864386525,899.6299999999997
628,1634.3272700970203,918.021666666667
629,1636.543315995183,932.605
630,1638.757725563858,947.2966666666666
631,1640.9712519592479,919.1799999999998
632,1643.1846471370643,905.3383333333331
633,1645.3949062147228,907.7133333333331
634,1647.6050357286647,941.1300000000001
635,1649.8150353075596,891.038333333333
636,1652.0226538884017,899.4549999999995
637,1654.2293936536882,896.5050000000001
638,1656.433755860365,896.7966666666666
639,1658.6387401646318,880.5799999999999
640,1660.8420981880593,921.4216666666666
641,1663.043831347487,873.9383333333335
642,1665.245437942886,915.5216666666665
643,1667.444673168544,888.2966666666666
644,1669.6430350248065,893.5799999999995
645,1671.839776480645,905.4549999999999
646,1674.0371407093237,898.8383333333331
647,1676.231391660734,850.2966666666666
648,1678.4247725059502,868.4549999999999
649,1680.618776494006,868.6216666666669
650,1682.8104180871246,860.6549999999997
651,1685.000445351215,861.3049999999998
652,1687.1896051676117,858.3299999999999
653,1689.3778980515885,867.2216666666668
654,1691.5645796292015,866.5466666666666
655,1693.7503958933055,851.7133333333331
656,1695.9353473574374,838.5299999999997
657,1698.1186905294871,851.8633333333337
658,1700.3011705157312,841.788333333333
659,1702.482044410687,836.8716666666664
660,1704.662799854055,836.9216666666666
661,1706.8412079854625,824.7216666666664
662,1709.0187561488963,842.9633333333331
663,1711.196187097351,837.9383333333335
664,1713.3712746079727,821.9549999999995
665,1715.5455042622843,808.8383333333331
666,1717.7188765676908,795.1883333333335
667,1719.8913920312016,826.7466666666664
668,1722.0623103776884,821.5716666666667
669,1724.2316329887778,819.7133333333331
670,1726.400101442966,813.896666666667
671,1728.5677162446298,799.146666666667
672,1730.7337382817082,814.3049999999998
673,1732.8996475808926,788.396666666667
674,1735.0632266694843,803.6216666666664
675,1737.2266940251332,789.7966666666662
676,1739.388572371105,797.5383333333334
677,1741.5496012427536,808.8466666666668
678,1743.7090432671623,791.2549999999997
679,1745.8668998136025,813.5966666666668
680,1748.0239095442068,800.9050000000002
681,1750.1800729573572,784.4716666666668
682,1752.33612726718,772.7049999999999
683,1754.4898628228623,782.5133333333333
684,1756.642017992768,797.5383333333334
685,1758.79406583904,770.0133333333333
686,1760.944534868283,776.6133333333337
687,1763.09342644014,764.7883333333334
688,1765.2422118852319,793.3966666666665
689,1767.3894214371273,721.9050000000007
690,1769.5365252743886,767.7966666666666
691,1771.680586532549,741.855
692,1773.8238097986377,767.0133333333333
693,1775.9669291142022,736.105
694,1778.1077443189777,749.855
695,1780.249189531852,772.1966666666667
696,1782.3876000690555,740.7549999999997
697,1784.5266410210204,750.5383333333334
698,1786.663382683214,777.538333333333
699,1788.799290925959,763.871666666666
700,1790.934366236762,744.5883333333331
701,1793.068609102751,698.3716666666664
702,1795.2005580535997,717.8716666666669
703,1797.3316766718099,719.4133333333334
704,1799.4634262611178,750.3383333333331
705,1801.5921549749944,732.9049999999997
706,1803.7200553786513,727.3799999999997
707,1805.847127955445,715.3883333333333
708,1807.9733731883662,705.7133333333331
709,1810.0973335803424,740.7466666666664
710,1812.2211974332115,746.9800000000005
711,1814.3449643784033,712.8883333333333
712,1816.4664496266178,707.7549999999997
713,1818.5856553552858,732.4716666666664
714,1820.7047664653007,732.4716666666668
715,1822.8237825881681,715.2883333333334
716,1824.940522322895,738.1133333333337
717,1827.0564412979597,716.5799999999995
718,1829.1722664381039,684.7966666666666
719,1831.2858188778434,716.7966666666666
720,1833.3978266667261,717.4216666666666
721,1835.5090167273127,683.3133333333335
722,1837.6208401800466,691.73
723,1839.7296706046743,677.0466666666666
724,1841.8376852856595,652.996666666666
725,1843.9456091775912,679.105
726,1846.0512693092542,680.4466666666667
727,1848.1561156758332,690.3800000000001
728,1850.2594251071673,682.6133333333332
729,1852.3633689999517,675.6299999999997
730,1854.4643307337765,670.4549999999999
731,1856.5652045073457,665.9466666666667
732,1858.665267428087,668.6216666666669
733,1860.7630754727245,672.871666666666
734,1862.8607966849004,628.9216666666666
735,1864.9562656284854,652.0549999999998
736,1867.0516486745573,642.396666666667
737,1869.1455031884284,668.0133333333333
738,1871.238551325845,658.5550000000003
739,1873.3315141310106,650.5550000000003
740,1875.4222303338945,646.6050000000005
741,1877.5107020627015,605.0133333333333
742,1879.5990906846928,630.3383333333331
743,1881.6873958326275,638.646666666667
744,1883.7741787517411,644.8799999999997
745,1885.8587218165178,614.9383333333335
746,1887.943901712581,617.146666666667
747,1890.0268437823806,636.9383333333335
748,1892.1089863219772,620.1133333333337
749,1894.1896119771302,608.1299999999997
750,1896.2701571121374,609.4050000000002
751,1898.349186832543,594.5299999999997
752,1900.4274194115637,619.2716666666665
753,1902.5041385933448,574.98
754,1904.5793456596302,601.8050000000003
755,1906.6537580561126,591.4633333333331
756,1908.7266603478063,605.9549999999995
757,1910.799485047457,594.8799999999997
758,1912.8715164452187,584.6383333333333
759,1914.9413248565304,584.9050000000002
760,1917.0110567666713,596.3633333333337
761,1919.078568239402,569.1716666666666
762,1921.14600411799,604.4549999999995
763,1923.2112221034392,563.6216666666664
764,1925.277079104547,599.1966666666672
765,1927.3407202073547,590.521666666667
766,1929.4035738182395,553.6799999999998
767,1931.4649274994495,542.3299999999995
768,1933.5254951334773,598.3633333333332
769,1935.585277169844,546.4883333333337
770,1937.643561984194,574.2549999999997
771,1939.7010626415147,573.6299999999997
772,1941.757779589837,587.5133333333333
773,1943.8137132768495,587.2466666666664
774,1945.8674421707453,575.4216666666666
775,1947.920389779869,531.3383333333331
776,1949.9725565499666,524.4549999999995
777,1952.0239429264368,553.0549999999998
778,1954.0738394455072,571.771666666667
779,1956.122957000317,551.5716666666667
780,1958.171296034799,545.8049999999998
781,1960.218147892365,548.0633333333335
782,1962.2635138238334,532.2966666666662
783,1964.3081036407102,535.5133333333333
784,1966.351209491215,524.0466666666666
785,1968.3949566970111,559.0550000000003
786,1970.4358053059998,541.355
787,1972.4772956144468,526.98
788,1974.5158903526562,515.3716666666664
789,1976.5551271330337,526.4133333333334
790,1978.5921780490723,521.4216666666666
791,1980.6284579790236,516.8383333333331
792,1982.6639673605102,525.0383333333334
793,1984.6980007479283,519.4966666666669
794,1986.7312649950175,495.9549999999999
795,1988.7637605379505,491.621666666666
796,1990.7940776469723,505.65499999999975
797,1992.8236279885937,501.1883333333335
798,1994.8538210979857,516.0049999999997
799,1996.8811343909813,485.96333333333314
800,1998.9083867689908,476.87999999999965
801,2000.9341703618416,464.52999999999975
802,2002.9584863987373,479.5799999999999
803,2004.9820393300624,494.58833333333314
804,2007.005532544807,483.65499999999975
805,2009.027560294055,480.4216666666666
806,2011.048123803183,486.46333333333314
807,2013.0665221323811,502.6383333333333
808,2015.085564894552,489.3883333333333
809,2017.1031460275283,496.8466666666668
810,2019.1199681235807,492.0466666666666
811,2021.1346293956003,477.9216666666666
812,2023.1499352295325,457.53833333333296
813,2025.1630821485796,467.99666666666644
814,2027.1747724768,485.6383333333333
815,2029.1871075934034,452.6883333333335
816,2031.1972871791857,469.4466666666667
817,2033.2060127651696,468.66333333333296
818,2035.2139848301993,482.9549999999999
819,2037.221902802867,481.42999999999984
820,2039.226971350058,449.6966666666667
821,2041.2319871755637,447.7550000000001
822,2043.236949916345,452.8216666666667
823,2045.239765337244,427.6383333333333
824,2047.2418308212702,441.36333333333323
825,2049.2424493543913,449.30499999999984
826,2051.2430164887787,470.1050000000005
827,2053.241441121812,468.4216666666666
828,2055.2391185430342,429.4549999999999
829,2057.236745563922,451.7466666666669
830,2059.2322334257187,453.49666666666644
831,2061.2269758520356,438.0633333333335
832,2063.2209732604924,433.23833333333323
833,2065.214226068398,433.9300000000003
834,2067.2060395996587,401.8883333333333
835,2069.1957202150857,440.6966666666667
836,2071.186742759255,429.2633333333333
837,2073.174939421446,417.19666666666717
838,2075.1617010605014,430.7966666666666
839,2077.1491102618625,405.98833333333323
840,2079.1350852680584,433.69666666666717
841,2081.1196272679517,425.8133333333335
842,2083.103430472746,464.5466666666666
843,2085.0858025290545,454.2633333333333
844,2087.0674371303767,404.47166666666635
845,2089.047642437425,393.5716666666667
846,2091.0264196332587,430.6883333333335
847,2093.005845108754,408.46333333333314
848,2094.983151814207,423.86333333333323
849,2096.9604153683745,424.25499999999965
850,2098.935562512775,457.1966666666667
851,2100.9099766142353,424.40499999999975
852,2102.883658080762,422.2049999999999
853,2104.8559171229335,434.28833333333296
854,2106.8274448571747,417.9383333333335
855,2108.7975520045943,421.94666666666717
856,2110.7676185983037,409.3716666666669
857,2112.735576753847,421.1383333333333
858,2114.702806247171,415.6966666666667
859,2116.6693074828977,415.1883333333335
860,2118.6343924556404,427.0466666666666
861,2120.5994386435636,411.05499999999984
862,2122.5630698853274,405.0799999999995
863,2124.5252873474274,377.3299999999999
864,2126.4867795871214,434.5383333333334
865,2128.447547006388,422.5633333333335
866,2130.4069031225663,401.8716666666669
867,2132.364162466974,413.271666666667
868,2134.3220724707035,425.9549999999999
869,2136.2785736409714,445.80499999999984
870,2138.2350388794366,399.50499999999965
871,2140.188725353984,396.27999999999975
872,2142.1423772007224,413.96333333333314
873,2144.0939387208973,410.8216666666667
874,2146.045466408842,403.92999999999984
875,2147.996275296343,438.521666666667
876,2149.9456814240034,421.11333333333323
877,2151.8943700488558,391.73833333333323
878,2153.8416577139974,426.21333333333314
879,2155.7882291712344,416.98
880,2157.7334014654293,422.0133333333333
881,2159.677858843891,427.71333333333314
882,2161.6216017006795,435.9383333333335
883,2163.563265234873,375.73833333333323
884,2165.5055807307713,436.4050000000002
885,2167.4458186927113,385.64666666666653
886,2169.384662861363,422.91333333333296
887,2171.324159166805,395.09666666666635
888,2173.261581116272,412.50499999999965
889,2175.1982927926656,447.4300000000003
890,2177.133613739824,414.78833333333296
891,2179.068225693548,445.5133333333333
892,2181.001448695267,444.0633333333335
893,2182.934644079557,440.15499999999975
894,2184.865092087539,440.50499999999965
895,2186.796872955402,465.03000000000065
896,2188.7259087155453,448.23
897,2190.65491840994,461.855
898,2192.5832228241165,484.05499999999984
899,2194.509465128281,478.80499999999984
900,2196.4350039170317,466.40499999999975
901,2198.359839575715,508.0633333333335
902,2200.283972489392,506.1050000000005
903,2202.206725424934,481.996666666666
904,2204.128099508426,467.3716666666669
905,2206.0494501123408,478.55499999999984
906,2207.9687462483184,506.58833333333314
907,2209.8880196706987,482.521666666667
908,2211.8052408705116,507.9716666666668
909,2213.7224401207795,483.3883333333333
910,2215.6382652813036,500.105
911,2217.554068762353,488.0466666666666
912,2219.4684994078398,514.6716666666662
913,2221.380883181757,555.855
914,2223.2925717540124,548.2133333333331
915,2225.2035655036293,601.0799999999999
916,2227.113864809343,644.7216666666664
917,2229.023470049626,728.3466666666668
918,2230.93103374597,891.1383333333333
919,2232.8392524791766,1015.6466666666665
920,2234.7454314021097,1292.6883333333335
921,2236.6502455530513,1749.9383333333335
922,2238.5543689915426,2408.0966666666664
923,2240.4584748001516,3250.2049999999995
924,2242.3605452334054,4172.296666666667
925,2244.2625987872075,4769.588333333334
926,2246.163291153471,5448.471666666666
927,2248.061951703958,5329.530000000001
928,2249.960596740273,4667.6883333333335
929,2251.8578834128084,3675.296666666667
930,2253.7544838268936,2791.68
931,2255.6503983547937,2079.3299999999995
932,2257.545627368507,1546.7966666666666
933,2259.43950096321,1196.2383333333337
934,2261.3320202368413,994.663333333333
935,2263.22385607865,850.5966666666668
936,2265.1136697570655,767.5966666666668
937,2267.00414032874,733.788333333333
938,2268.893259510191,706.1799999999998
939,2270.7816972212604,670.3299999999995
940,2272.6687852453247,668.3716666666669
941,2274.5545246737615,677.855
942,2276.4395847003534,714.4549999999999
943,2278.3232978291308,755.2633333333333
944,2280.207000393581,834.9466666666667
945,2282.0893572743034,905.7800000000002
946,2283.971036700287,981.5716666666667
947,2285.8513721350478,1016.538333333333
948,2287.7303646634455,1015.1133333333337
949,2289.6086817919245,985.2966666666666
950,2291.48632388458,884.4299999999998
951,2293.3632913052375,770.5716666666667
952,2295.2382530077316,679.8133333333335
953,2297.1138726530257,619.9716666666664
954,2298.986823034918,551.0799999999999
955,2300.8597666180385,509.78833333333296
956,2302.7313735482526,462.54666666666617
957,2304.6029739254423,457.0966666666668
958,2306.472574575462,492.58833333333314
959,2308.342169393899,471.5050000000001
960,2310.2097666342524,453.5799999999995
961,2312.0766952026797,456.9466666666667
962,2313.942955458233,483.71333333333314
963,2315.8078846745443,447.271666666667
964,2317.672809617737,489.52166666666653
965,2319.535742101755,438.0716666666667
966,2321.398008654099,430.58833333333314
967,2323.2602717691625,445.8716666666669
968,2325.120545391538,461.47166666666635
969,2326.9801546254544,468.2383333333337
970,2328.8384383985076,438.0633333333335
971,2330.6967201589523,438.73833333333323
972,2332.5530166850845,453.271666666667
973,2334.4086511876862,429.4549999999995
974,2336.2642845058926,460.8299999999999
975,2338.1185957880093,461.90500000000065
976,2339.970926079607,444.271666666667
977,2341.822596703099,410.33833333333314
978,2343.674267555236,445.33833333333314
979,2345.5246196644694,466.91333333333296
980,2347.3743131619526,445.49666666666644
981,2349.2226895587974,467.2883333333334
982,2351.0704085155153,435.9133333333334
983,2352.91615363865,432.6716666666666
984,2354.7612429587534,427.28833333333296
985,2356.606334729711,453.2216666666668
986,2358.4501132582022,451.75499999999965
987,2360.292579594143,449.7550000000001
988,2362.1350491941603,463.23
989,2363.9762077652736,437.87999999999965
990,2365.815399617171,457.02999999999975
991,2367.6545960092863,453.94666666666717
992,2369.493140317858,457.1716666666666
993,2371.3310328896205,504.71333333333314
994,2373.1669624567503,480.0633333333335
995,2375.0022419089487,493.6050000000005
996,2376.8368715914644,481.6883333333335
997,2378.67019673828,481.96333333333314
998,2380.5028732687783,472.646666666667
999,2382.334901527114,486.8216666666667
1000,2384.164973024659,483.2466666666669
1001,2385.995052047911,468.82166666666717
1002,2387.82448429219,476.58833333333314
1003,2389.652616377456,488.8133333333335
1004,2391.4794493388317,489.77999999999975
1005,2393.305637471742,510.6716666666666
1006,2395.1311811175387,512.8466666666664
1007,2396.9554278167425,474.1716666666666
1008,2398.779031171294,467.86333333333323
1009,2400.601991521462,467.9966666666669
1010,2402.423657096829,482.2049999999995
1011,2404.243377045574,498.65499999999975
1012,2406.063759689406,445.4383333333335
1013,2407.882849724335,481.21333333333314
1014,2409.6999969843205,496.7216666666668
1015,2411.517807036311,470.6966666666667
1016,2413.333675905249,464.61333333333323
1017,2415.14890631328,470.8299999999995
1018,2416.962848319844,454.50499999999965
1019,2418.7761529955883,481.896666666667
1020,2420.5894704967745,486.22166666666635
1021,2422.4008516977046,484.3466666666668
1022,2424.2122463950323,483.5633333333335
1023,2426.0217068309134,497.9216666666666
1024,2427.8298836151653,476.21333333333314
1025,2429.637426445486,459.9966666666669
1026,2431.4449841090545,441.6716666666666
1027,2433.2519080305606,452.62999999999965
1028,2435.0562545451044,462.0466666666666
1029,2436.861264890778,479.23833333333323
1030,2438.664995401262,452.6716666666666
1031,2440.4667997697006,496.36333333333323
1032,2442.268620964471,460.3800000000001
1033,2444.069164904534,480.65500000000065
1034,2445.8690792394023,514.2549999999997
1035,2447.6677178850787,454.855
1036,2449.4670204140334,495.37999999999965
1037,2451.263110025961,488.105
1038,2453.0592184426123,463.6966666666667
1039,2454.8546998042993,519.5383333333334
1040,2456.6495544393406,500.521666666667
1041,2458.4431376146,492.3299999999999
1042,2460.2360951692103,490.47166666666726
1043,2462.027782818997,508.4549999999995
1044,2463.8182015650145,459.14666666666653
1045,2465.607996569618,491.0133333333333
1046,2467.3971681586963,504.86333333333323
1047,2469.1857166579093,488.4133333333334
1048,2470.972998902931,533.0799999999999
1049,2472.7590158907287,525.3299999999995
1050,2474.5450547015926,497.96333333333314
1051,2476.329829351567,513.5799999999999
1052,2478.112698240118,551.6383333333333
1053,2479.8955901462873,523.1633333333334
1054,2481.6785047232265,543.0716666666672
1055,2483.4588739218607,528.496666666666
1056,2485.239266882462,492.25499999999965
1057,2487.019041778327,555.1216666666669
1058,2488.796275158288,480.0716666666667
1059,2490.5741745220694,530.9800000000005
1060,2492.3508164171226,512.5050000000001
1061,2494.126842421604,527.3550000000005
1062,2495.900972117632,526.6299999999997
1063,2497.6751275978722,529.2966666666666
1064,2499.4486685907236,529.0633333333335
1065,2501.220955711315,561.5633333333335
1066,2502.9919899427855,526.7966666666666
1067,2504.762411528758,555.4549999999999
1068,2506.531581746511,548.8383333333331
1069,2508.300140396079,518.6633333333334
1070,2510.067449195527,526.4633333333331
1071,2511.8354242586497,552.0633333333335
1072,2513.600873789458,540.7799999999997
1073,2515.3657139003803,538.23
1074,2517.1299449069124,532.1549999999997
1075,2518.893567124336,548.6133333333332
1076,2520.65594359015,565.855
1077,2522.417712336304,532.3550000000005
1078,2524.178873677084,535.2383333333332
1079,2525.9381546889244,545.0966666666668
1080,2527.6974662001853,525.6883333333335
1081,2529.454899324957,527.6716666666666
1082,2531.2129995363402,542.663333333333
1083,2532.9685871200804,543.7300000000005
1084,2534.7242064531288,568.646666666667
1085,2536.4792218857515,546.7883333333334
1086,2538.232998642498,579.2383333333332
1087,2539.985537689555,554.5466666666666
1088,2541.7368399919787,546.5299999999997
1089,2543.4888098122974,556.8716666666664
1090,2545.238909293303,547.7549999999997
1091,2546.987774048599,548.98
1092,2548.737306379387,595.4216666666666
1093,2550.4849710404533,514.4383333333335
1094,2552.2314029897334,566.146666666667
1095,2553.9766031867266,505.0966666666668
1096,2555.7224713235205,549.7883333333334
1097,2557.4664756289726,533.646666666667
1098,2559.2098826662195,527.3883333333333
1099,2560.952692742028,533.8299999999999
1100,2562.6936420733937,537.2049999999999
1101,2564.4339959212184,556.788333333333
1102,2566.1737545909696,516.6133333333337
1103,2567.912918387909,548.6133333333337
1104,2569.6508564362093,541.9633333333331
1105,2571.388831618211,491.55499999999984
1106,2573.1249513425064,560.8550000000005
1107,2574.8604782745547,509.55499999999984
1108,2576.5947823987253,518.7383333333337
1109,2578.328494767738,503.0966666666668
1110,2580.0616156844035,492.05499999999984
1111,2581.793515776887,498.61333333333323
1112,2583.525454911203,481.9383333333335
1113,2585.255545009802,505.5966666666668
1114,2586.9850457228317,471.61333333333323
1115,2588.712699717805,475.1966666666667
1116,2590.4410229911205,487.34666666666635
1117,2592.168129392628,442.7049999999999
1118,2593.893391689224,477.46333333333405
1119,2595.619951269979,452.24666666666644
1120,2597.3440400248724,418.7049999999999
1121,2599.0669152433225,444.4383333333335
1122,2600.789832506445,451.6216666666669
1123,2602.5109101481653,438.48
1124,2604.232657326148,428.77999999999975
1125,2605.9525663304853,450.7383333333337
1126,2607.671891675088,363.9383333333335
1127,2609.390007399532,399.98833333333323
1128,2611.1075404829317,406.80499999999984
1129,2612.8244912216096,417.3883333333333
1130,2614.540234290887,359.1966666666667
1131,2616.2553960314767,376.00499999999965
1132,2617.96872634454,401.48
1133,2619.68272673723,381.3216666666667
1134,2621.3955219127556,354.90499999999975
1135,2623.1064882376836,366.105
1136,2624.816875976411,366.0799999999995
1137,2626.5266854223714,368.0716666666667
1138,2628.2365407981324,365.3299999999999
1139,2629.944570608741,367.42166666666617
1140,2631.651399919385,349.52999999999975
1141,2633.3582762486835,347.4300000000003
1142,2635.0639530833223,357.646666666667
1143,2636.7678084693225,364.2049999999999
1144,2638.472957291942,365.50499999999965
1145,2640.1756632120205,375.4383333333335
1146,2641.877172903152,369.65499999999975
1147,2643.5793533960828,337.7966666666666
1148,2645.2797164126905,363.855
1149,2646.9795067360856,365.9383333333335
1150,2648.6781032466547,315.8133333333335
1151,2650.3767492604807,320.86333333333323
1152,2652.0735814668433,360.1883333333335
1153,2653.769842971519,354.71333333333314
1154,2655.4661546355424,340.6050000000005
1155,2657.160655027105,356.22166666666635
1156,2658.8539658409413,336.4133333333334
1157,2660.547327884683,338.53833333333296
1158,2662.2401210805047,328.9383333333335
1159,2663.93048712024,328.96333333333314
1160,2665.6215247801883,318.7883333333334
1161,2667.3113757509354,343.83833333333314
1162,2669.000040941194,319.98833333333323
1163,2670.6881399595472,322.21333333333314
1164,2672.3750545971448,303.58833333333314
1165,2674.06140404651,311.53833333333296
1166,2675.747188591643,268.08833333333314
1167,2677.431790644026,341.90499999999975
1168,2679.115828773304,309.71333333333314
1169,2680.798685803726,327.021666666667
1170,2682.480979890223,236.4133333333334
1171,2684.1620942692375,318.9966666666669
1172,2685.842646681564,312.7800000000002
1173,2687.522020775278,306.80499999999984
1174,2689.2008338776,287.7966666666666
1175,2690.8797024914,237.57999999999993
1176,2692.55677823207,242.32166666666672
1177,2694.2332942352773,264.9966666666669
1178,2695.9086351761257,271.646666666667
1179,2697.5834173503627,282.12999999999965
1180,2699.2576410374822,240.07999999999993
1181,2700.9306915272446,252.76333333333332
1182,2702.6031844982363,276.92999999999984
1183,2704.2745056491995,216.07999999999993
1184,2705.944655872494,261.27166666666653
1185,2707.614250230398,222.42166666666617
1186,2709.2839029668835,293.7633333333333
1187,2710.951158697379,262.61333333333323
1188,2712.619700885471,249.05499999999984
1189,2714.285847846285,279.5799999999999
1190,2715.9514411426794,270.9216666666666
1191,2717.6158681038232,279.1966666666667
1192,2719.279742359351,285.521666666667
1193,2720.9436767243337,298.8299999999995
1194,2722.6052215178347,267.0550000000003
1195,2724.2680516439013,318.7049999999999
1196,2725.927882036808,329.146666666667
1197,2727.5883857711,315.23
1198,2729.2471158046374,287.0466666666666
1199,2730.9052962713613,291.73
1200,2732.563538564007,287.87999999999965
1201,2734.2200095964963,258.121666666666
1202,2735.875932285464,249.4966666666669
1203,2737.530696390138,266.16333333333296
1204,2739.184913099534,238.8133333333335
1205,2740.838582685225,241.6300000000001
1206,2742.4904856034027,230.4716666666668
1207,2744.1430621589634,207.73833333333323
1208,2745.793873395123,189.8466666666668
1209,2747.4447487006532,173.33833333333314
1210,2749.093860435687,193.5633333333335
1211,2750.741818977787,200.0300000000002
1212,2752.3898425996467,210.9383333333335
1213,2754.036713968802,173.6883333333335
1214,2755.6824339562604,185.6883333333335
1215,2757.328219629039,167.4716666666668
1216,2758.973462755965,176.33833333333314
1217,2760.6169482098608,198.86333333333369
1218,2762.2592849571884,195.9966666666669
1219,2763.9010811628855,161.32166666666672
1220,2765.5429441917354,217.1550000000002
1221,2767.1830530164984,204.44666666666672
1222,2768.8226224988543,187.94666666666672
1223,2770.4616529047985,200.4716666666668
1224,2772.1001445001534,177.36333333333323
1225,2773.7368853491857,174.94666666666672
1226,2775.3730887151173,202.80499999999984
1227,2777.0093605654465,190.98000000000002
1228,2778.6444895603086,166.371666666666
1229,2780.2778712552245,176.23833333333323
1230,2781.9113224259804,156.86333333333323
1231,2783.5442378323373,210.146666666667
1232,2785.1754083177284,190.23833333333369
1233,2786.806044358394,182.396666666667
1234,2788.4367505309133,202.07999999999993
1235,2790.0657141558504,175.5383333333334
1236,2791.6941445190696,160.92166666666662
1237,2793.3214381616685,181.0966666666668
1238,2794.9488029842737,202.04666666666662
1239,2796.574428678364,198.48833333333369
1240,2798.19952294601,215.271666666667
1241,2799.824688979279,174.32999999999993
1242,2801.4481182439936,190.3050000000003
1243,2803.0710172572703,235.32999999999993
1244,2804.6927839378955,179.2216666666668
1245,2806.3146234240257,179.82999999999993
1246,2807.934127593693,196.23000000000002
1247,2809.553705479652,171.36333333333323
1248,2811.172755196017,205.3466666666668
1249,2812.7906756417533,196.11333333333323
1250,2814.4086699897716,168.60500000000002
1251,2816.0249350075715,177.42999999999984
1252,2817.640673671042,200.8466666666668
1253,2819.255285660953,198.7216666666668
1254,2820.869972582341,172.67999999999984
1255,2822.4829335490213,189.79666666666617
1256,2824.0959699599275,200.37999999999965
1257,2825.7078818950713,213.46333333333314
1258,2827.3186701953455,189.72166666666635
1259,2828.928935106271,230.8800000000001
1260,2830.538077672035,220.60500000000002
1261,2832.14669774756,197.17999999999984
1262,2833.7535979433405,243.85500000000002
1263,2835.3611741902614,213.37999999999965
1264,2836.9682287095775,234.3466666666668
1265,2838.5735652765807,202.65499999999975
1266,2840.1783813997117,238.15499999999975
1267,2841.782079480357,201.50499999999965
1268,2843.3846603524084,230.84666666666635
1269,2844.987319778013,231.37166666666644
1270,2846.5894601577106,247.76333333333332
1271,2848.189887588155,221.07999999999993
1272,2849.790394134253,213.65499999999975
1273,2851.3891893933837,220.52999999999975
1274,2852.987467771783,240.2466666666669
1275,2854.5846332141286,213.42999999999984
1276,2856.1812826621476,222.02999999999975
1277,2857.778012286623,192.12999999999965
1278,2859.373630303421,237.1216666666669
1279,2860.9675420035255,220.646666666667
1280,2862.5615348211563,262.4549999999995
1281,2864.1538229733414,237.646666666667
1282,2865.7461927405084,266.3716666666669
1283,2867.337454259011,288.3716666666669
1284,2868.929392081802,247.9716666666668
1285,2870.5184389977708,250.67166666666662
1286,2872.107568520107,260.12999999999965
1287,2873.69618631964,264.73
1288,2875.2831050213204,252.85500000000002
1289,2876.8695132585763,241.10500000000047
1290,2878.4554112776664,268.53833333333296
1291,2880.0413925631124,203.57999999999993
1292,2881.625677645613,244.4716666666668
1293,2883.209453629061,227.17999999999984
1294,2884.7921280920677,243.61333333333323
1295,2886.3737018507313,261.5799999999999
1296,2887.955360293059,246.44666666666672
1297,2889.536510996837,246.42166666666662
1298,2891.1165623002853,248.9133333333334
1299,2892.6955150172903,262.9133333333334
1300,2894.2733699608175,215.88833333333332
1301,2895.850719280258,215.12999999999965
1302,2897.426972070722,232.4716666666668
1303,2899.0027201015923,253.22166666666635
1304,2900.5779636152884,269.83833333333314
1305,2902.1532934343722,239.396666666667
1306,2903.726938060045,253.3716666666669
1307,2905.299489070225,273.0633333333335
1308,2906.8715372864003,259.80499999999984
1309,2908.4424931243807,272.121666666666
1310,2910.0129470273523,291.42999999999984
1311,2911.5834886843318,318.02166666666653
1312,2913.1529392504303,283.5716666666667
1313,2914.720710458505,297.15500000000065
1314,2916.2879814448534,353.71333333333314
1315,2917.8547524488417,367.2216666666668
1316,2919.4204352010215,439.6966666666667
1317,2920.9856188243834,451.271666666667
1318,2922.5497154239365,528.7133333333331
1319,2924.1144896390665,607.7049999999995
1320,2925.6770017893728,730.4300000000003
1321,2927.239016513184,936.7633333333333
1322,2928.800534047998,1231.0633333333335
1323,2930.3609674331647,1680.2966666666662
1324,2931.9209044774634,2144.321666666667
1325,2933.4809322422384,2515.68
1326,2935.0392904904134,2855.0216666666665
1327,2936.5965670289706,2895.2549999999997
1328,2938.153348918198,2709.413333333333
1329,2939.7090503144773,2246.4883333333337
1330,2941.2642579046606,1741.7383333333337
1331,2942.8189719238285,1278.246666666667
1332,2944.3726070853595,954.6799999999998
1333,2945.926334852879,728.163333333333
1334,2947.478984603423,580.3299999999999
1335,2949.0299721631504,498.98833333333323
1336,2950.58046843712,428.22166666666635
1337,2952.130473658724,353.6633333333334
1338,2953.6805724704745,362.52166666666653
1339,2955.2284276533246,317.75499999999965
1340,2956.7763772621433,357.6716666666666
1341,2958.323253265422,310.5716666666667
1342,2959.8696401196144,300.605
1343,2961.4155380566995,279.2966666666666
1344,2962.9597807058917,295.3216666666667
1345,2964.503535638609,325.23
1346,2966.046220152785,303.8883333333333
1347,2967.5901660275213,281.0133333333333
1348,2969.1318764473504,257.1383333333333
1349,2970.6731004416333,314.29666666666617
1350,2972.212673845256,309.3133333333335
1351,2973.7523440319205,308.3299999999995
1352,2975.2921106806066,309.0133333333333
1353,2976.829065233985,327.6966666666667
1354,2978.3666989053495,312.6716666666666
1355,2979.9038482622204,306.4549999999995
1356,2981.4381891405383,368.98
1357,2982.974371286465,372.3883333333333
1358,2984.507746872846,376.15499999999975
1359,2986.041801620275,368.2966666666666
1360,2987.574213190213,399.23
1361,2989.1073036457783,422.12999999999965
1362,2990.638752108089,429.78833333333296
1363,2992.1685598974027,422.146666666667
1364,2993.6978876101653,457.69666666666717
1365,2995.2278943865235,445.22166666666635
1366,2996.7562622603405,395.6633333333334
1367,2998.2841507351955,448.4549999999999
1368,2999.8115600366077,403.15500000000065
1369,3001.3361754675684,414.1383333333333
1370,3002.861470725067,410.90499999999975
1371,3004.38744494594,388.1383333333333
1372,3005.9094717712555,368.7633333333333
1373,3007.433334745139,364.021666666667
1374,3008.9555649681392,364.3466666666668
1375,3010.4784743273503,314.7633333333333
1376,3011.9997521064415,337.7550000000001
1377,3013.5193996125167,313.2216666666668
1378,3015.0385723570976,312.03000000000065
1379,3016.5572705626346,268.92999999999984
1380,3018.0754944514388,257.3133333333335
1381,3019.59324424568,267.9466666666667
1382,3021.1093674020144,258.80499999999984
1383,3022.6250176271055,287.105
1384,3024.1401951422063,281.05499999999984
1385,3025.653748480949,227.9966666666669
1386,3027.1679815983225,222.96333333333314
1387,3028.680591698652,200.9966666666669
1388,3030.192730689614,213.1633333333334
1389,3031.704398791268,214.7883333333334
1390,3033.214446328292,170.51333333333332
1391,3034.725173668905,202.32166666666672
1392,3036.2342815996067,202.62999999999965
1393,3037.741771411926,169.77999999999975
1394,3039.2510897929155,167.73833333333323
1395,3040.7576423845885,197.69666666666672
1396,3042.263727050231,214.23833333333323
1397,3043.76934400781,179.44666666666672
1398,3045.2744934751586,190.87999999999965
1399,3046.778028986432,150.1216666666669
1400,3048.2810981542743,171.8133333333335
1401,3049.7837011956144,159.35500000000047
1402,3051.2869839443915,186.60500000000047
1403,3052.787509765846,145.09666666666635
1404,3054.288715727926,150.771666666667
1405,3055.787167324626,167.92166666666617
1406,3057.286299493616,145.82166666666672
1407,3058.7838236987673,161.28833333333296
1408,3060.2820281985387,190.10500000000047
1409,3061.779769009628,179.17166666666662
1410,3063.274760780816,148.996666666666
1411,3064.770433137124,162.82166666666672
1412,3066.265643156222,125.91333333333341
1413,3067.7592493281686,135.50499999999965
1414,3069.2512529247356,140.30499999999984
1415,3070.745078275596,121.37999999999965
1416,3072.237301478116,166.39666666666653
1417,3073.7279238022,126.73000000000047
1418,3075.218086479953,130.67166666666617
1419,3076.7077897239474,142.95499999999993
1420,3078.197033746622,116.8466666666668
1421,3079.685818760285,164.5633333333335
1422,3081.1730064177723,161.29666666666662
1423,3082.6597361917807,150.9383333333335
1424,3084.1448704350028,128.69666666666672
1425,3085.6306854264117,117.46333333333314
1426,3087.1149060093067,117.62999999999965
1427,3088.598670252982,144.69666666666717
1428,3090.080841907869,124.27166666666699
1429,3091.5636944535386,123.71333333333314
1430,3093.046091290721,145.896666666667
1431,3094.528032629455,128.646666666667
1432,3096.0072485511846,149.1216666666669
1433,3097.4871455039083,106.71333333333314
1434,3098.965453915847,125.75499999999965
1435,3100.4444430801964,119.25499999999965
1436,3101.9218448172333,109.3133333333335
1437,3103.398793703317,111.11333333333323
1438,3104.874156968755,123.4383333333335
1439,3106.3490684934927,124.50499999999965
1440,3107.823528484977,117.6883333333335
1441,3109.2975371505268,135.05499999999984
1442,3110.769963105758,121.79666666666799
1443,3112.2430700871287,116.4383333333335
1444,3113.7157263636004,159.23833333333323
1445,3115.186801588396,126.1883333333335
1446,3116.656297004706,128.26333333333332
1447,3118.12647358066,124.07999999999993
1448,3119.5950714502715,110.40500000000065
1449,3121.06435020058,86.84666666666635
1450,3122.5309225168317,72.52166666666653
1451,3123.9970476395747,123.69666666666672
1452,3125.4638539138377,117.46333333333314
1453,3126.9290849191,125.25499999999965
1454,3128.3938693441632,135.4383333333335
1455,3129.857080283771,103.14666666666699
1456,3131.3198457378535,153.48833333333369
1457,3132.7821659098263,85.46333333333314
1458,3134.246293163656,109.79666666666662
1459,3135.706596958293,107.60500000000002
1460,3137.166456765385,102.12999999999965
1461,3138.625872787383,122.32166666666672
1462,3140.0848452266164,143.13833333333332
1463,3141.544498654811,85.62999999999965
1464,3143.0014601654952,91.02166666666699
1465,3144.4579793824837,119.91333333333296
1466,3145.9140565071466,102.46333333333314
1467,3147.369691740733,138.95499999999993
1468,3148.8248852843717,96.9383333333335
1469,3150.2785150153427,92.05500000000029
1470,3151.73058215501,97.23000000000002
1471,3153.1844528551524,118.91333333333296
1472,3154.6378826681735,96.00499999999965
1473,3156.088629866829,75.77166666666699
1474,3157.537817312452,83.3133333333335
1475,3158.9888070793745,84.38000000000011
1476,3160.437117544948,153.82166666666672
1477,3161.887229373963,87.21333333333314
1478,3163.3346636553065,89.04666666666617
1479,3164.7816604809163,111.27166666666699
1480,3166.2271014557505,77.46333333333314
1481,3167.6732243025776,79.84666666666635
1482,3169.117792370164,97.51333333333332
1483,3170.563042029788,78.38833333333332
1484,3172.0056207373564,81.94666666666672
1485,3173.449998337732,83.84666666666635
1486,3174.8917067289826,125.67999999999984
1487,3176.3329805938997,70.55500000000029
1488,3177.7738201289017,82.04666666666662
1489,3179.213109969817,83.8466666666668
1490,3180.6530817698163,88.63833333333332
1491,3182.0926198282928,81.47166666666635
1492,3183.5306097881503,78.22166666666635
1493,3184.968167069184,84.45499999999993
1494,3186.4041779838662,76.16333333333341
1495,3187.8408708279294,70.63833333333332
1496,3189.2749051519118,89.41333333333341
1497,3190.709621794292,69.78833333333341
1498,3192.1439074013942,92.39666666666699
1499,3193.577762167433,104.71333333333314
1500,3195.0100744098386,75.44666666666672
1501,3196.4419568667413,65.57999999999993
1502,3197.872298521698,94.3466666666668
1503,3199.3033223210364,87.66333333333296
1504,3200.7339169146217,99.20499999999993
1505,3202.16297228488,84.25500000000011
1506,3203.591599500868,91.96333333333314
1507,3205.018689209126,106.51333333333332
1508,3206.4453518121186,98.63833333333332
1509,3207.871587501559,105.12166666666599
1510,3209.296287918623,120.5966666666668
1511,3210.7216706872227,80.16333333333296
1512,3212.1466271165627,92.79666666666662
1513,3213.5711573978947,96.75500000000011
1514,3214.9930472717465,120.78833333333296
1515,3216.415619597678,123.93000000000029
1516,3217.8366604454814,78.52166666666653
1517,3219.257277230496,112.32999999999993
1518,3220.678576046621,102.57166666666672
1519,3222.0972393712145,134.03833333333296
1520,3223.516585106165,91.1883333333335
1521,3224.9344026217054,89.09666666666635
1522,3226.3517976809435,77.00500000000011
1523,3227.768770472665,107.53000000000065
1524,3229.1853211855446,81.0633333333335
1525,3230.5992428089694,133.9300000000003
1526,3232.014950586956,95.92166666666662
1527,3233.429133908259,112.9383333333335
1528,3234.8428965603753,49.29666666666617
1529,3236.2551364438073,97.07166666666672
1530,3237.666956688571,79.93000000000029
1531,3239.0783574816796,93.73833333333323
1532,3240.4893390100337,72.18000000000029
1533,3241.899901460422,72.48833333333323
1534,3243.3089443682065,118.12166666666599
1535,3244.7175692245874,85.07166666666672
1536,3246.125776215586,86.78833333333341
1537,3247.532465854694,63.61333333333323
1538,3248.938738652065,87.52999999999975
1539,3250.344594792954,100.72166666666635
1540,3251.750034462507,106.70499999999993
1541,3253.15615621569,121.3133333333326
1542,3254.55966512764,117.6883333333335
1543,3255.961661053099,82.33833333333314
1544,3257.3643399411776,89.91333333333296
1545,3258.7655068600984,125.12166666666599
1546,3260.1684532069803,132.03000000000065
1547,3261.568791530406,104.97166666666635
1548,3262.9687161555707,92.67166666666662
1549,3264.3671314908506,92.85500000000002
1550,3265.7662295928862,110.0633333333335
1551,3267.1638194179777,139.496666666666
1552,3268.560996923591,117.45499999999993
1553,3269.9566678097835,105.08833333333314
1554,3271.353021546429,101.80500000000029
1555,3272.7489635104453,94.02166666666699
1556,3274.143400369215,106.88000000000011
1557,3275.5374264639267,130.4383333333335
1558,3276.931041976054,94.5633333333335
1559,3278.323154537839,141.72166666666635
1560,3279.715949750458,95.05500000000029
1561,3281.106151111524,169.79666666666617
1562,3282.495943899227,105.92166666666799
1563,3283.88641955846,114.73000000000047
1564,3285.275395419,112.64666666666653
1565,3286.66396324627,101.86333333333323
1566,3288.052123220042,124.5633333333335
1567,3289.4387855367313,98.41333333333341
1568,3290.8239513352482,126.82166666666672
1569,3292.2119791296213,129.70499999999993
1570,3293.597421100456,120.16333333333296
1571,3294.9813680488046,131.85500000000047
1572,3296.364909496541,101.17166666666617
1573,3297.74804562186,73.7216666666668
1574,3299.13186435132,77.51333333333332
1575,3300.5131026174904,88.15500000000065
1576,3301.8939367319053,102.47166666666726
1577,3303.274366871923,99.4966666666669
1578,3304.654393214795,118.23833333333369
1579,3306.034015937673,96.4966666666669
1580,3307.411063535813,126.45499999999993
1581,3308.788794660853,132.67166666666662
1582,3310.168293744058,81.44666666666672
1583,3311.5441346119005,92.0633333333335
1584,3312.919574010849,92.28000000000065
1585,3314.2946121165996,100.32166666666672
1586,3315.669249104745,87.76333333333332
1587,3317.0434851507794,97.35500000000047
1588,3318.4173204300905,111.0633333333335
1589,3319.789672125373,93.94666666666672
1590,3321.1616240355884,97.9716666666668
1591,3322.533176335407,139.22166666666635
1592,3323.904329199394,92.96333333333314
1593,3325.272919338173,121.46333333333314
1594,3326.6421930662527,110.04666666666617
1595,3328.0110685106292,106.15500000000065
1596,3329.380626633505,100.73833333333369
1597,3330.747625243173,121.88000000000011
1598,3332.114226718211,111.0633333333335
1599,3333.4804312316564,106.11333333333369
1600,3334.8451594232074,92.82999999999993
1601,3336.210570845635,95.87166666666599
1602,3337.5745069181403,86.82166666666672
1603,3338.938047346186,78.54666666666617
1604,3340.3011923018953,81.13000000000011
1605,3341.6628639887695,78.20499999999993
1606,3343.0241411720785,113.95499999999993
1607,3344.3850240232423,97.6883333333335
1608,3345.7444356812584,77.68000000000029
1609,3347.1045306938704,79.57166666666672
1610,3348.4642318878605,124.35500000000047
1611,3349.8224633369177,113.24666666666599
1612,3351.179226145644,75.01333333333332
1613,3352.536672368261,81.87166666666599
1614,3353.8926509129556,119.99666666666599
1615,3355.249312589875,63.405000000000655
1616,3356.6045075503444,66.85500000000002
1617,3357.9582368953124,90.13833333333332
1618,3359.3126495709275,116.40500000000065
1619,3360.664523976314,93.14666666666653
1620,3362.017082050294,110.42166666666662
1621,3363.3681770438293,60.071666666666715
1622,3364.7188827387545,126.59666666666635
1623,3366.069199303302,86.72166666666635
1624,3367.420198973138,81.32166666666672
1625,3368.7697374724935,94.24666666666599
1626,3370.1188873457186,89.33833333333314
1627,3371.4665776189613,62.196666666666715
1628,3372.812809384273,96.00500000000011
1629,3374.1607953104253,66.08833333333314
1630,3375.5062528450176,98.60500000000047
1631,3376.8513238221444,84.86333333333369
1632,3378.197078011631,56.39666666666699
1633,3379.54030677018,84.69666666666672
1634,3380.883150084685,81.4716666666668
1635,3382.2266768035934,86.66333333333341
1636,3383.567681045004,82.5633333333335
1637,3384.909369022297,76.37166666666599
1638,3386.2517399818116,86.44666666666672
1639,3387.590523341753,77.90500000000065
1640,3388.9310577782385,105.59666666666635
1641,3390.2690742380623,37.77166666666653
1642,3391.607774340872,80.46333333333314
1643,3392.9460910997877,38.68000000000029
1644,3394.282958749409,66.57999999999947
1645,3395.6194439943206,81.43000000000029
1646,3396.9544816779326,84.2466666666669
1647,3398.2902029101174,40.363333333333685
1648,3399.6244775175655,91.73000000000002
1649,3400.958370984306,94.17166666666617
1650,3402.2908193697103,62.52166666666653
1651,3403.622887548361,67.01333333333332
1652,3404.9556391797873,67.28833333333341
1653,3406.2880103228385,48.155000000000655
1654,3407.6178753606814,77.30499999999984
1655,3408.9484240354104,69.53833333333296
1656,3410.276468747551,101.25500000000011
1657,3411.6062594022137,58.09666666666635
1658,3412.9346093079093,55.5633333333335
1659,3414.2615195337094,47.5633333333335
1660,3415.588052222392,87.8133333333335
1661,3416.9142075350615,74.78833333333296
1662,3418.2399856327297,84.38833333333332
1663,3419.56538667632,61.63833333333332
1664,3420.888291088966,65.47166666666635
1665,3422.2129391094372,48.96333333333314
1666,3423.5361512910945,87.42166666666617
1667,3424.858987663075,100.01333333333332
1668,3426.179331054391,85.09666666666635
1669,3427.5003585229756,43.46333333333314
1670,3428.82206932736,49.82999999999993
1671,3430.142347196645,58.4383333333335
1672,3431.4611931903773,67.82166666666672
1673,3432.7807226978384,67.98000000000047
1674,3434.097764381201,79.29666666666617
1675,3435.4144333287413,72.21333333333314
1676,3436.731785966715,81.42166666666617
1677,3438.047709618322,52.74666666666599
1678,3439.363261008595,59.99666666666599
1679,3440.678440295475,47.95499999999993
1680,3441.993247636812,56.971666666666806
1681,3443.305573639792,42.38833333333332
1682,3444.618583682181,65.36333333333369
1683,3445.9312228476947,67.98833333333369
1684,3447.243491293448,41.67166666666617
1685,3448.554335591889,52.738333333333685
1686,3449.8648100792016,68.23000000000047
1687,3451.1749149118577,70.6883333333335
1688,3452.4846502462433,76.39666666666699
1689,3453.791911444972,62.655000000000655
1690,3455.1009088450364,57.13000000000011
1691,3456.407433607159,69.75500000000011
1692,3457.7135906803023,76.0633333333335
1693,3459.021482644022,35.03833333333296
1694,3460.3269042132333,98.65500000000065
1695,3461.630907938316,58.363333333333685
1696,3462.935595511122,48.821666666666715
1697,3464.238866140054,90.88833333333332
1698,3465.5428203353335,40.60500000000047
1699,3466.8443090459086,49.38000000000011
1700,3468.146481631337,53.113333333333685
1701,3469.44723965952,40.91333333333296
1702,3470.7476327243676,29.97166666666635
1703,3472.0476609794578,63.58833333333314
1704,3473.346276609356,29.288333333332957
1705,3474.644528323944,48.96333333333314
1706,3475.9424162761734,36.446666666666715
1707,3477.2409877072378,52.30500000000029
1708,3478.537101504924,42.97166666666635
1709,3479.833899086919,41.68000000000029
1710,3481.129287308416,63.77166666666653
1711,3482.4243131166177,49.60500000000047
1712,3483.7200222874344,47.78833333333296
1713,3485.0132781013153,50.238333333333685
1714,3486.3061725423586,47.47166666666635
1715,3487.598705762009,61.321666666666715
1716,3488.88983345584,22.913333333332957
1717,3490.1816449784133,50.613333333333685
1718,3491.4720518605714,20.946666666666715
1719,3492.7620987088458,42.79666666666617
1720,3494.0507423832632,24.50500000000011
1721,3495.3411129062883,56.4383333333335
1722,3496.629037847736,41.33833333333314
1723,3497.915561520164,79.82166666666672
1724,3499.2027692009337,79.30499999999938
1725,3500.4896183309042,13.83833333333314
1726,3501.7750675119096,21.50500000000011
1727,3503.06015902142,52.03833333333296
1728,3504.3448930086943,35.13833333333332
1729,3505.629269622912,64.48000000000047
1730,3506.9122486233987,62.80500000000029
1731,3508.1938310263745,30.480000000000473
1732,3509.4760974712194,64.57999999999993
1733,3510.7580077164157,26.780000000000655
1734,3512.038522675684,24.321666666666715
1735,3513.3186823089663,35.24666666666599
1736,3514.5984867641423,61.13000000000011
1737,3515.877936189005,23.68000000000029
1738,3517.1559926490468,2.5383333333329574
1739,3518.433694949635,23.42166666666617
1740,3519.712080745016,28.438333333333503
1741,3520.9880376611272,8.996666666665988
1742,3522.2636414335607,60.92166666666617
1743,3523.538892208904,28.88833333333332
1744,3524.8137901336645,27.30500000000029
1745,3526.0883353542667,80.68000000000029
1746,3527.360456445156,45.82999999999993
1747,3528.634297269305,34.71333333333314
1748,3529.907785827851,37.34666666666635
1749,3531.1788524120752,38.030000000000655
1750,3532.450602808174,80.0633333333335
1751,3533.7199332356977,45.821666666666715
1752,3534.9899477654776,55.38000000000011
1753,3536.2585781147527,64.10500000000047
1754,3537.527892285545,56.23000000000047
1755,3538.7958231355856,48.35500000000047
1756,3540.0634045952875,67.85500000000047
1757,3541.330636809047,12.613333333333685
1758,3542.59751992118,58.43000000000029
1759,3543.861989919433,14.888333333333321
1760,3545.1271440350247,49.80500000000029
1761,3546.3909185384823,1.9216666666661695
1762,3547.6564081056385,24.92166666666617
1763,3548.9194874045456,49.25500000000011
1764,3550.1822195995696,34.696666666666715
1765,3551.443574456673,39.280000000000655
1766,3552.7045830618217,33.80500000000029
1767,3553.9673051804525,19.905000000000655
1768,3555.2276211440817,20.08833333333314
1769,3556.486562037161,19.871666666665988
1770,3557.7461867768798,40.23000000000047
1771,3559.004437294867,39.59666666666635
1772,3560.2623429791934,46.74666666666599
1773,3561.5188758531717,41.1883333333335
1774,3562.776092576979,45.34666666666635
1775,3564.0319373365523,32.155000000000655
1776,3565.2884656657047,16.58833333333314
1777,3566.542595882828,61.87166666666599
1778,3567.7974099516127,53.41333333333296
1779,3569.050854307224,18.413333333332957
1780,3570.3039560833045,59.20499999999993
1781,3571.556715420279,46.18000000000029
1782,3572.809132458498,27.88833333333332
1783,3574.0601820278453,66.17166666666617
1784,3575.3108901387895,20.79666666666617
1785,3576.5602321800266,51.41333333333296
1786,3577.8102580730165,25.371666666665988
1787,3579.0589187343585,45.03833333333296
1788,3580.3072390543402,20.780000000000655
1789,3581.554195537798,52.25500000000011
1790,3582.8028592266605,22.038333333332957
1791,3584.0491362804487,61.14666666666653
1792,3585.294051307719,49.20499999999993
1793,3586.5396503220118,28.155000000000655
1794,3587.7849103849235,32.62166666666599
1795,3589.0298316347894,26.688333333333503
1796,3590.272370837845,10.46333333333314
1797,3591.5166154320946,41.42166666666617
1798,3592.758479366013,14.013333333333321
1799,3594.0000061489764,114.87166666666599
1800,3595.241195918264,38.52166666666653
1801,3596.4820488110836,36.988333333333685
1802,3597.721544941565,-6.736666666666679
1803,3598.9617247695173,17.13000000000011
1804,3600.2005486622284,16.371666666665988
1805,3601.439036779267,-6.336666666667043
1806,3602.676170339564,22.480000000000473
1807,3603.913987590751,51.92166666666617
1808,3605.149432743696,-0.4033333333336486
1809,3606.386579949831,69.62166666666599
1810,3607.622374247093,42.38000000000011
1811,3608.856816597817,11.480000000000473
1812,3610.09092522751,18.579999999999927
1813,3611.3236832818393,40.64666666666653
1814,3612.557125150166,45.18000000000029
1815,3613.7892172627644,10.313333333333503
1816,3615.0209767440306,27.75500000000011
1817,3616.2524037286503,52.8133333333335
1818,3617.483498351233,11.305000000000291
1819,3618.714260746318,44.863333333333685
1820,3619.94266090881,55.45499999999993
1821,3621.171745003619,-3.678333333333285
1822,3622.3994832981116,33.89666666666653
1823,3623.6289194952237,23.17166666666617
1824,3624.8559961834453,1.738333333333685
1825,3626.0827425420043,71.48833333333369
1826,3627.30814527349,69.57999999999993
1827,3628.533218487204,29.646666666666533
1828,3629.757962316042,17.896666666666533
1829,3630.982376892828,26.746666666665988
1830,3632.205450008647,19.146666666666533
1831,3633.4302188211873,10.821666666666715
1832,3634.652634640393,23.021666666666533
1833,3635.87371075532,8.013333333333321
1834,3637.095470622151,26.688333333333503
1835,3638.3158915914814,17.646666666666533
1836,3639.535985321249,47.863333333333685
1837,3640.7557519430534,31.79666666666617
1838,3641.9751915884244,49.83833333333314
1839,3643.193294488609,34.84666666666635
1840,3644.4110712162383,25.121666666665988
1841,3645.628521902304,55.88833333333332
1842,3646.8456466777284,19.92166666666617
1843,3648.061436853891,44.196666666666715
1844,3649.2769019207603,14.63000000000011
1845,3650.493050288813,6.213333333333139
1846,3651.706857248099,32.18000000000029
1847,3652.920340027773,48.97166666666635
1848,3654.1334987576865,20.038333333332957
1849,3655.3463335676247,5.388333333333321
1850,3656.558844587304,46.95499999999993
1851,3657.7710319463695,32.46333333333314
1852,3658.980882979757,1.8966666666665333
1853,3660.191417814259,7.338333333333139
1854,3661.400624052017,30.271666666666533
1855,3662.610513812404,32.84666666666635
1856,3663.819075769867,-6.969999999999345
1857,3665.0263108563504,45.45499999999993
1858,3666.234229583443,16.26333333333332
1859,3667.4418267541714,51.12166666666599
1860,3668.6480982413404,23.22166666666635
1861,3669.8540489631223,44.34666666666635
1862,3671.0586753255952,18.92166666666617
1863,3672.2639851671347,26.496666666665988
1864,3673.4679714382128,-2.7116666666670426
1865,3674.671637988084,11.371666666665988
1866,3675.8739822879734,-17.24499999999989
1867,3677.077010043544,6.588333333333139
1868,3678.2787163355088,9.446666666666715
1869,3679.480103946797,26.80500000000029
1870,3680.6801714112016,35.4383333333335
1871,3681.8799209791896,28.454999999999927
1872,3683.079352777059,42.363333333333685
1873,3684.2794677284064,36.83833333333314
1874,3685.477263567306,-1.4783333333334667
1875,3686.6757428119467,21.813333333333503
1876,3687.872904788058,41.52166666666653
1877,3689.0687504149564,18.996666666665988
1878,3690.2662790343516,25.571666666666715
1879,3691.4614923455124,42.54666666666617
1880,3692.6553910043467,19.163333333332957
1881,3693.8499732925884,-66.16166666666686
1882,3695.0442401248984,54.71333333333314
1883,3696.237193470689,45.946666666666715
1884,3697.4288342446666,-6.186666666666497
1885,3698.62215624873,24.271666666666533
1886,3699.8131685636768,36.1883333333335
1887,3701.0048642017537,3.863333333333685
1888,3702.1952488173442,19.288333333332957
1889,3703.385319900593,58.39666666666653
1890,3704.574081259492,6.755000000000109
1891,3705.7635259118874,23.896666666666533
1892,3706.9516616116803,13.363333333333685
1893,3708.1394847980814,48.405000000000655
1894,3709.3260003263363,47.155000000000655
1895,3710.5131991174408,13.663333333332957
1896,3711.6980962745533,60.780000000000655
1897,3712.8836769401414,10.813333333333503
1898,3714.0679520073927,54.3133333333335
1899,3715.2519163438374,13.555000000000291
1900,3716.4355700717556,33.17166666666617
1901,3717.6199067540906,16.605000000000473
1902,3718.8029393709926,32.113333333333685
1903,3719.9836759061986,61.68000000000029
1904,3721.1660886818454,40.14666666666653
1905,3722.3462066598327,29.646666666666533
1906,3723.52700794131,14.571666666666715
1907,3724.707499987948,30.521666666666533
1908,3725.8866913005786,24.521666666666533
1909,3727.064582778765,34.51333333333332
1910,3728.243157525733,15.346666666666351
1911,3729.4204331983983,39.071666666666715
1912,3730.596410694259,44.17166666666617
1913,3731.773071561724,32.738333333333685
1914,3732.950415144974,20.646666666666533
1915,3734.1244815542364,-10.986666666666679
1916,3735.300220987283,47.28833333333296
1917,3736.4736748453265,22.96333333333314
1918,3737.6468228653366,8.221666666666351
1919,3738.819665166865,31.788333333332957
1920,3739.9931903886345,-3.736666666666679
1921,3741.1654213540783,15.92166666666617
1922,3742.336358955124,30.405000000000655
1923,3743.5069918297895,-6.295000000000073
1924,3744.677320097014,0.20499999999992724
1925,3745.8473438756723,9.555000000000291
1926,3747.015089330959,-35.82833333333383
1927,3748.1845050022725,42.99666666666599
1928,3749.353616541078,8.371666666665988
1929,3750.520451651128,61.97166666666635
1930,3751.6869838906096,74.90500000000065
1931,3752.8532133774283,45.30500000000029
1932,3754.019140229431,27.75500000000011
1933,3755.185749748668,-1.769999999999527
1934,3756.350086500063,28.521666666666533
1935,3757.5141214806395,26.25500000000011
1936,3758.6768703892,35.92166666666617
1937,3759.840302435044,6.355000000000473
1938,3761.0024491529985,8.280000000000655
1939,3762.1642950783853,9.780000000000655
1940,3763.32584032797,16.17166666666617
1941,3764.486101873176,23.363333333333685
1942,3765.648029266487,41.82999999999993
1943,3766.8076905519583,-14.53666666666686
1944,3767.967052136163,14.913333333332957
1945,3769.12513200614,-3.244999999999891
1946,3770.282912914385,46.3133333333335
1947,3771.441376598831,48.84666666666635
1948,3772.5985596774817,15.21333333333314
1949,3773.7544630259504,33.988333333333685
1950,3774.91006838148,49.38000000000011
1951,3776.0653758592916,18.96333333333314
1952,3777.2203855745456,52.6883333333335
1953,3778.375097642342,20.913333333332957
1954,3779.528532325486,6.280000000000655
1955,3780.6806904956006,38.78833333333296
1956,3781.8345110680266,-2.6700000000000728
1957,3782.9860762605244,8.980000000000473
1958,3784.138324231966,55.72166666666635
1959,3785.289297156118,18.280000000000655
1960,3786.4389959019154,8.771666666666533
1961,3787.5893775173563,42.42166666666617
1962,3788.7384856848994,35.29666666666617
1963,3789.887298859452,8.29666666666617
1964,3791.035817154591,11.763333333333321
1965,3792.1840406838387,-12.561666666666497
1966,3793.3300158894417,42.0633333333335
1967,3794.4776507284814,41.08833333333314
1968,3795.6230384718815,-0.03666666666686069
1969,3796.769108988554,67.8633333333346
1970,3797.9148858061344,3.905000000000655
1971,3799.0593934526687,13.138333333333321
1972,3800.202632790131,53.8133333333335
1973,3801.3455797653655,-11.653333333333649
1974,3802.4892093271214,-15.20333333333383
1975,3803.63157166503,7.563333333333503
1976,3804.7736419770395,13.96333333333314
1977,3805.9134721963965,2.3299999999999272
1978,3807.054959290298,34.82999999999993
1979,3808.1942075097922,-28.853333333333467
1980,3809.3341384886226,43.88000000000011
1981,3810.4737784974923,20.696666666666715
1982,3811.612154800754,64.30499999999847
1983,3812.750240853054,41.41333333333296
1984,3813.887064414101,15.579999999999927
1985,3815.0245705452417,24.63833333333332
1986,3816.1608149022277,2.355000000000473
1987,3817.295798338201,-19.461666666667043
1988,3818.4314644283536,33.196666666666715
1989,3819.566841426992,52.52166666666653
1990,3820.700958577348,37.67166666666617
1991,3821.8347873507896,36.98000000000047
1992,3822.9683278572925,74.11333333333369
1993,3824.1006100796953,2.0383333333329574
1994,3825.2316348669365,39.99666666666599
1995,3826.3633423366778,20.688333333333503
1996,3827.494762471095,34.988333333333685
1997,3828.62492623697,50.8133333333335
1998,3829.754803378055,-1.9699999999993452
1999,3830.8843940033717,4.0466666666661695
2000,3832.013698221889,14.246666666665988
2001,3833.1417479822044,16.613333333333685
2002,3834.2695120440785,31.863333333333685
2003,3835.396990516035,15.71333333333314
2004,3836.524183506544,12.521666666666533
2005,3837.649156763139,37.030000000000655
2006,3838.7748126696306,76.38000000000011
2007,3839.9001839088005,57.57999999999993
2008,3841.024304141403,6.871666666665988
2009,3842.148140411017,-8.261666666666315
2010,3843.2716928252253,16.05500000000029
2011,3844.394961491558,79.28000000000065
2012,3845.5179465174906,52.613333333333685
2013,3846.6396827826825,15.21333333333314
2014,3847.7601711248435,0.4716666666663514
2015,3848.8813418634054,2.013333333333321
2016,3850.0022298773843,26.063333333333503
2017,3851.1218710187627,54.25500000000011
2018,3852.240266123023,-29.03666666666686
2019,3853.359343564056,8.446666666666715
2020,3854.4771756661703,-10.944999999999709
2021,3855.5947265478135,-4.295000000000073
2022,3856.7119963150944,1.4966666666659876
2023,3857.828022273713,25.93000000000029
2024,3858.943767814044,15.846666666666351
2025,3860.060195358401,6.980000000000473
2026,3861.175380137406,37.10500000000047
2027,3862.2893229817914,16.946666666667625
2028,3863.4039479051908,50.16333333333296
2029,3864.516370236916,40.12166666666599
2030,3865.630435967557,-0.8783333333340124
2031,3866.7432611500362,18.13833333333332
2032,3867.854846612561,15.25500000000011
2033,3868.966153569202,25.688333333333503
2034,3870.076221978108,35.405000000000655
2035,3871.1860125711582,19.121666666665988
2036,3872.2955254526314,14.488333333333685
2037,3873.405720152695,18.563333333333503
2038,3874.5137184977084,-24.53666666666686
2039,3875.6223988696115,25.88000000000011
2040,3876.729843240149,14.79666666666617
2041,3877.8370108989993,4.263333333333321
2042,3878.9429437222425,10.730000000000473
2043,3880.0486005196417,22.47166666666635
2044,3881.1558968931527,35.3133333333335
2045,3882.2610014708557,22.204999999999927
2046,3883.3639157897755,6.771666666666533
