,Rshift,20241219_145903_313
0,-27.28431624923972,-18.44250000000102
1,-24.137810440559743,-9.292500000000473
2,-20.992855305911224,-20.392500000000837
3,-17.849449699264277,-0.7591666666667152
4,-14.709577990190768,13.124166666666497
5,-11.570259296931825,-50.342500000000655
6,-8.432485724277697,-25.7425000000012
7,-5.297247424298958,-6.8675000000012005
8,-2.163550990117585,3.315833333333103
9,0.9686047153885033,16.074166666666315
10,4.098230996806874,-14.03416666666726
11,7.226319793020991,-5.1175000000012005
12,10.351883377225125,36.66583333333347
13,13.47690108550667,38.92416666666577
14,16.599396813964887,-7.784166666667261
15,19.71937314585023,21.290833333333467
16,22.838806501711186,167.1241666666665
17,25.95572368194708,214.71583333333274
18,29.070127261761424,216.41583333333347
19,32.18399075351902,172.30749999999898
20,35.29534385461391,132.09083333333274
21,38.40517363784589,160.72416666666595
22,41.51249719788232,186.86583333333328
23,44.61928418112446,130.96583333333274
24,47.72258507542738,169.89083333333292
25,50.82535162225085,150.60749999999916
26,53.926601392168415,175.10749999999916
27,57.02437225535298,158.27416666666613
28,60.12063048208482,151.5074999999988
29,63.215377180019566,127.69916666666631
30,66.30959363994587,141.1324999999988
31,69.40034041471665,156.54083333333347
32,72.48860070466732,183.4408333333331
33,75.57731329740307,140.72416666666595
34,78.66256333475965,152.08249999999953
35,81.74631037256418,148.58249999999953
36,84.82855550884238,124.64083333333292
37,87.90929984055099,122.14916666666613
38,90.98756809333871,144.24083333333328
39,94.06433868236475,147.24083333333328
40,97.1405881209893,144.33249999999953
41,100.21339123894579,179.89083333333292
42,103.28470091617095,144.11583333333328
43,106.35354424187857,148.96583333333274
44,109.42187077517436,149.96583333333274
45,112.48676102238159,172.4991666666665
46,115.55113664681949,172.7574999999988
47,118.61402520538982,145.59916666666595
48,121.67445614213274,152.2491666666665
49,124.73243195142234,146.72416666666595
50,127.78989651750489,134.34083333333274
51,130.84490905385366,129.16583333333347
52,133.89844180364437,163.3158333333331
53,136.94952655484522,179.57416666666631
54,139.9991346065499,141.14916666666613
55,143.04726703056593,170.1324999999988
56,146.09295701676533,139.08249999999953
57,149.13717445172796,173.14916666666613
58,152.18088734856704,194.42416666666577
59,155.22216241584337,171.35749999999916
60,158.26003610937104,185.46583333333274
61,161.29740892735327,181.9408333333331
62,164.33331545412594,185.29083333333347
63,167.36679213777288,189.59083333333274
64,170.39880558285302,204.34916666666595
65,173.42839316438452,178.1908333333331
66,176.45652055224213,186.68249999999898
67,179.48318880184246,222.40749999999935
68,182.50936125878457,209.41583333333347
69,185.532152102855,240.5074999999988
70,188.5525265301561,213.0074999999988
71,191.57336968606344,277.92416666666577
72,194.59083808475233,241.51583333333292
73,197.60685550341933,242.9408333333331
74,200.6195039541193,276.6324999999988
75,203.6335825290436,286.04083333333347
76,206.64429514705586,287.29083333333347
77,209.6516456142998,229.84083333333274
78,212.66042610825713,252.44916666666631
79,215.66584745221635,293.2408333333333
80,218.6688701982906,286.3824999999988
81,221.6704530579928,256.6991666666663
82,224.67155290628202,268.79083333333347
83,227.67025864025692,293.65749999999935
84,230.66561774334488,270.4408333333331
85,233.66145185846995,295.09916666666595
86,236.65489724395556,322.54916666666577
87,239.64595629990657,358.3241666666663
88,242.63558452041616,232.2491666666665
89,245.62378293194837,322.73249999999916
90,248.60960037381219,270.89916666666613
91,251.59399096676356,347.432499999999
92,254.57695573333737,331.5074999999988
93,257.5584956950971,308.21583333333274
94,260.5367111357406,333.1324999999988
95,263.51445554100974,371.85749999999916
96,266.4907791062013,364.46583333333274
97,269.4647338389515,416.7491666666665
98,272.4372706690054,470.3908333333329
99,275.40839061015055,560.3324999999995
100,278.3771470222574,737.9991666666665
101,281.34354227106166,989.5074999999988
102,284.3104189718883,1335.8324999999995
103,287.27304392780604,1821.724166666666
104,290.2342597498509,2276.9074999999993
105,293.19501284369574,2784.3324999999995
106,296.15435791399693,3225.2991666666658
107,299.11135146313717,3610.5491666666658
108,302.06599584060206,3906.7824999999984
109,305.020180602477,4129.174166666666
110,307.97107593352354,4268.507499999999
111,310.9205709374285,4314.690833333333
112,313.8696088729118,4382.349166666667
113,316.81630576431763,4420.357499999999
114,319.7616053156739,4384.899166666666
115,322.70362667554014,4438.107499999999
116,325.6461354188213,4493.390833333334
117,328.5863097684562,4536.074166666665
118,331.5232124643944,4721.940833333333
119,334.4596645888623,4833.824166666665
120,337.3956657948935,4927.307499999999
121,340.32746272332156,5128.0575
122,343.2588115920873,5234.6241666666665
123,346.18877468724133,5336.090833333334
124,349.1164160675589,5527.024166666666
125,352.0426745233984,5653.765833333334
126,354.9666149953233,5883.074166666665
127,357.89011098210506,6140.2074999999995
128,360.810356668617,6488.232499999998
129,363.730159822777,7056.3325
130,366.64858582226634,7720.7575
131,369.5647018076031,8378.765833333333
132,372.47851007211335,9057.182499999999
133,375.3909458601356,7918.524166666665
134,378.3020101411441,8694.349166666667
135,381.2107718077643,7730.274166666665
136,384.1190964182033,6950.499166666667
137,387.0260524242806,6405.182499999999
138,389.92977926968416,6067.440833333332
139,392.8321411918916,5848.949166666665
140,395.73313915306505,5635.140833333334
141,398.63277411446904,5651.407499999998
142,401.53011802317604,5561.274166666666
143,404.42610172424645,5489.990833333332
144,407.32072617531486,5444.990833333332
145,410.21306462703984,5448.590833333333
146,413.10404661153893,5225.4074999999975
147,415.99274624637286,5387.715833333333
148,418.88101859200884,5278.040833333334
149,421.7670113614339,5219.040833333334
150,424.6507268069978,5329.407499999998
151,427.534017380677,5280.349166666667
152,430.4150333946642,5269.8075
153,433.29377709457617,5245.0575
154,436.171174526634,5248.490833333332
155,439.0481500067328,5225.515833333334
156,441.9219343629885,5233.2074999999995
157,444.7943761439507,5137.965833333333
158,447.6663983684335,5192.490833333332
159,450.53615738925754,5136.857499999999
160,453.4036554368587,5083.607499999999
161,456.2698155263778,5044.740833333332
162,459.13371823570486,4965.632499999999
163,461.99720564598897,4921.074166666665
164,464.85751890297826,4854.8324999999995
165,467.71741872718127,4834.490833333332
166,470.57598612114396,4896.007499999999
167,473.4313855832414,4940.440833333333
168,476.28729176382114,4956.157499999998
169,479.1400335802938,4893.115833333332
170,481.9905314565158,4835.407499999998
171,484.84062061516414,4736.757499999999
172,487.68846853613957,4552.9991666666665
173,490.5359087351512,4323.865833333332
174,493.3792799303744,3983.390833333334
175,496.22407571145703,3852.1241666666665
176,499.06480688058537,3638.2991666666658
177,501.90513400978284,3392.899166666666
178,504.742316141402,3224.190833333333
179,507.58092228765565,3061.2824999999993
180,510.41547342909644,2931.732499999999
181,513.2477988173791,2864.8408333333327
182,516.0815480007475,2724.2491666666665
183,518.9103381523065,2644.524166666666
184,521.7387302367048,2588.632499999999
185,524.5667238977102,2489.0908333333327
186,527.3915883150893,2512.2158333333327
187,530.2151463911312,2447.815833333333
188,533.0383083453657,2345.9074999999993
189,535.8592560354984,2345.682499999999
190,538.6770831531306,2343.6574999999993
191,541.4945172807625,2253.515833333333
192,544.3106504268214,2274.8741666666665
193,547.1254834922145,2201.774166666666
194,549.9372037825524,2209.557499999999
195,552.7476274645466,2119.632499999999
196,555.557661396232,2154.557499999999
197,558.3654941332069,2137.6158333333333
198,561.1711278231132,2119.724166666666
199,563.9763740302524,2064.5491666666658
200,566.7785195179079,2012.7408333333333
201,569.5802793070004,2057.4574999999995
202,572.3789426562782,2079.3408333333323
203,575.1781251319061,2062.6575
204,577.9742146080273,2042.140833333333
205,580.7690188937156,2029.7158333333327
206,583.5634406759264,2058.0491666666658
207,586.3547754365092,2029.6991666666663
208,589.1448284899731,2068.849166666666
209,591.9336007189041,2093.2908333333335
210,594.7210930050775,2073.357499999999
211,597.5055067627944,2035.890833333333
212,600.2895433101347,2053.932499999999
213,603.0732022878761,1958.1158333333333
214,605.8537878481096,1929.9824999999992
215,608.6322014233208,1872.890833333333
216,611.4093427963033,1871.8824999999988
217,614.1861101036463,1849.065833333333
218,616.9598124291359,1809.8574999999996
219,619.7331424337686,1783.432499999999
220,622.505203725734,1763.4158333333335
221,625.2742059305338,1789.2158333333323
222,628.0419428000752,1745.1324999999988
223,630.8075203969969,1757.2908333333335
224,633.5736240010797,1741.7824999999998
225,636.3366760769657,1757.557499999999
226,639.098467097401,1755.0908333333323
227,641.8589979255039,1735.015833333333
228,644.6182694236076,1741.3658333333333
229,647.3744977383801,1690.3324999999995
230,650.1303620232678,1742.8074999999994
231,652.8849703729016,1747.3991666666661
232,655.6365413689031,1721.7824999999993
233,658.3877505014291,1721.515833333333
234,661.1377070819738,1766.8824999999993
235,663.8855220435962,1737.1491666666661
236,666.6320869725545,1729.415833333333
237,669.3765136087061,1733.1324999999988
238,672.1196927253785,1739.557499999999
239,674.8607368678764,1729.040833333333
240,677.6005359979608,1755.640833333333
241,680.3408659606193,1696.7408333333333
242,683.0772897079983,1695.7408333333333
243,685.8124717904553,1726.099166666666
244,688.545526761953,1733.9241666666658
245,691.2782284505098,1741.1991666666663
246,694.0088055188429,1734.5074999999993
247,696.7381450997262,1741.099166666666
248,699.4662480342079,1699.2574999999993
249,702.1922308778788,1721.1741666666658
250,704.9169795556986,1724.3658333333333
251,707.6404949056167,1760.5491666666658
252,710.3618946801053,1735.515833333333
253,713.0811809136846,1755.1741666666658
254,715.7992379247568,1771.4408333333326
255,718.5178303221388,1812.4991666666665
256,721.232549101209,1821.6408333333325
257,723.946923043364,1842.8074999999994
258,726.6591903985808,1849.5741666666663
259,729.3702334856129,1884.1574999999998
260,732.0791732343926,1927.6991666666663
261,734.7860116633555,1972.4658333333327
262,737.4933881052642,2054.7991666666658
263,740.1986648794762,2123.5741666666663
264,742.9009656863793,2158.2908333333335
265,745.6038053949877,2190.515833333333
266,748.3027948427829,2130.224166666666
267,751.0023240452123,2132.8324999999995
268,753.6997612549775,2083.3324999999995
269,756.3951084757753,2046.7991666666658
270,759.0883677085873,2033.1158333333333
271,761.7804165027665,2067.4241666666658
272,764.4730059891978,2038.474166666666
273,767.161760802308,2043.4991666666665
274,769.8493084081631,2092.865833333333
275,772.5373975778823,2095.7324999999996
276,775.2225324226614,2079.7824999999993
277,777.9055893020778,2045.7908333333335
278,780.5865702013685,2106.8241666666663
279,783.2680943403964,2110.774166666666
280,785.94754411685,2112.0824999999995
281,788.6249215114218,2058.1241666666665
282,791.301099742469,2045.9158333333335
283,793.9752087651893,2069.099166666666
284,796.6481210140968,2022.8158333333326
285,799.3198372924204,2025.1324999999988
286,801.9903584026715,2005.6824999999994
287,804.6588158534753,2027.6741666666658
288,807.3260805162536,1975.2408333333328
289,809.9921531905816,1973.6324999999993
290,812.6552984182088,1919.8408333333327
291,815.3172548048767,1964.4158333333335
292,817.9788905003605,1903.4241666666658
293,820.6393381718575,1904.6991666666663
294,823.2968654545798,1929.4824999999992
295,825.953207848906,1885.540833333333
296,828.6092319547788,1877.8325
297,831.2623411407403,1832.3824999999988
298,833.9142685842397,1816.790833333333
299,836.5650150746521,1785.0491666666658
300,839.214581400652,1776.0491666666658
301,841.8621044684179,1788.0658333333326
302,844.5084497156973,1747.4658333333327
303,847.1536179282938,1729.8741666666665
304,849.7967471614515,1714.7824999999998
305,852.4387016963278,1730.4574999999995
306,855.0786203523927,1729.1991666666663
307,857.7182282217098,1677.0241666666661
308,860.3549413428963,1734.7074999999995
309,862.9904844220963,1707.7658333333325
310,865.6265791063319,1709.9324999999994
311,868.2589236210457,1729.6574999999993
312,870.8901011907012,1746.9408333333326
313,873.5201125911036,1728.6491666666661
314,876.1489585973727,1767.9824999999996
315,878.7757814546823,1781.065833333333
316,881.401441226342,1788.8408333333323
317,884.0267964539792,1754.540833333333
318,886.6492746012391,1857.1241666666665
319,889.2705927365037,1870.9574999999995
320,891.889894997582,1874.7741666666661
321,894.5080395422766,1952.2074999999995
322,897.1250271379771,2073.2574999999993
323,899.7400030545731,2182.399166666666
324,902.3555345485436,2576.5408333333335
325,904.9673464118688,3540.865833333333
326,907.578860262243,5271.224166666667
327,910.1875137688562,7448.515833333333
328,912.7967243978754,8823.815833333332
329,915.4030777129715,8779.615833333331
330,918.008282448971,6827.9575
331,920.6131918479454,4530.224166666667
332,923.2152492193081,3002.9658333333327
333,925.8153093048101,2213.224166666666
334,928.4150767007262,1854.9491666666663
335,931.0137000550731,1662.1908333333326
336,933.6094789049918,1567.0824999999995
337,936.2049669537362,1482.8658333333333
338,938.7993139710164,1454.8325
339,941.3916712212085,1437.5324999999998
340,943.9820405752965,1401.1158333333328
341,946.5721213861391,1355.724166666666
342,949.1602165457788,1346.6574999999998
343,951.7471759172602,1356.057499999999
344,954.3321526227504,1375.2408333333328
345,956.915995777856,1311.4991666666665
346,959.4978592456448,1308.440833333333
347,962.0785913955167,1265.8658333333333
348,964.6581929708851,1255.7324999999996
349,967.2366647145176,1241.9491666666663
350,969.8123165688366,1223.2574999999988
351,972.3885316148301,1191.2658333333325
352,974.9619297326224,1199.665833333333
353,977.5342024606138,1184.2158333333327
354,980.1053505368706,1193.2408333333328
355,982.6745311457491,1186.5574999999994
356,985.2425893142037,1194.2158333333327
357,987.8095257776441,1169.7324999999996
358,990.3753412708345,1157.7658333333325
359,992.9383523664881,1104.540833333333
360,995.5010871426232,1153.4491666666663
361,998.0610211902117,1118.2574999999993
362,1000.6215213600577,1118.7574999999988
363,1003.180064343015,1121.7824999999993
364,1005.735811721452,1139.165833333333
365,1008.291286062632,1124.7158333333323
366,1010.8456474810134,1142.1408333333325
367,1013.3972184038389,1136.3991666666661
368,1015.9493568871053,1117.3908333333325
369,1018.4987077862389,1170.7491666666665
370,1021.0469501244125,1170.7074999999995
371,1023.5932469334166,1191.1491666666661
372,1026.1392746818394,1183.5324999999998
373,1028.68419603592,1246.9908333333333
374,1031.2263385170504,1212.9575
375,1033.7673774982072,1211.599166666666
376,1036.307313697748,1240.5825
377,1038.8461478334082,1217.6324999999988
378,1041.3830454733454,1219.4408333333326
379,1043.918843207229,1176.565833333333
380,1046.4527073250108,1161.415833333333
381,1048.984639625617,1189.2991666666658
382,1051.5163093112349,1166.474166666666
383,1054.047716010783,1178.8824999999993
384,1056.5763604113001,1169.4574999999995
385,1059.1022453872818,1144.9908333333328
386,1061.6295351123408,1146.8158333333326
387,1064.15406755211,1142.4158333333335
388,1066.6766771148937,1152.9491666666663
389,1069.1981967679412,1096.3574999999996
390,1071.7186272174504,1103.9824999999992
391,1074.2379691690155,1081.8991666666661
392,1076.755393221889,1079.3991666666661
393,1079.272560650206,1066.9158333333335
394,1081.7869829144095,1036.3241666666663
395,1084.2994918955026,1080.690833333333
396,1086.8117467162267,1038.6824999999994
397,1089.3229186874332,1054.474166666666
398,1091.8321805482885,1041.3325
399,1094.3395340678335,1031.9991666666665
400,1096.8466355091525,984.165833333333
401,1099.3518307167656,989.9074999999998
402,1101.8551214547995,987.1241666666665
403,1104.3573356661466,980.5658333333331
404,1106.8592998708855,986.2824999999993
405,1109.3585372853117,987.6074999999996
406,1111.8567009636618,958.2658333333325
407,1114.3546163596102,926.290833333333
408,1116.8498098787786,999.3741666666665
409,1119.3447564973785,979.2658333333325
410,1121.8361610425645,979.0824999999995
411,1124.3289674661858,983.3658333333328
412,1126.819058307148,972.7408333333328
413,1129.3072590118054,988.5908333333327
414,1131.7952159016595,1024.3658333333328
415,1134.2812847317573,961.9241666666658
416,1136.765467243167,1000.7658333333325
417,1139.248586407842,981.0491666666658
418,1141.7314637900306,928.6074999999992
419,1144.2116374268019,999.9074999999998
420,1146.6907504649155,1002.5324999999998
421,1149.1696234135359,989.1574999999998
422,1151.6457974652753,945.432499999999
423,1154.1209136575835,967.8324999999995
424,1156.594153889389,983.849166666666
425,1159.0671567451252,970.8741666666665
426,1161.5382856927909,1035.915833333333
427,1164.0075424555425,1006.290833333333
428,1166.4765635190067,998.0074999999993
429,1168.9437144436115,995.9658333333323
430,1171.408996947761,1007.3908333333325
431,1173.8740454230053,1029.2408333333328
432,1176.3372275174995,1021.6324999999993
433,1178.7985449449166,1007.849166666666
434,1181.2596300074379,1003.099166666666
435,1183.7188524362593,1004.6324999999993
436,1186.1753993385187,1008.0741666666663
437,1188.6317162263829,1022.0074999999993
438,1191.0878027271572,991.9991666666665
439,1193.5412177787307,1028.5074999999993
440,1195.9935905564976,1010.6741666666658
441,1198.4449217244953,1008.415833333333
442,1200.8943994187837,1057.8908333333325
443,1203.3428375194246,1004.6408333333325
444,1205.789424849979,1010.7824999999998
445,1208.234974598328,1003.2574999999988
446,1210.6794874243822,1012.3824999999993
447,1213.1229639874857,1044.5825
448,1215.5654049464306,1017.4908333333328
449,1218.0051907210802,979.7824999999998
450,1220.4439435796855,1038.1574999999998
451,1222.8816641780545,993.4074999999993
452,1225.318353171446,1007.0408333333335
453,1227.7532024656482,1039.5908333333323
454,1230.1862137406779,1019.1574999999998
455,1232.6198128706674,1012.9491666666663
456,1235.0507675630085,1019.665833333333
457,1237.4806952829103,998.3908333333325
458,1239.907982597396,1045.1491666666661
459,1242.335859005302,1024.9991666666665
460,1244.7610976691485,1036.5074999999993
461,1247.1861193409281,1043.1574999999998
462,1249.6101179672248,1036.1241666666665
463,1252.0314835133897,1063.8074999999994
464,1254.451828665863,1043.5741666666663
465,1256.8711540695176,1053.2741666666661
466,1259.2894603686862,1047.0074999999993
467,1261.7051402369893,1064.7908333333335
468,1264.1206072882194,1083.849166666666
469,1266.5358611493111,1084.0741666666663
470,1268.9484925359866,1098.724166666666
471,1271.3593067488612,1091.3908333333325
472,1273.76910773559,1118.849166666666
473,1276.1786980935606,1121.0408333333335
474,1278.585672584594,1143.6824999999994
475,1280.9916364371838,1147.8741666666665
476,1283.3965902877176,1135.7741666666661
477,1285.8005347720432,1168.349166666666
478,1288.202670248408,1187.8991666666661
479,1290.603798299963,1170.4908333333333
480,1293.0031199541122,1217.7075
481,1295.4014361203854,1235.6574999999998
482,1297.7979484942825,1266.790833333333
483,1300.1950545164614,1192.2324999999996
484,1302.588761473702,1287.7658333333325
485,1304.9822647374833,1326.3574999999996
486,1307.3739687356235,1298.8241666666663
487,1309.764672363619,1331.290833333333
488,1312.154376248969,1339.290833333333
489,1314.5422844190539,1354.6074999999996
490,1316.929194765707,1349.2491666666665
491,1319.3143119799881,1380.0241666666661
492,1321.6984332856466,1413.6908333333326
493,1324.0807640363764,1410.7991666666658
494,1326.4628957270668,1439.099166666666
495,1328.843238771792,1453.190833333333
496,1331.2217947867287,1472.2491666666665
497,1333.6001532744083,1492.349166666666
498,1335.9767266354406,1532.1741666666658
499,1338.3515164816333,1537.8741666666665
500,1340.7253173751865,1579.3325
501,1343.0989225559927,1601.7074999999995
502,1345.4691624819095,1621.3325
503,1347.8392085880812,1671.1324999999988
504,1350.2082688677153,1763.5241666666661
505,1352.5763439357713,1893.9658333333323
506,1354.9418524556834,2056.3824999999993
507,1357.3063783070354,2193.190833333333
508,1359.6715027392402,2552.0325
509,1362.0332744428533,2944.2991666666658
510,1364.3940659691382,3323.2075
511,1366.7546672631227,3593.1575
512,1369.1127109294603,3567.5325
513,1371.4697769016548,3283.8074999999994
514,1373.8266541411804,2878.9075
515,1376.1809781948443,2575.6408333333325
516,1378.5343270297335,2354.0158333333325
517,1380.887488625941,2193.1741666666658
518,1383.2381014659552,2118.4575
519,1385.5877415547866,2067.5074999999993
520,1387.9356230988735,2010.6741666666658
521,1390.2841058932147,2061.5491666666658
522,1392.629259854741,2041.7408333333328
523,1394.9742301983156,2034.6408333333325
524,1397.3174463552004,2033.2491666666665
525,1399.660479446045,2012.5741666666663
526,1402.0009757495511,2086.274166666666
527,1404.3397219337714,2079.3741666666665
528,1406.679070974446,2043.6741666666658
529,1409.015887612105,2026.5741666666663
530,1411.351740694853,2067.8408333333323
531,1413.6866308185267,2027.3741666666665
532,1416.0197760677709,2028.4408333333326
533,1418.35196019289,1967.7991666666658
534,1420.6824019212766,2003.6241666666665
535,1423.0126659008947,2012.6074999999996
536,1425.3411893131893,2030.224166666666
537,1427.667973714704,2050.849166666666
538,1429.9945818209708,2043.0658333333326
539,1432.318672480819,2090.040833333333
540,1434.6425880252157,2080.9575
541,1436.9639892259745,2097.4991666666665
542,1439.2859957862674,2077.990833333333
543,1441.6047114814605,2063.7825
544,1443.9232544115312,2034.1408333333325
545,1446.240845864226,1994.4908333333328
546,1448.5567084051524,1960.6408333333325
547,1450.8708435764338,1846.8241666666663
548,1453.184807683062,1817.7908333333335
549,1455.497046224754,1786.099166666666
550,1457.8083374850673,1718.4074999999998
551,1460.1179056185897,1715.4408333333326
552,1462.4265282700144,1656.0241666666661
553,1464.734206019806,1608.8408333333323
554,1467.0401639733043,1575.8908333333325
555,1469.3436285036719,1554.9824999999996
556,1471.648476294783,1494.4408333333326
557,1473.9508324525793,1522.1074999999996
558,1476.2514736616265,1468.099166666666
559,1478.55194923011,1467.3158333333326
560,1480.8507116342894,1460.1491666666661
561,1483.1477623969392,1435.2741666666661
562,1485.4438759834406,1422.5825
563,1487.7390529672195,1383.8408333333323
564,1490.032521606992,1412.8574999999996
565,1492.3258274185912,1393.7658333333325
566,1494.617426659945,1339.4991666666665
567,1496.9073208457532,1362.7574999999993
568,1499.1955114887794,1153.4658333333327
569,1501.4827708427101,1310.3408333333323
570,1503.7698699051386,1322.6908333333326
571,1506.0552680723179,1318.7158333333323
572,1508.3389668519696,1305.290833333333
573,1510.6225067292403,1286.6908333333326
574,1512.903579801272,1274.765833333333
575,1515.1837262380227,1304.7574999999993
576,1517.4629466040146,1262.8908333333325
577,1519.7412414633127,1263.599166666666
578,1522.0178434510929,1243.9908333333328
579,1524.2927540651958,1274.1074999999996
580,1526.5682767186565,1221.474166666666
581,1528.8405751333053,1264.7991666666658
582,1531.1119527198114,1225.1491666666661
583,1533.3831764109293,1228.1824999999994
584,1535.653479771775,1229.540833333333
585,1537.9213318569384,1203.0658333333326
586,1540.1882659700668,1201.940833333333
587,1542.454282668405,1173.6908333333326
588,1544.7186176854627,1172.1491666666661
589,1546.9820370194939,1149.474166666666
590,1549.2445412258314,1173.724166666666
591,1551.5053669631798,1149.665833333333
592,1553.7652792994438,1135.1574999999998
593,1556.0235155087598,1131.2741666666661
594,1558.2816030108968,1079.4575
595,1560.5380161075582,1100.1241666666665
596,1562.7927562740572,1102.040833333333
597,1565.0473490800296,1102.7075
598,1567.299508931409,1073.9908333333328
599,1569.550761088168,1056.6241666666665
600,1571.8018672259618,1074.6241666666665
601,1574.050544511929,1059.5241666666661
602,1576.2975558465782,1024.5824999999995
603,1578.5444231111983,1061.4491666666663
604,1580.7903860315885,1005.849166666666
605,1583.0346855571577,1011.0324999999998
606,1585.2773231497633,991.415833333333
607,1587.5198182413344,1026.0574999999994
608,1589.760653098501,974.8158333333326
609,1591.9998291792917,1008.0074999999988
610,1594.2381060115424,994.7075
611,1596.4762419040592,1016.8574999999996
612,1598.7112066332265,976.3908333333325
613,1600.9467892716768,957.2408333333328
614,1603.1799611141394,961.3741666666665
615,1605.4122376255682,972.974166666666
616,1607.6436193442958,940.6824999999994
617,1609.873350862231,960.6574999999998
618,1612.1029449116838,935.1408333333325
619,1614.3301350994652,936.724166666666
620,1616.5564338529678,936.1074999999996
621,1618.7825964435165,980.9575
622,1621.0063591970566,937.474166666666
623,1623.2292327238813,932.6574999999998
624,1625.4512175572513,903.9991666666665
625,1627.6730677599032,951.3991666666661
626,1629.8917700456498,943.7824999999998
627,1632.1095864386525,902.1741666666658
628,1634.3272700970203,915.724166666666
629,1636.543315995183,924.1491666666661
630,1638.757725563858,901.9574999999995
631,1640.9712519592479,932.8325
632,1643.1846471370643,898.224166666666
633,1645.3949062147228,880.7824999999998
634,1647.6050357286647,887.9574999999995
635,1649.8150353075596,916.7408333333328
636,1652.0226538884017,919.2408333333328
637,1654.2293936536882,883.807499999999
638,1656.433755860365,906.9658333333327
639,1658.6387401646318,890.5741666666663
640,1660.8420981880593,873.9241666666662
641,1663.043831347487,857.9658333333323
642,1665.245437942886,876.1574999999993
643,1667.444673168544,882.6741666666658
644,1669.6430350248065,869.4408333333326
645,1671.839776480645,890.2574999999988
646,1674.0371407093237,877.9158333333335
647,1676.231391660734,873.249166666666
648,1678.4247725059502,875.4658333333327
649,1680.618776494006,829.5158333333325
650,1682.8104180871246,845.0824999999995
651,1685.000445351215,877.8741666666665
652,1687.1896051676117,841.7908333333326
653,1689.3778980515885,858.9658333333327
654,1691.5645796292015,855.6824999999994
655,1693.7503958933055,846.099166666666
656,1695.9353473574374,856.5324999999998
657,1698.1186905294871,831.224166666666
658,1700.3011705157312,830.2491666666665
659,1702.482044410687,818.6074999999996
660,1704.662799854055,811.1158333333328
661,1706.8412079854625,822.2741666666661
662,1709.0187561488963,837.4408333333326
663,1711.196187097351,824.6074999999996
664,1713.3712746079727,798.7075
665,1715.5455042622843,806.0074999999993
666,1717.7188765676908,830.6991666666663
667,1719.8913920312016,790.7408333333328
668,1722.0623103776884,797.1158333333328
669,1724.2316329887778,828.9324999999994
670,1726.400101442966,793.5824999999995
671,1728.5677162446298,789.6908333333326
672,1730.7337382817082,804.5241666666661
673,1732.8996475808926,815.4324999999994
674,1735.0632266694843,795.9824999999996
675,1737.2266940251332,777.3741666666665
676,1739.388572371105,797.6158333333328
677,1741.5496012427536,771.2158333333327
678,1743.7090432671623,774.5741666666663
679,1745.8668998136025,808.5324999999998
680,1748.0239095442068,766.8408333333323
681,1750.1800729573572,773.3824999999997
682,1752.33612726718,757.7158333333327
683,1754.4898628228623,755.5324999999998
684,1756.642017992768,745.5074999999997
685,1758.79406583904,751.4658333333327
686,1760.944534868283,732.2408333333328
687,1763.09342644014,756.2908333333326
688,1765.2422118852319,732.7658333333329
689,1767.3894214371273,723.7074999999995
690,1769.5365252743886,764.1658333333326
691,1771.680586532549,758.6241666666665
692,1773.8238097986377,749.7158333333323
693,1775.9669291142022,760.3658333333328
694,1778.1077443189777,740.2824999999998
695,1780.249189531852,728.7408333333328
696,1782.3876000690555,751.1158333333328
697,1784.5266410210204,735.1908333333326
698,1786.663382683214,724.5574999999994
699,1788.799290925959,759.724166666666
700,1790.934366236762,717.1741666666662
701,1793.068609102751,777.040833333333
702,1795.2005580535997,743.7324999999996
703,1797.3316766718099,736.0324999999998
704,1799.4634262611178,739.0741666666663
705,1801.5921549749944,730.499166666666
706,1803.7200553786513,723.8324999999995
707,1805.847127955445,708.7408333333328
708,1807.9733731883662,695.5825
709,1810.0973335803424,704.5908333333323
710,1812.2211974332115,715.7741666666661
711,1814.3449643784033,720.9408333333326
712,1816.4664496266178,726.999166666666
713,1818.5856553552858,717.0491666666658
714,1820.7047664653007,721.2324999999996
715,1822.8237825881681,703.624166666666
716,1824.940522322895,720.9824999999992
717,1827.0564412979597,693.4658333333323
718,1829.1722664381039,695.5741666666663
719,1831.2858188778434,683.6158333333328
720,1833.3978266667261,679.4408333333326
721,1835.5090167273127,700.6824999999994
722,1837.6208401800466,673.8074999999994
723,1839.7296706046743,664.8074999999994
724,1841.8376852856595,662.8824999999988
725,1843.9456091775912,687.5824999999995
726,1846.0512693092542,661.2408333333333
727,1848.1561156758332,719.557499999999
728,1850.2594251071673,683.124166666666
729,1852.3633689999517,661.5074999999993
730,1854.4643307337765,642.474166666666
731,1856.5652045073457,642.999166666666
732,1858.665267428087,675.4241666666662
733,1860.7630754727245,657.1991666666663
734,1862.8607966849004,604.4991666666665
735,1864.9562656284854,646.7658333333325
736,1867.0516486745573,649.4324999999994
737,1869.1455031884284,661.1824999999994
738,1871.238551325845,634.1741666666658
739,1873.3315141310106,645.6408333333329
740,1875.4222303338945,616.7574999999988
741,1877.5107020627015,615.474166666666
742,1879.5990906846928,631.5825
743,1881.6873958326275,594.7158333333323
744,1883.7741787517411,625.599166666666
745,1885.8587218165178,611.8241666666663
746,1887.943901712581,622.0408333333326
747,1890.0268437823806,618.1491666666661
748,1892.1089863219772,654.1241666666665
749,1894.1896119771302,609.0491666666662
750,1896.2701571121374,584.9991666666665
751,1898.349186832543,615.724166666666
752,1900.4274194115637,604.8408333333327
753,1902.5041385933448,616.3824999999993
754,1904.5793456596302,593.4241666666658
755,1906.6537580561126,621.6658333333326
756,1908.7266603478063,585.5741666666663
757,1910.799485047457,584.2991666666658
758,1912.8715164452187,604.1241666666665
759,1914.9413248565304,613.2574999999993
760,1917.0110567666713,554.3324999999995
761,1919.078568239402,558.1658333333326
762,1921.14600411799,577.7658333333325
763,1923.2112221034392,579.7408333333328
764,1925.277079104547,549.2658333333325
765,1927.3407202073547,576.349166666666
766,1929.4035738182395,532.0491666666662
767,1931.4649274994495,534.5324999999998
768,1933.5254951334773,548.2991666666662
769,1935.585277169844,527.9575
770,1937.643561984194,563.1574999999998
771,1939.7010626415147,573.3824999999997
772,1941.757779589837,561.624166666666
773,1943.8137132768495,558.4574999999995
774,1945.8674421707453,574.5824999999995
775,1947.920389779869,574.1408333333325
776,1949.9725565499666,525.5241666666661
777,1952.0239429264368,515.4658333333323
778,1954.0738394455072,531.4491666666663
779,1956.122957000317,519.849166666666
780,1958.171296034799,506.96583333333274
781,1960.218147892365,522.224166666666
782,1962.2635138238334,540.7908333333335
783,1964.3081036407102,539.5658333333326
784,1966.351209491215,533.8324999999995
785,1968.3949566970111,513.9491666666663
786,1970.4358053059998,522.874166666666
787,1972.4772956144468,522.624166666666
788,1974.5158903526562,495.165833333333
789,1976.5551271330337,521.1408333333325
790,1978.5921780490723,519.3074999999994
791,1980.6284579790236,503.76583333333247
792,1982.6639673605102,484.4824999999996
793,1984.6980007479283,497.12416666666604
794,1986.7312649950175,509.62416666666604
795,1988.7637605379505,493.557499999999
796,1990.7940776469723,485.04083333333256
797,1992.8236279885937,504.97416666666595
798,1994.8538210979857,493.7074999999995
799,1996.8811343909813,472.29083333333256
800,1998.9083867689908,472.56583333333265
801,2000.9341703618416,492.3824999999997
802,2002.9584863987373,484.90749999999935
803,2004.9820393300624,493.7324999999996
804,2007.005532544807,509.59916666666595
805,2009.027560294055,474.19083333333265
806,2011.048123803183,443.23249999999916
807,2013.0665221323811,432.54916666666577
808,2015.085564894552,473.09916666666595
809,2017.1031460275283,455.4824999999996
810,2019.1199681235807,445.02416666666613
811,2021.1346293956003,455.30749999999944
812,2023.1499352295325,468.15749999999935
813,2025.1630821485796,449.290833333333
814,2027.1747724768,465.5824999999995
815,2029.1871075934034,484.1908333333331
816,2031.1972871791857,454.93249999999944
817,2033.2060127651696,437.14916666666613
818,2035.2139848301993,477.44083333333265
819,2037.221902802867,437.09083333333274
820,2039.226971350058,451.9575
821,2041.2319871755637,461.8241666666663
822,2043.236949916345,442.3824999999997
823,2045.239765337244,424.49916666666604
824,2047.2418308212702,453.7074999999995
825,2049.2424493543913,441.4074999999998
826,2051.2430164887787,392.5074999999988
827,2053.241441121812,430.19083333333265
828,2055.2391185430342,437.4574999999995
829,2057.236745563922,449.14083333333247
830,2059.2322334257187,448.86583333333283
831,2061.2269758520356,439.12416666666604
832,2063.2209732604924,442.06583333333265
833,2065.214226068398,437.16583333333347
834,2067.2060395996587,434.04916666666577
835,2069.1957202150857,429.6074999999996
836,2071.186742759255,414.36583333333283
837,2073.174939421446,397.9575
838,2075.1617010605014,415.7491666666665
839,2077.1491102618625,443.05749999999944
840,2079.1350852680584,444.47416666666595
841,2081.1196272679517,430.51583333333247
842,2083.103430472746,434.39916666666613
843,2085.0858025290545,422.8741666666665
844,2087.0674371303767,412.6158333333333
845,2089.047642437425,434.932499999999
846,2091.0264196332587,423.47416666666595
847,2093.005845108754,417.84916666666595
848,2094.983151814207,385.09916666666595
849,2096.9604153683745,445.6574999999998
850,2098.935562512775,400.8241666666663
851,2100.9099766142353,406.79083333333256
852,2102.883658080762,430.26583333333247
853,2104.8559171229335,357.0741666666663
854,2106.8274448571747,403.9824999999996
855,2108.7975520045943,389.94083333333265
856,2110.7676185983037,404.86583333333283
857,2112.735576753847,390.0658333333331
858,2114.702806247171,398.057499999999
859,2116.6693074828977,401.1991666666663
860,2118.6343924556404,416.89916666666613
861,2120.5994386435636,440.4824999999996
862,2122.5630698853274,417.6574999999998
863,2124.5252873474274,378.22416666666595
864,2126.4867795871214,406.8324999999995
865,2128.447547006388,412.2074999999995
866,2130.4069031225663,416.52416666666613
867,2132.364162466974,409.59083333333274
868,2134.3220724707035,421.14083333333247
869,2136.2785736409714,407.0741666666663
870,2138.2350388794366,430.37416666666604
871,2140.188725353984,393.6741666666662
872,2142.1423772007224,386.9491666666663
873,2144.0939387208973,391.34916666666595
874,2146.045466408842,407.7991666666662
875,2147.996275296343,418.97416666666595
876,2149.9456814240034,401.76583333333247
877,2151.8943700488558,405.34916666666595
878,2153.8416577139974,418.46583333333274
879,2155.7882291712344,411.8408333333323
880,2157.7334014654293,417.80749999999944
881,2159.677858843891,396.12416666666604
882,2161.6216017006795,419.0741666666663
883,2163.563265234873,423.01583333333247
884,2165.5055807307713,387.915833333333
885,2167.4458186927113,417.6158333333333
886,2169.384662861363,396.7074999999995
887,2171.324159166805,438.6241666666665
888,2173.261581116272,425.89083333333247
889,2175.1982927926656,418.2658333333329
890,2177.133613739824,446.0741666666663
891,2179.068225693548,397.7574999999997
892,2181.001448695267,422.8241666666663
893,2182.934644079557,419.9241666666662
894,2184.865092087539,422.86583333333283
895,2186.796872955402,430.16583333333347
896,2188.7259087155453,443.96583333333274
897,2190.65491840994,455.71583333333274
898,2192.5832228241165,478.6574999999998
899,2194.509465128281,469.6074999999996
900,2196.4350039170317,489.3824999999997
901,2198.359839575715,486.84916666666595
902,2200.283972489392,481.41583333333347
903,2202.206725424934,443.54916666666577
904,2204.128099508426,440.94083333333265
905,2206.0494501123408,470.8824999999997
906,2207.9687462483184,470.7658333333329
907,2209.8880196706987,463.7324999999996
908,2211.8052408705116,469.915833333333
909,2213.7224401207795,523.6658333333335
910,2215.6382652813036,512.9658333333327
911,2217.554068762353,517.4324999999994
912,2219.4684994078398,555.3574999999992
913,2221.380883181757,570.040833333333
914,2223.2925717540124,579.9158333333326
915,2225.2035655036293,636.2408333333328
916,2227.113864809343,684.2824999999993
917,2229.023470049626,811.4658333333323
918,2230.93103374597,916.4324999999994
919,2232.8392524791766,1139.8741666666665
920,2234.7454314021097,1452.9824999999996
921,2236.6502455530513,2003.4658333333323
922,2238.5543689915426,2752.5908333333327
923,2240.4584748001516,3817.865833333333
924,2242.3605452334054,4872.449166666665
925,2244.2625987872075,5425.5075
926,2246.163291153471,6050.182500000001
927,2248.061951703958,5786.8575
928,2249.960596740273,4816.040833333333
929,2251.8578834128084,3578.065833333333
930,2253.7544838268936,2585.1074999999996
931,2255.6503983547937,1926.7741666666661
932,2257.545627368507,1431.3241666666663
933,2259.43950096321,1119.790833333333
934,2261.3320202368413,943.3658333333328
935,2263.22385607865,815.7658333333325
936,2265.1136697570655,759.4908333333328
937,2267.00414032874,709.807499999999
938,2268.893259510191,701.7324999999996
939,2270.7816972212604,687.4408333333326
940,2272.6687852453247,683.849166666666
941,2274.5545246737615,655.3325
942,2276.4395847003534,723.2908333333335
943,2278.3232978291308,757.2408333333328
944,2280.207000393581,823.7074999999995
945,2282.0893572743034,904.5241666666661
946,2283.971036700287,965.1908333333331
947,2285.8513721350478,1091.4241666666658
948,2287.7303646634455,1039.8074999999994
949,2289.6086817919245,968.3325
950,2291.48632388458,860.624166666666
951,2293.3632913052375,747.2741666666661
952,2295.2382530077316,653.0408333333326
953,2297.1138726530257,576.724166666666
954,2298.986823034918,530.3991666666661
955,2300.8597666180385,470.8241666666663
956,2302.7313735482526,470.932499999999
957,2304.6029739254423,494.84916666666595
958,2306.472574575462,445.9074999999998
959,2308.342169393899,401.04916666666577
960,2310.2097666342524,396.6074999999996
961,2312.0766952026797,430.9241666666662
962,2313.942955458233,408.8324999999995
963,2315.8078846745443,410.12416666666604
964,2317.672809617737,412.1241666666665
965,2319.535742101755,397.3324999999995
966,2321.398008654099,419.96583333333274
967,2323.2602717691625,407.99083333333283
968,2325.120545391538,414.22416666666595
969,2326.9801546254544,434.5741666666663
970,2328.8384383985076,398.62416666666604
971,2330.6967201589523,362.11583333333283
972,2332.5530166850845,382.37416666666604
973,2334.4086511876862,435.790833333333
974,2336.2642845058926,367.7324999999996
975,2338.1185957880093,409.307499999999
976,2339.970926079607,362.91583333333256
977,2341.822596703099,375.79083333333256
978,2343.674267555236,408.31583333333265
979,2345.5246196644694,393.040833333333
980,2347.3743131619526,348.6574999999998
981,2349.2226895587974,379.12416666666604
982,2351.0704085155153,382.1324999999997
983,2352.91615363865,369.2574999999997
984,2354.7612429587534,404.7574999999988
985,2356.606334729711,402.14083333333247
986,2358.4501132582022,380.540833333333
987,2360.292579594143,373.4908333333333
988,2362.1350491941603,408.06583333333265
989,2363.9762077652736,400.39083333333247
990,2365.815399617171,395.06583333333265
991,2367.6545960092863,373.09916666666595
992,2369.493140317858,379.9574999999995
993,2371.3310328896205,408.0824999999995
994,2373.1669624567503,417.22416666666595
995,2375.0022419089487,419.97416666666595
996,2376.8368715914644,394.02416666666613
997,2378.67019673828,366.2074999999995
998,2380.5028732687783,384.36583333333283
999,2382.334901527114,419.81583333333265
1000,2384.164973024659,396.86583333333283
1001,2385.995052047911,432.2158333333323
1002,2387.82448429219,404.4241666666662
1003,2389.652616377456,424.66583333333347
1004,2391.4794493388317,416.9824999999996
1005,2393.305637471742,399.6074999999996
1006,2395.1311811175387,402.90749999999935
1007,2396.9554278167425,378.8824999999997
1008,2398.779031171294,394.47416666666595
1009,2400.601991521462,382.17416666666577
1010,2402.423657096829,412.09916666666595
1011,2404.243377045574,415.62416666666604
1012,2406.063759689406,373.8658333333333
1013,2407.882849724335,385.29083333333256
1014,2409.6999969843205,370.3574999999996
1015,2411.517807036311,380.79083333333256
1016,2413.333675905249,380.5324999999998
1017,2415.14890631328,374.040833333333
1018,2416.962848319844,395.7824999999998
1019,2418.7761529955883,380.87416666666604
1020,2420.5894704967745,415.7658333333329
1021,2422.4008516977046,384.46583333333274
1022,2424.2122463950323,429.7824999999998
1023,2426.0217068309134,376.4574999999995
1024,2427.8298836151653,405.5491666666662
1025,2429.637426445486,380.9074999999998
1026,2431.4449841090545,424.04083333333256
1027,2433.2519080305606,374.0074999999997
1028,2435.0562545451044,388.68249999999944
1029,2436.861264890778,355.94083333333265
1030,2438.664995401262,405.6241666666665
1031,2440.4667997697006,394.4074999999998
1032,2442.268620964471,425.1408333333329
1033,2444.069164904534,402.557499999999
1034,2445.8690792394023,410.11583333333283
1035,2447.6677178850787,391.61583333333283
1036,2449.4670204140334,373.25749999999925
1037,2451.263110025961,376.11583333333283
1038,2453.0592184426123,371.89916666666613
1039,2454.8546998042993,409.84083333333274
1040,2456.6495544393406,355.68249999999944
1041,2458.4431376146,396.31583333333265
1042,2460.2360951692103,374.04916666666577
1043,2462.027782818997,391.30749999999944
1044,2463.8182015650145,395.73249999999916
1045,2465.607996569618,401.34916666666595
1046,2467.3971681586963,375.55749999999944
1047,2469.1857166579093,391.18249999999944
1048,2470.972998902931,423.52416666666613
1049,2472.7590158907287,402.86583333333283
1050,2474.5450547015926,401.26583333333247
1051,2476.329829351567,386.14083333333247
1052,2478.112698240118,415.62416666666604
1053,2479.8955901462873,429.86583333333283
1054,2481.6785047232265,416.14083333333247
1055,2483.4588739218607,448.4408333333331
1056,2485.239266882462,422.5824999999995
1057,2487.019041778327,388.1991666666663
1058,2488.796275158288,410.6741666666662
1059,2490.5741745220694,400.54083333333347
1060,2492.3508164171226,424.4908333333333
1061,2494.126842421604,432.47416666666595
1062,2495.900972117632,394.69083333333265
1063,2497.6751275978722,444.74083333333283
1064,2499.4486685907236,430.5824999999995
1065,2501.220955711315,460.3324999999995
1066,2502.9919899427855,433.0074999999997
1067,2504.762411528758,451.42416666666577
1068,2506.531581746511,421.14083333333247
1069,2508.300140396079,435.5741666666663
1070,2510.067449195527,434.0491666666662
1071,2511.8354242586497,473.78249999999935
1072,2513.600873789458,440.59083333333274
1073,2515.3657139003803,424.3574999999996
1074,2517.1299449069124,454.66583333333256
1075,2518.893567124336,476.24083333333283
1076,2520.65594359015,452.02416666666613
1077,2522.417712336304,422.04083333333347
1078,2524.178873677084,464.2574999999997
1079,2525.9381546889244,435.5324999999998
1080,2527.6974662001853,458.3574999999996
1081,2529.454899324957,418.59916666666595
1082,2531.2129995363402,437.1324999999997
1083,2532.9685871200804,457.9408333333331
1084,2534.7242064531288,428.14083333333247
1085,2536.4792218857515,439.69083333333265
1086,2538.232998642498,447.89916666666613
1087,2539.985537689555,442.5324999999998
1088,2541.7368399919787,445.64083333333247
1089,2543.4888098122974,482.51583333333247
1090,2545.238909293303,453.7324999999996
1091,2546.987774048599,456.1574999999998
1092,2548.737306379387,434.14916666666613
1093,2550.4849710404533,469.1991666666663
1094,2552.2314029897334,443.9074999999998
1095,2553.9766031867266,443.59916666666595
1096,2555.7224713235205,444.9574999999995
1097,2557.4664756289726,460.30749999999944
1098,2559.2098826662195,441.47416666666595
1099,2560.952692742028,448.74916666666604
1100,2562.6936420733937,450.6074999999996
1101,2564.4339959212184,478.915833333333
1102,2566.1737545909696,461.69083333333265
1103,2567.912918387909,446.2491666666665
1104,2569.6508564362093,472.8241666666663
1105,2571.388831618211,436.8574999999996
1106,2573.1249513425064,446.5158333333329
1107,2574.8604782745547,453.5324999999998
1108,2576.5947823987253,467.86583333333283
1109,2578.328494767738,440.39916666666613
1110,2580.0616156844035,422.14083333333247
1111,2581.793515776887,443.0074999999997
1112,2583.525454911203,419.4574999999995
1113,2585.255545009802,442.5741666666663
1114,2586.9850457228317,431.22416666666595
1115,2588.712699717805,391.1574999999998
1116,2590.4410229911205,436.60749999999916
1117,2592.168129392628,425.97416666666595
1118,2593.893391689224,356.61583333333147
1119,2595.619951269979,390.77416666666613
1120,2597.3440400248724,392.43249999999944
1121,2599.0669152433225,360.61583333333283
1122,2600.789832506445,330.12416666666604
1123,2602.5109101481653,328.56583333333265
1124,2604.232657326148,360.06583333333265
1125,2605.9525663304853,372.96583333333274
1126,2607.671891675088,330.68249999999944
1127,2609.390007399532,357.09083333333274
1128,2611.1075404829317,343.04083333333256
1129,2612.8244912216096,317.182499999999
1130,2614.540234290887,333.14916666666613
1131,2616.2553960314767,320.1074999999996
1132,2617.96872634454,307.26583333333247
1133,2619.68272673723,327.5824999999995
1134,2621.3955219127556,289.68249999999944
1135,2623.1064882376836,337.05749999999944
1136,2624.816875976411,323.040833333333
1137,2626.5266854223714,309.04083333333256
1138,2628.2365407981324,322.9574999999995
1139,2629.944570608741,338.8741666666665
1140,2631.651399919385,308.4824999999996
1141,2633.3582762486835,315.2574999999988
1142,2635.0639530833223,327.61583333333283
1143,2636.7678084693225,323.8741666666665
1144,2638.472957291942,292.97416666666595
1145,2640.1756632120205,307.85749999999916
1146,2641.877172903152,315.30749999999944
1147,2643.5793533960828,288.2324999999996
1148,2645.2797164126905,307.44083333333265
1149,2646.9795067360856,295.34916666666595
1150,2648.6781032466547,312.24916666666604
1151,2650.3767492604807,304.89083333333247
1152,2652.0735814668433,318.3824999999997
1153,2653.769842971519,302.02416666666613
1154,2655.4661546355424,287.97416666666595
1155,2657.160655027105,284.67416666666577
1156,2658.8539658409413,302.51583333333247
1157,2660.547327884683,300.1324999999997
1158,2662.2401210805047,287.49916666666604
1159,2663.93048712024,302.3324999999995
1160,2665.6215247801883,311.27416666666613
1161,2667.3113757509354,306.0908333333323
1162,2669.000040941194,284.6991666666663
1163,2670.6881399595472,284.44083333333265
1164,2672.3750545971448,285.24916666666604
1165,2674.06140404651,236.93249999999898
1166,2675.747188591643,267.4408333333331
1167,2677.431790644026,276.99916666666604
1168,2679.115828773304,297.59083333333274
1169,2680.798685803726,267.0824999999995
1170,2682.480979890223,275.19083333333265
1171,2684.1620942692375,227.93249999999944
1172,2685.842646681564,272.89083333333247
1173,2687.522020775278,262.2074999999995
1174,2689.2008338776,243.54083333333256
1175,2690.8797024914,267.64916666666613
1176,2692.55677823207,232.04083333333347
1177,2694.2332942352773,247.0324999999998
1178,2695.9086351761257,227.21583333333274
1179,2697.5834173503627,268.29916666666577
1180,2699.2576410374822,246.73249999999962
1181,2700.9306915272446,247.64083333333292
1182,2702.6031844982363,207.68249999999944
1183,2704.2745056491995,231.34916666666595
1184,2705.944655872494,250.27416666666613
1185,2707.614250230398,228.42416666666577
1186,2709.2839029668835,246.03249999999844
1187,2710.951158697379,235.47416666666595
1188,2712.619700885471,210.64083333333247
1189,2714.285847846285,250.70749999999953
1190,2715.9514411426794,255.8824999999997
1191,2717.6158681038232,285.68249999999944
1192,2719.279742359351,283.18249999999944
1193,2720.9436767243337,298.7491666666665
1194,2722.6052215178347,294.3158333333331
1195,2724.2680516439013,285.34083333333274
1196,2725.927882036808,305.2824999999998
1197,2727.5883857711,288.9491666666663
1198,2729.2471158046374,281.0741666666663
1199,2730.9052962713613,300.38249999999925
1200,2732.563538564007,267.80749999999944
1201,2734.2200095964963,254.28249999999935
1202,2735.875932285464,214.2574999999997
1203,2737.530696390138,245.29916666666577
1204,2739.184913099534,224.67416666666622
1205,2740.838582685225,220.55749999999898
1206,2742.4904856034027,191.54083333333256
1207,2744.1430621589634,159.23249999999962
1208,2745.793873395123,204.72416666666595
1209,2747.4447487006532,196.02416666666613
1210,2749.093860435687,196.70749999999998
1211,2750.741818977787,196.29916666666577
1212,2752.3898425996467,185.33249999999953
1213,2754.036713968802,198.73249999999962
1214,2755.6824339562604,177.61583333333283
1215,2757.328219629039,196.05749999999944
1216,2758.973462755965,150.52416666666613
1217,2760.6169482098608,184.36583333333328
1218,2762.2592849571884,187.85749999999962
1219,2763.9010811628855,183.55749999999944
1220,2765.5429441917354,181.57416666666631
1221,2767.1830530164984,172.99083333333283
1222,2768.8226224988543,193.3824999999997
1223,2770.4616529047985,179.11583333333283
1224,2772.1001445001534,183.96583333333274
1225,2773.7368853491857,158.94916666666631
1226,2775.3730887151173,185.51583333333247
1227,2777.0093605654465,141.95749999999998
1228,2778.6444895603086,163.03249999999935
1229,2780.2778712552245,165.41583333333256
1230,2781.9113224259804,175.52416666666613
1231,2783.5442378323373,173.79083333333256
1232,2785.1754083177284,168.16583333333347
1233,2786.806044358394,185.41583333333256
1234,2788.4367505309133,163.58249999999953
1235,2790.0657141558504,175.79916666666622
1236,2791.6941445190696,189.14083333333247
1237,2793.3214381616685,172.04916666666622
1238,2794.9488029842737,164.74916666666604
1239,2796.574428678364,125.34083333333274
1240,2798.19952294601,197.22416666666595
1241,2799.824688979279,173.64083333333247
1242,2801.4481182439936,169.84916666666595
1243,2803.0710172572703,138.02416666666613
1244,2804.6927839378955,208.21583333333274
1245,2806.3146234240257,154.01583333333247
1246,2807.934127593693,163.36583333333283
1247,2809.553705479652,183.27416666666613
1248,2811.172755196017,178.5074999999997
1249,2812.7906756417533,165.14916666666613
1250,2814.4086699897716,189.12416666666604
1251,2816.0249350075715,179.22416666666595
1252,2817.640673671042,184.45749999999953
1253,2819.255285660953,158.08249999999953
1254,2820.869972582341,201.52416666666613
1255,2822.4829335490213,165.73249999999916
1256,2824.0959699599275,185.58249999999953
1257,2825.7078818950713,195.20749999999953
1258,2827.3186701953455,216.51583333333292
1259,2828.928935106271,227.30749999999898
1260,2830.538077672035,211.95749999999953
1261,2832.14669774756,243.69083333333265
1262,2833.7535979433405,212.94916666666631
1263,2835.3611741902614,223.14916666666613
1264,2836.9682287095775,244.11583333333283
1265,2838.5735652765807,241.19083333333265
1266,2840.1783813997117,217.43249999999944
1267,2841.782079480357,219.59083333333274
1268,2843.3846603524084,240.14916666666613
1269,2844.987319778013,213.39916666666613
1270,2846.5894601577106,239.58249999999953
1271,2848.189887588155,239.84083333333274
1272,2849.790394134253,220.7574999999997
1273,2851.3891893933837,199.97416666666595
1274,2852.987467771783,222.76583333333247
1275,2854.5846332141286,237.04916666666577
1276,2856.1812826621476,246.19083333333265
1277,2857.778012286623,237.06583333333265
1278,2859.373630303421,247.09083333333274
1279,2860.9675420035255,236.1574999999998
1280,2862.5615348211563,266.6074999999996
1281,2864.1538229733414,256.43249999999944
1282,2865.7461927405084,256.27416666666613
1283,2867.337454259011,218.41583333333256
1284,2868.929392081802,258.81583333333265
1285,2870.5184389977708,248.1324999999997
1286,2872.107568520107,235.665833333333
1287,2873.69618631964,240.54916666666622
1288,2875.2831050213204,203.540833333333
1289,2876.8695132585763,260.682499999999
1290,2878.4554112776664,279.7824999999998
1291,2880.0413925631124,256.04083333333256
1292,2881.625677645613,254.14916666666613
1293,2883.209453629061,263.18249999999944
1294,2884.7921280920677,231.43249999999944
1295,2886.3737018507313,276.932499999999
1296,2887.955360293059,250.8824999999997
1297,2889.536510996837,246.26583333333247
1298,2891.1165623002853,261.05749999999944
1299,2892.6955150172903,248.47416666666595
1300,2894.2733699608175,229.29916666666577
1301,2895.850719280258,230.24083333333283
1302,2897.426972070722,240.48249999999962
1303,2899.0027201015923,258.81583333333265
1304,2900.5779636152884,272.8408333333323
1305,2902.1532934343722,252.8824999999997
1306,2903.726938060045,285.80749999999944
1307,2905.299489070225,299.51583333333247
1308,2906.8715372864003,262.34083333333274
1309,2908.4424931243807,315.92416666666577
1310,2910.0129470273523,299.96583333333274
1311,2911.5834886843318,310.10749999999916
1312,2913.1529392504303,303.9574999999995
1313,2914.720710458505,345.35749999999916
1314,2916.2879814448534,344.9074999999998
1315,2917.8547524488417,402.77416666666613
1316,2919.4204352010215,434.6324999999988
1317,2920.9856188243834,482.72416666666595
1318,2922.5497154239365,568.2574999999997
1319,2924.1144896390665,666.6241666666665
1320,2925.6770017893728,831.1158333333333
1321,2927.239016513184,1079.0825
1322,2928.800534047998,1422.557499999999
1323,2930.3609674331647,1862.7908333333335
1324,2931.9209044774634,2358.1324999999993
1325,2933.4809322422384,2841.5574999999994
1326,2935.0392904904134,3103.057499999999
1327,2936.5965670289706,3149.1575
1328,2938.153348918198,2893.2658333333325
1329,2939.7090503144773,2407.599166666666
1330,2941.2642579046606,1796.099166666666
1331,2942.8189719238285,1268.3075000000008
1332,2944.3726070853595,968.374166666666
1333,2945.926334852879,727.4908333333328
1334,2947.478984603423,610.4241666666662
1335,2949.0299721631504,512.8824999999997
1336,2950.58046843712,434.85749999999916
1337,2952.130473658724,399.80749999999944
1338,2953.6805724704745,377.64916666666613
1339,2955.2284276533246,326.4574999999995
1340,2956.7763772621433,363.62416666666604
1341,2958.323253265422,350.89916666666613
1342,2959.8696401196144,309.3824999999997
1343,2961.4155380566995,294.0491666666662
1344,2962.9597807058917,313.47416666666595
1345,2964.503535638609,290.9824999999996
1346,2966.046220152785,301.807499999999
1347,2967.5901660275213,296.6908333333331
1348,2969.1318764473504,278.69083333333265
1349,2970.6731004416333,295.84916666666595
1350,2972.212673845256,320.84916666666595
1351,2973.7523440319205,303.38249999999925
1352,2975.2921106806066,294.9991666666665
1353,2976.829065233985,341.0491666666662
1354,2978.3666989053495,373.5491666666662
1355,2979.9038482622204,319.4491666666663
1356,2981.4381891405383,401.89083333333247
1357,2982.974371286465,408.3824999999997
1358,2984.507746872846,403.24083333333283
1359,2986.041801620275,408.72416666666595
1360,2987.574213190213,409.9074999999998
1361,2989.1073036457783,449.99083333333283
1362,2990.638752108089,455.64083333333247
1363,2992.1685598974027,472.04083333333256
1364,2993.6978876101653,460.14916666666613
1365,2995.2278943865235,458.5158333333329
1366,2996.7562622603405,493.96583333333274
1367,2998.2841507351955,437.59083333333274
1368,2999.8115600366077,435.8158333333331
1369,3001.3361754675684,445.3241666666663
1370,3002.861470725067,421.21583333333274
1371,3004.38744494594,408.01583333333247
1372,3005.9094717712555,380.04916666666577
1373,3007.433334745139,376.0824999999995
1374,3008.9555649681392,358.4074999999998
1375,3010.4784743273503,347.59083333333274
1376,3011.9997521064415,325.22416666666595
1377,3013.5193996125167,294.8741666666665
1378,3015.0385723570976,303.03249999999935
1379,3016.5572705626346,255.67416666666622
1380,3018.0754944514388,262.74916666666604
1381,3019.59324424568,263.3741666666665
1382,3021.1093674020144,238.08249999999953
1383,3022.6250176271055,249.89083333333247
1384,3024.1401951422063,245.55749999999944
1385,3025.653748480949,216.05749999999944
1386,3027.1679815983225,248.0658333333331
1387,3028.680591698652,236.5324999999998
1388,3030.192730689614,211.01583333333247
1389,3031.704398791268,191.8824999999997
1390,3033.214446328292,206.42416666666622
1391,3034.725173668905,177.59916666666595
1392,3036.2342815996067,175.86583333333283
1393,3037.741771411926,161.24083333333283
1394,3039.2510897929155,209.94916666666631
1395,3040.7576423845885,185.99083333333283
1396,3042.263727050231,171.46583333333274
1397,3043.76934400781,185.6324999999988
1398,3045.2744934751586,212.94916666666631
1399,3046.778028986432,192.69083333333265
1400,3048.2810981542743,177.9991666666665
1401,3049.7837011956144,183.22416666666595
1402,3051.2869839443915,166.8158333333331
1403,3052.787509765846,177.66583333333347
1404,3054.288715727926,164.36583333333283
1405,3055.787167324626,161.8824999999988
1406,3057.286299493616,155.95749999999953
1407,3058.7838236987673,201.7491666666665
1408,3060.2820281985387,174.5658333333331
1409,3061.779769009628,154.31583333333265
1410,3063.274760780816,129.34916666666595
1411,3064.770433137124,144.45749999999953
1412,3066.265643156222,153.3824999999997
1413,3067.7592493281686,156.39083333333247
1414,3069.2512529247356,153.17416666666622
1415,3070.745078275596,155.22416666666595
1416,3072.237301478116,161.60749999999916
1417,3073.7279238022,124.59916666666595
1418,3075.218086479953,130.91583333333347
1419,3076.7077897239474,143.97416666666595
1420,3078.197033746622,142.4991666666665
1421,3079.685818760285,143.0658333333331
1422,3081.1730064177723,119.87416666666604
1423,3082.6597361917807,143.3824999999997
1424,3084.1448704350028,123.38249999999971
1425,3085.6306854264117,120.97416666666595
1426,3087.1149060093067,110.94916666666631
1427,3088.598670252982,124.05749999999944
1428,3090.080841907869,120.88249999999971
1429,3091.5636944535386,124.67416666666622
1430,3093.046091290721,118.69083333333265
1431,3094.528032629455,137.14916666666613
1432,3096.0072485511846,95.47416666666595
1433,3097.4871455039083,122.84916666666595
1434,3098.965453915847,119.45749999999953
1435,3100.4444430801964,144.71583333333228
1436,3101.9218448172333,117.47416666666595
1437,3103.398793703317,108.66583333333256
1438,3104.874156968755,103.94083333333265
1439,3106.3490684934927,97.18249999999944
1440,3107.823528484977,132.6324999999997
1441,3109.2975371505268,133.84083333333274
1442,3110.769963105758,152.39083333333292
1443,3112.2430700871287,102.09083333333274
1444,3113.7157263636004,131.02416666666613
1445,3115.186801588396,117.29083333333256
1446,3116.656297004706,119.1241666666665
1447,3118.12647358066,94.82416666666631
1448,3119.5950714502715,120.14083333333292
1449,3121.06435020058,92.94916666666631
1450,3122.5309225168317,114.19916666666631
1451,3123.9970476395747,120.31583333333265
1452,3125.4638539138377,94.30749999999898
1453,3126.9290849191,101.79083333333301
1454,3128.3938693441632,75.79083333333256
1455,3129.857080283771,106.29916666666622
1456,3131.3198457378535,101.04916666666577
1457,3132.7821659098263,118.96583333333228
1458,3134.246293163656,105.79916666666622
1459,3135.706596958293,124.08249999999953
1460,3137.166456765385,78.26583333333247
1461,3138.625872787383,122.24916666666604
1462,3140.0848452266164,132.24083333333283
1463,3141.544498654811,129.84083333333274
1464,3143.0014601654952,112.0324999999998
1465,3144.4579793824837,108.89916666666613
1466,3145.9140565071466,99.24083333333328
1467,3147.369691740733,77.72416666666595
1468,3148.8248852843717,99.07416666666631
1469,3150.2785150153427,87.29083333333347
1470,3151.73058215501,82.89083333333247
1471,3153.1844528551524,94.89916666666613
1472,3154.6378826681735,76.71583333333274
1473,3156.088629866829,84.74916666666604
1474,3157.537817312452,106.83249999999953
1475,3158.9888070793745,76.93249999999898
1476,3160.437117544948,103.51583333333292
1477,3161.887229373963,97.3158333333331
1478,3163.3346636553065,94.34916666666595
1479,3164.7816604809163,111.31583333333265
1480,3166.2271014557505,80.2574999999988
1481,3167.6732243025776,107.3741666666665
1482,3169.117792370164,84.64083333333292
1483,3170.563042029788,62.89083333333292
1484,3172.0056207373564,83.19916666666631
1485,3173.449998337732,87.34916666666595
1486,3174.8917067289826,67.84083333333228
1487,3176.3329805938997,82.7491666666665
1488,3177.7738201289017,86.89083333333247
1489,3179.213109969817,80.34916666666595
1490,3180.6530817698163,63.96583333333274
1491,3182.0926198282928,71.1241666666665
1492,3183.5306097881503,80.5074999999988
1493,3184.968167069184,104.73249999999916
1494,3186.4041779838662,112.39916666666613
1495,3187.8408708279294,79.33249999999998
1496,3189.2749051519118,96.94083333333265
1497,3190.709621794292,102.47416666666595
1498,3192.1439074013942,80.62416666666604
1499,3193.577762167433,75.85749999999962
1500,3195.0100744098386,85.89083333333292
1501,3196.4419568667413,73.39083333333247
1502,3197.872298521698,61.46583333333274
1503,3199.3033223210364,100.19916666666631
1504,3200.7339169146217,88.16583333333256
1505,3202.16297228488,62.70749999999998
1506,3203.591599500868,84.99916666666604
1507,3205.018689209126,91.69916666666631
1508,3206.4453518121186,101.84083333333274
1509,3207.871587501559,75.99083333333328
1510,3209.296287918623,92.7824999999998
1511,3210.7216706872227,99.8158333333331
1512,3212.1466271165627,83.25749999999971
1513,3213.5711573978947,91.99083333333328
1514,3214.9930472717465,88.01583333333292
1515,3216.415619597678,51.84083333333274
1516,3217.8366604454814,76.61583333333328
1517,3219.257277230496,82.1324999999988
1518,3220.678576046621,79.36583333333328
1519,3222.0972393712145,131.71583333333274
1520,3223.516585106165,74.33249999999953
1521,3224.9344026217054,69.49083333333328
1522,3226.3517976809435,94.24083333333328
1523,3227.768770472665,84.1908333333331
1524,3229.1853211855446,79.73249999999962
1525,3230.5992428089694,91.04916666666577
1526,3232.014950586956,80.84916666666595
1527,3233.429133908259,63.0658333333331
1528,3234.8428965603753,74.7574999999988
1529,3236.2551364438073,102.25749999999971
1530,3237.666956688571,81.40749999999935
1531,3239.0783574816796,77.93249999999944
1532,3240.4893390100337,82.7574999999988
1533,3241.899901460422,105.24916666666604
1534,3243.3089443682065,67.55749999999898
1535,3244.7175692245874,62.89916666666613
1536,3246.125776215586,101.59083333333274
1537,3247.532465854694,76.35749999999962
1538,3248.938738652065,104.96583333333274
1539,3250.344594792954,141.72416666666595
1540,3251.750034462507,71.13249999999971
1541,3253.15615621569,27.67416666666577
1542,3254.55966512764,101.6908333333331
1543,3255.961661053099,107.3158333333331
1544,3257.3643399411776,98.18249999999898
1545,3258.7655068600984,75.04916666666577
1546,3260.1684532069803,88.1324999999988
1547,3261.568791530406,94.3824999999988
1548,3262.9687161555707,83.49916666666604
1549,3264.3671314908506,48.6574999999998
1550,3265.7662295928862,133.0658333333331
1551,3267.1638194179777,89.98249999999916
1552,3268.560996923591,91.94916666666631
1553,3269.9566678097835,110.51583333333292
1554,3271.353021546429,88.32416666666631
1555,3272.7489635104453,90.88249999999971
1556,3274.143400369215,87.58249999999953
1557,3275.5374264639267,75.84916666666595
1558,3276.931041976054,59.8824999999988
1559,3278.323154537839,122.34083333333274
1560,3279.715949750458,107.42416666666577
1561,3281.106151111524,86.49083333333328
1562,3282.495943899227,93.0658333333322
1563,3283.88641955846,101.18249999999898
1564,3285.275395419,135.10749999999916
1565,3286.66396324627,108.64083333333247
1566,3288.052123220042,95.61583333333328
1567,3289.4387855367313,99.54916666666622
1568,3290.8239513352482,108.29083333333347
1569,3292.2119791296213,112.07416666666631
1570,3293.597421100456,87.05749999999898
1571,3294.9813680488046,99.1324999999988
1572,3296.364909496541,93.15749999999935
1573,3297.74804562186,95.84083333333274
1574,3299.13186435132,94.46583333333274
1575,3300.5131026174904,87.85749999999916
1576,3301.8939367319053,93.6825000000008
1577,3303.274366871923,79.97416666666595
1578,3304.654393214795,84.9408333333331
1579,3306.034015937673,89.31583333333265
1580,3307.411063535813,97.45749999999953
1581,3308.788794660853,130.68249999999944
1582,3310.168293744058,89.7824999999998
1583,3311.5441346119005,108.0658333333331
1584,3312.919574010849,93.18249999999898
1585,3314.2946121165996,104.6324999999988
1586,3315.669249104745,93.10749999999916
1587,3317.0434851507794,106.94916666666631
1588,3318.4173204300905,74.27416666666613
1589,3319.789672125373,59.14916666666613
1590,3321.1616240355884,100.05749999999944
1591,3322.533176335407,100.78249999999935
1592,3323.904329199394,101.59916666666595
1593,3325.272919338173,95.09916666666595
1594,3326.6421930662527,92.17416666666577
1595,3328.0110685106292,94.40749999999935
1596,3329.380626633505,55.17416666666577
1597,3330.747625243173,67.1908333333331
1598,3332.114226718211,65.43249999999898
1599,3333.4804312316564,56.21583333333274
1600,3334.8451594232074,70.47416666666595
1601,3336.210570845635,112.15749999999935
1602,3337.5745069181403,87.45749999999953
1603,3338.938047346186,77.7491666666665
1604,3340.3011923018953,97.04083333333301
1605,3341.6628639887695,73.76583333333292
1606,3343.0241411720785,87.4408333333331
1607,3344.3850240232423,84.20749999999953
1608,3345.7444356812584,94.43249999999898
1609,3347.1045306938704,94.35749999999962
1610,3348.4642318878605,45.64916666666613
1611,3349.8224633369177,48.96583333333274
1612,3351.179226145644,47.26583333333292
1613,3352.536672368261,71.33249999999953
1614,3353.8926509129556,66.7574999999988
1615,3355.249312589875,81.59916666666595
1616,3356.6045075503444,85.7824999999998
1617,3357.9582368953124,83.04916666666577
1618,3359.3126495709275,94.59916666666595
1619,3360.664523976314,35.70749999999953
1620,3362.017082050294,103.81583333333265
1621,3363.3681770438293,67.1324999999988
1622,3364.7188827387545,43.6241666666665
1623,3366.069199303302,99.01583333333292
1624,3367.420198973138,83.33249999999953
1625,3368.7697374724935,94.7491666666665
1626,3370.1188873457186,73.02416666666613
1627,3371.4665776189613,43.14916666666613
1628,3372.812809384273,66.16583333333347
1629,3374.1607953104253,80.10749999999916
1630,3375.5062528450176,94.6241666666665
1631,3376.8513238221444,78.89083333333292
1632,3378.197078011631,69.04916666666622
1633,3379.54030677018,50.70749999999953
1634,3380.883150084685,59.5324999999998
1635,3382.2266768035934,94.09083333333274
1636,3383.567681045004,86.14916666666613
1637,3384.909369022297,71.65749999999935
1638,3386.2517399818116,55.27416666666613
1639,3387.590523341753,61.91583333333347
1640,3388.9310577782385,59.35749999999916
1641,3390.2690742380623,65.91583333333347
1642,3391.607774340872,52.84083333333274
1643,3392.9460910997877,67.4408333333331
1644,3394.282958749409,112.95749999999998
1645,3395.6194439943206,46.157499999999345
1646,3396.9544816779326,61.87416666666604
1647,3398.2902029101174,55.282499999999345
1648,3399.6244775175655,47.015833333332466
1649,3400.958370984306,57.45749999999953
1650,3402.2908193697103,65.42416666666577
1651,3403.622887548361,47.54083333333256
1652,3404.9556391797873,81.11583333333283
1653,3406.2880103228385,50.21583333333274
1654,3407.6178753606814,44.89916666666613
1655,3408.9484240354104,46.740833333333285
1656,3410.276468747551,84.21583333333274
1657,3411.6062594022137,86.76583333333292
1658,3412.9346093079093,74.28249999999935
1659,3414.2615195337094,54.3158333333331
1660,3415.588052222392,111.3741666666665
1661,3416.9142075350615,49.14083333333292
1662,3418.2399856327297,29.64083333333292
1663,3419.56538667632,77.3824999999988
1664,3420.888291088966,68.16583333333347
1665,3422.2129391094372,78.50749999999971
1666,3423.5361512910945,69.14916666666613
1667,3424.858987663075,56.1241666666665
1668,3426.179331054391,64.5074999999988
1669,3427.5003585229756,39.34916666666595
1670,3428.82206932736,45.84916666666595
1671,3430.142347196645,68.74083333333328
1672,3431.4611931903773,46.18249999999898
1673,3432.7807226978384,17.26583333333292
1674,3434.097764381201,52.66583333333347
1675,3435.4144333287413,25.032499999999345
1676,3436.731785966715,39.14916666666613
1677,3438.047709618322,58.8824999999988
1678,3439.363261008595,71.45749999999953
1679,3440.678440295475,17.457499999999527
1680,3441.993247636812,48.86583333333283
1681,3443.305573639792,61.074166666666315
1682,3444.618583682181,60.51583333333292
1683,3445.9312228476947,30.699166666666315
1684,3447.243491293448,56.91583333333347
1685,3448.554335591889,70.14916666666613
1686,3449.8648100792016,34.782499999999345
1687,3451.1749149118577,27.67416666666577
1688,3452.4846502462433,46.24083333333283
1689,3453.791911444972,81.29916666666577
1690,3455.1009088450364,62.20749999999953
1691,3456.407433607159,27.5074999999988
1692,3457.7135906803023,55.0658333333331
1693,3459.021482644022,84.2574999999988
1694,3460.3269042132333,71.70749999999953
1695,3461.630907938316,56.29083333333347
1696,3462.935595511122,57.76583333333292
1697,3464.238866140054,65.95749999999953
1698,3465.5428203353335,53.89083333333292
1699,3466.8443090459086,11.440833333333103
1700,3468.146481631337,75.23249999999916
1701,3469.44723965952,3.799166666666224
1702,3470.7476327243676,56.057499999999436
1703,3472.0476609794578,32.6241666666665
1704,3473.346276609356,24.8824999999988
1705,3474.644528323944,56.490833333333285
1706,3475.9424162761734,65.19916666666631
1707,3477.2409877072378,45.29083333333347
1708,3478.537101504924,31.524166666666133
1709,3479.833899086919,44.43249999999898
1710,3481.129287308416,42.1324999999988
1711,3482.4243131166177,17.440833333333103
1712,3483.7200222874344,46.97416666666595
1713,3485.0132781013153,15.240833333333285
1714,3486.3061725423586,22.574166666666315
1715,3487.598705762009,23.190833333333103
1716,3488.88983345584,44.1241666666665
1717,3490.1816449784133,36.8158333333331
1718,3491.4720518605714,37.3158333333331
1719,3492.7620987088458,31.34083333333274
1720,3494.0507423832632,47.09083333333274
1721,3495.3411129062883,59.54916666666577
1722,3496.629037847736,25.482499999999163
1723,3497.915561520164,31.649166666666133
1724,3499.2027692009337,7.240833333331466
1725,3500.4896183309042,40.93249999999898
1726,3501.7750675119096,49.60749999999916
1727,3503.06015902142,30.84083333333274
1728,3504.3448930086943,31.499166666666497
1729,3505.629269622912,52.032499999999345
1730,3506.9122486233987,1.957499999999527
1731,3508.1938310263745,44.5074999999988
1732,3509.4760974712194,39.3158333333331
1733,3510.7580077164157,85.10749999999916
1734,3512.038522675684,40.08249999999953
1735,3513.3186823089663,43.282499999999345
1736,3514.5984867641423,53.157499999999345
1737,3515.877936189005,24.374166666666497
1738,3517.1559926490468,21.84083333333274
1739,3518.433694949635,29.93249999999898
1740,3519.712080745016,45.7491666666665
1741,3520.9880376611272,53.29083333333347
1742,3522.2636414335607,32.04916666666577
1743,3523.538892208904,72.0074999999988
1744,3524.8137901336645,5.082499999999527
1745,3526.0883353542667,18.949166666666315
1746,3527.360456445156,44.48249999999916
1747,3528.634297269305,44.59083333333274
1748,3529.907785827851,44.3824999999988
1749,3531.1788524120752,50.824166666666315
1750,3532.450602808174,22.5074999999988
1751,3533.7199332356977,26.46583333333274
1752,3534.9899477654776,44.907499999999345
1753,3536.2585781147527,26.21583333333274
1754,3537.527892285545,33.844999999999345
1755,3538.7958231355856,41.47416666666595
1756,3540.0634045952875,34.48249999999916
1757,3541.330636809047,49.95749999999953
1758,3542.59751992118,25.607499999999163
1759,3543.861989919433,30.84916666666595
1760,3545.1271440350247,17.26583333333292
1761,3546.3909185384823,38.96583333333274
1762,3547.6564081056385,10.065833333333103
1763,3548.9194874045456,0.8408333333327391
1764,3550.1822195995696,47.490833333333285
1765,3551.443574456673,36.41583333333347
1766,3552.7045830618217,66.11583333333328
1767,3553.9673051804525,52.9408333333331
1768,3555.2276211440817,30.615833333333285
1769,3556.486562037161,39.115833333333285
1770,3557.7461867768798,21.824166666666315
1771,3559.004437294867,49.1324999999988
1772,3560.2623429791934,47.10749999999916
1773,3561.5188758531717,-6.425833333333685
1774,3562.776092576979,30.274166666666133
1775,3564.0319373365523,-2.667500000000473
1776,3565.2884656657047,20.54916666666577
1777,3566.542595882828,41.34083333333274
1778,3567.7974099516127,54.60749999999916
1779,3569.050854307224,30.657499999999345
1780,3570.3039560833045,53.39083333333292
1781,3571.556715420279,18.040833333333467
1782,3572.809132458498,32.18249999999898
1783,3574.0601820278453,-16.884166666666715
1784,3575.3108901387895,17.990833333333285
1785,3576.5602321800266,5.349166666665951
1786,3577.8102580730165,36.0658333333331
1787,3579.0589187343585,22.540833333333467
1788,3580.3072390543402,6.465833333332739
1789,3581.554195537798,38.6908333333331
1790,3582.8028592266605,28.324166666666315
1791,3584.0491362804487,23.907499999999345
1792,3585.294051307719,38.02416666666613
1793,3586.5396503220118,29.657499999999345
1794,3587.7849103849235,7.849166666665951
1795,3589.0298316347894,42.79083333333347
1796,3590.272370837845,50.449166666666315
1797,3591.5166154320946,25.499166666666497
1798,3592.758479366013,16.582499999999527
1799,3594.0000061489764,42.02416666666613
1800,3595.241195918264,57.91583333333347
1801,3596.4820488110836,20.065833333333103
1802,3597.721544941565,27.67416666666577
1803,3598.9617247695173,17.72416666666595
1804,3600.2005486622284,34.14916666666613
1805,3601.439036779267,31.449166666666315
1806,3602.676170339564,14.990833333333285
1807,3603.913987590751,2.074166666666315
1808,3605.149432743696,25.040833333333467
1809,3606.386579949831,66.45749999999953
1810,3607.622374247093,32.907499999999345
1811,3608.856816597817,-3.3675000000012005
1812,3610.09092522751,43.8741666666665
1813,3611.3236832818393,20.732499999999163
1814,3612.557125150166,13.524166666666133
1815,3613.7892172627644,53.5074999999988
1816,3615.0209767440306,21.699166666666315
1817,3616.2524037286503,25.207499999999527
1818,3617.483498351233,63.54916666666577
1819,3618.714260746318,-4.709166666666533
1820,3619.94266090881,13.96583333333274
1821,3621.171745003619,53.865833333333285
1822,3622.3994832981116,36.67416666666577
1823,3623.6289194952237,31.34083333333274
1824,3624.8559961834453,15.224166666665951
1825,3626.0827425420043,23.482499999999163
1826,3627.30814527349,-14.90916666666726
1827,3628.533218487204,35.199166666666315
1828,3629.757962316042,34.30749999999898
1829,3630.982376892828,27.065833333333103
1830,3632.205450008647,3.949166666666315
1831,3633.4302188211873,17.72416666666595
1832,3634.652634640393,31.040833333333467
1833,3635.87371075532,39.5658333333331
1834,3637.095470622151,40.0074999999988
1835,3638.3158915914814,45.615833333333285
1836,3639.535985321249,3.999166666666497
1837,3640.7557519430534,39.47416666666595
1838,3641.9751915884244,35.0074999999988
1839,3643.193294488609,25.274166666666133
1840,3644.4110712162383,19.815833333333103
1841,3645.628521902304,-1.484166666667079
1842,3646.8456466777284,37.3158333333331
1843,3648.061436853891,39.77416666666613
1844,3649.2769019207603,-3.059166666666897
1845,3650.493050288813,25.96583333333274
1846,3651.706857248099,23.065833333333103
1847,3652.920340027773,36.73249999999916
1848,3654.1334987576865,-15.32583333333423
1849,3655.3463335676247,34.93249999999898
1850,3656.558844587304,34.032499999999345
1851,3657.7710319463695,52.699166666666315
1852,3658.980882979757,21.740833333333285
1853,3660.191417814259,-9.125833333333503
1854,3661.400624052017,-22.850833333333867
1855,3662.610513812404,53.074166666666315
1856,3663.819075769867,-18.57583333333423
1857,3665.0263108563504,-17.800833333333685
1858,3666.234229583443,4.040833333332557
1859,3667.4418267541714,15.290833333333467
1860,3668.6480982413404,45.91583333333347
1861,3669.8540489631223,2.699166666666315
1862,3671.0586753255952,17.18249999999898
1863,3672.2639851671347,-11.350833333333867
1864,3673.4679714382128,19.43249999999898
1865,3674.671637988084,28.782499999999345
1866,3675.8739822879734,-6.700833333334231
1867,3677.077010043544,7.574166666666315
1868,3678.2787163355088,24.282499999999345
1869,3679.480103946797,20.582499999999527
1870,3680.6801714112016,-1.8341666666665333
1871,3681.8799209791896,-13.525833333334049
1872,3683.079352777059,-20.792500000000473
1873,3684.2794677284064,20.1324999999988
1874,3685.477263567306,32.9991666666665
1875,3686.6757428119467,26.84916666666595
1876,3687.872904788058,22.907499999999345
1877,3689.0687504149564,-0.9425000000010186
1878,3690.2662790343516,-15.7425000000012
1879,3691.4614923455124,11.0074999999988
1880,3692.6553910043467,25.690833333333103
1881,3693.8499732925884,-13.959166666666533
1882,3695.0442401248984,21.024166666666133
1883,3696.237193470689,25.71583333333274
1884,3697.4288342446666,27.282499999999345
1885,3698.62215624873,-2.592500000000655
1886,3699.8131685636768,-1.4925000000012005
1887,3701.0048642017537,27.39083333333292
1888,3702.1952488173442,19.34083333333274
1889,3703.385319900593,-5.284166666667261
1890,3704.574081259492,27.490833333333285
1891,3705.7635259118874,4.024166666666133
1892,3706.9516616116803,24.732499999999163
1893,3708.1394847980814,18.532499999999345
1894,3709.3260003263363,33.9991666666665
1895,3710.5131991174408,-26.759166666666715
1896,3711.6980962745533,14.599166666665951
1897,3712.8836769401414,3.1324999999987995
1898,3714.0679520073927,23.46583333333274
1899,3715.2519163438374,30.615833333333285
1900,3716.4355700717556,7.849166666665951
1901,3717.6199067540906,9.074166666666315
1902,3718.8029393709926,24.05749999999898
1903,3719.9836759061986,2.5574999999989814
1904,3721.1660886818454,-21.292500000000473
1905,3722.3462066598327,17.749166666666497
1906,3723.52700794131,1.949166666666315
1907,3724.707499987948,52.55749999999898
1908,3725.8866913005786,28.165833333333467
1909,3727.064582778765,0.6824999999989814
1910,3728.243157525733,-1.6425000000008367
1911,3729.4204331983983,7.265833333332921
1912,3730.596410694259,15.92416666666577
1913,3731.773071561724,26.17416666666577
1914,3732.950415144974,9.224166666665951
1915,3734.1244815542364,30.582499999999527
1916,3735.300220987283,-0.6175000000012005
1917,3736.4736748453265,55.949166666666315
1918,3737.6468228653366,1.6074999999991633
1919,3738.819665166865,-32.8091666666669
1920,3739.9931903886345,16.71583333333274
1921,3741.1654213540783,-10.775833333334049
1922,3742.336358955124,24.22416666666595
1923,3743.5069918297895,44.7491666666665
1924,3744.677320097014,55.59916666666595
1925,3745.8473438756723,30.199166666666315
1926,3747.015089330959,31.39083333333292
1927,3748.1845050022725,3.2991666666657693
1928,3749.353616541078,2.2324999999991633
1929,3750.520451651128,9.59083333333274
1930,3751.6869838906096,33.85749999999916
1931,3752.8532133774283,34.20749999999953
1932,3754.019140229431,17.2574999999988
1933,3755.185749748668,17.80749999999898
1934,3756.350086500063,36.46583333333274
1935,3757.5141214806395,-0.20916666666653327
1936,3758.6768703892,34.41583333333347
1937,3759.840302435044,-20.634166666666715
1938,3761.0024491529985,-29.467500000000655
1939,3762.1642950783853,0.8158333333331029
1940,3763.32584032797,20.21583333333274
1941,3764.486101873176,-1.2175000000006548
1942,3765.648029266487,-20.842500000000655
1943,3766.8076905519583,-18.209166666666533
1944,3767.967052136163,-0.9425000000010186
1945,3769.12513200614,30.240833333333285
1946,3770.282912914385,0.7491666666664969
1947,3771.441376598831,7.982499999998254
1948,3772.5985596774817,-3.5175000000008367
1949,3773.7544630259504,70.82416666666631
1950,3774.91006838148,-15.025833333334049
1951,3776.0653758592916,0.2241666666659512
1952,3777.2203855745456,3.499166666666497
1953,3778.375097642342,46.43249999999898
1954,3779.528532325486,39.45749999999953
1955,3780.6806904956006,-9.642500000000837
1956,3781.8345110680266,-32.98416666666708
1957,3782.9860762605244,20.290833333333467
1958,3784.138324231966,-11.900833333334049
1959,3785.289297156118,7.707499999999527
1960,3786.4389959019154,15.1324999999988
1961,3787.5893775173563,0.5241666666661331
1962,3788.7384856848994,32.34083333333274
1963,3789.887298859452,-2.625833333333503
1964,3791.035817154591,-3.2675000000008367
1965,3792.1840406838387,-5.767500000000837
1966,3793.3300158894417,25.21583333333274
1967,3794.4776507284814,7.340833333332739
1968,3795.6230384718815,29.949166666666315
1969,3796.769108988554,24.282499999997526
1970,3797.9148858061344,4.8824999999987995
1971,3799.0593934526687,21.93249999999898
1972,3800.202632790131,10.832499999999527
1973,3801.3455797653655,-10.267500000000837
1974,3802.4892093271214,-15.600833333333867
1975,3803.63157166503,-8.017500000000837
1976,3804.7736419770395,-3.7091666666665333
1977,3805.9134721963965,16.18249999999898
1978,3807.054959290298,-6.559166666666897
1979,3808.1942075097922,-12.442500000001019
1980,3809.3341384886226,23.065833333332193
1981,3810.4737784974923,2.749166666666497
1982,3811.612154800754,7.782499999997526
1983,3812.750240853054,15.415833333332557
1984,3813.887064414101,11.490833333333285
1985,3815.0245705452417,-27.417500000000473
1986,3816.1608149022277,1.1158333333332848
1987,3817.295798338201,5.765833333332921
1988,3818.4314644283536,21.032499999999345
1989,3819.566841426992,18.09916666666595
1990,3820.700958577348,-7.309166666666897
1991,3821.8347873507896,-34.5591666666669
1992,3822.9683278572925,-27.100833333333867
1993,3824.1006100796953,32.990833333333285
1994,3825.2316348669365,-11.559166666666897
1995,3826.3633423366778,25.22416666666595
1996,3827.494762471095,-9.525833333334049
1997,3828.62492623697,28.407499999999345
1998,3829.754803378055,36.98249999999916
1999,3830.8843940033717,-4.309166666666897
2000,3832.013698221889,17.199166666666315
2001,3833.1417479822044,42.72416666666595
2002,3834.2695120440785,-17.44250000000102
2003,3835.396990516035,-1.300833333333685
2004,3836.524183506544,32.48249999999916
2005,3837.649156763139,13.207499999999527
2006,3838.7748126696306,6.065833333333103
2007,3839.9001839088005,-17.65916666666726
2008,3841.024304141403,40.97416666666595
2009,3842.148140411017,6.615833333333285
2010,3843.2716928252253,30.47416666666595
2011,3844.394961491558,-7.509166666666715
2012,3845.5179465174906,-19.06750000000102
2013,3846.6396827826825,-8.184166666666897
2014,3847.7601711248435,5.357499999999163
2015,3848.8813418634054,17.240833333333285
2016,3850.0022298773843,42.84083333333274
2017,3851.1218710187627,13.115833333333285
2018,3852.240266123023,6.190833333333103
2019,3853.359343564056,-14.425833333333685
2020,3854.4771756661703,-3.167500000000473
2021,3855.5947265478135,10.707499999999527
2022,3856.7119963150944,16.249166666666497
2023,3857.828022273713,-15.167500000000473
2024,3858.943767814044,34.20749999999953
2025,3860.060195358401,-1.3425000000006548
2026,3861.175380137406,25.46583333333274
2027,3862.2893229817914,-0.859166666667079
2028,3863.4039479051908,-18.6924999999992
2029,3864.516370236916,7.349166666665951
2030,3865.630435967557,14.407499999999345
2031,3866.7432611500362,11.374166666666497
2032,3867.854846612561,17.540833333333467
2033,3868.966153569202,-44.69250000000102
2034,3870.076221978108,31.274166666666133
2035,3871.1860125711582,-7.100833333333867
2036,3872.2955254526314,-16.52583333333405
2037,3873.405720152695,-14.234166666667079
2038,3874.5137184977084,29.949166666666315
2039,3875.6223988696115,17.415833333333467
2040,3876.729843240149,-4.459166666666533
2041,3877.8370108989993,-3.259166666666715
2042,3878.9429437222425,26.55749999999898
2043,3880.0486005196417,3.5408333333334667
2044,3881.1558968931527,21.59916666666595
2045,3882.2610014708557,34.92416666666577
2046,3883.3639157897755,11.740833333333285
