,Rshift,20241219_135928_985
0,-27.28431624923972,-1.9661458333333428
1,-24.137810440559743,-1.5182291666666856
2,-20.992855305911224,2.190104166666657
3,-17.849449699264277,5.013020833333329
4,-14.709577990190768,0.0546875
5,-11.570259296931825,0.2317708333333286
6,-8.432485724277697,-1.8411458333333428
7,-5.297247424298958,-3.1953125
8,-2.163550990117585,7.148437499999986
9,0.9686047153885033,-1.0390625
10,4.098230996806874,1.7838541666666572
11,7.226319793020991,-2.434895833333343
12,10.351883377225125,-0.8098958333333428
13,13.47690108550667,3.0130208333333286
14,16.599396813964887,-4.1953125
15,19.71937314585023,1.1276041666666572
16,22.838806501711186,0.3255208333333286
17,25.95572368194708,2.346354166666657
18,29.070127261761424,-3.997395833333343
19,32.18399075351902,-4.2890625
20,35.29534385461391,0.5130208333333144
21,38.40517363784589,-2.2057291666666856
22,41.51249719788232,-1.2161458333333428
23,44.61928418112446,5.533854166666657
24,47.72258507542738,-3.403645833333343
25,50.82535162225085,-3.091145833333343
26,53.926601392168415,1.9609375
27,57.02437225535298,0.3671875
28,60.12063048208482,-0.9244791666666714
29,63.215377180019566,-1.8828125
30,66.30959363994587,-3.007812500000014
31,69.40034041471665,4.002604166666657
32,72.48860070466732,-1.6744791666666714
33,75.57731329740307,-0.028645833333342807
34,78.66256333475965,1.4296874999999858
35,81.74631037256418,2.658854166666657
36,84.82855550884238,0.9609374999999858
37,87.90929984055099,3.4505208333333144
38,90.98756809333871,3.0130208333333286
39,94.06433868236475,-4.924479166666671
40,97.1405881209893,5.138020833333329
41,100.21339123894579,-0.6015625
42,103.28470091617095,1.5338541666666572
43,106.35354424187857,-2.3619791666666856
44,109.42187077517436,1.0026041666666572
45,112.48676102238159,-3.2994791666666714
46,115.55113664681949,-2.3932291666666714
47,118.61402520538982,1.0338541666666572
48,121.67445614213274,-3.289062500000014
49,124.73243195142234,0.5338541666666572
50,127.78989651750489,-2.591145833333343
51,130.84490905385366,3.002604166666657
52,133.89844180364437,-1.8203125000000142
53,136.94952655484522,2.940104166666657
54,139.9991346065499,-1.7994791666666714
55,143.04726703056593,3.033854166666657
56,146.09295701676533,-2.809895833333343
57,149.13717445172796,-2.445312500000014
58,152.18088734856704,0.02343749999998579
59,155.22216241584337,-1.5911458333333428
60,158.26003610937104,1.3255208333333286
61,161.29740892735327,5.690104166666657
62,164.33331545412594,1.5338541666666572
63,167.36679213777288,0.6276041666666572
64,170.39880558285302,-1.0078125000000142
65,173.42839316438452,-0.3619791666666714
66,176.45652055224213,9.179687499999986
67,179.48318880184246,2.096354166666657
68,182.50936125878457,1.1067708333333286
69,185.532152102855,-2.914062500000014
70,188.5525265301561,-0.0807291666666714
71,191.57336968606344,3.710937499999986
72,194.59083808475233,1.5755208333333286
73,197.60685550341933,1.8046874999999858
74,200.6195039541193,2.4505208333333286
75,203.6335825290436,-0.6223958333333428
76,206.64429514705586,2.2317708333333286
77,209.6516456142998,0.013020833333314386
78,212.66042610825713,4.825520833333329
79,215.66584745221635,0.9921874999999858
80,218.6688701982906,0.6484375
81,221.6704530579928,-1.1640625000000142
82,224.67155290628202,-3.6328125
83,227.67025864025692,-2.1744791666666714
84,230.66561774334488,-3.882812500000014
85,233.66145185846995,-1.4973958333333428
86,236.65489724395556,-1.5390625000000142
87,239.64595629990657,-0.1536458333333428
88,242.63558452041616,1.2317708333333286
89,245.62378293194837,1.7005208333333286
90,248.60960037381219,1.0651041666666572
91,251.59399096676356,6.231770833333329
92,254.57695573333737,5.710937499999986
93,257.5584956950971,-2.3619791666666714
94,260.5367111357406,0.6067708333333286
95,263.51445554100974,4.544270833333329
96,266.4907791062013,-2.747395833333343
97,269.4647338389515,5.440104166666657
98,272.4372706690054,2.377604166666657
99,275.40839061015055,2.617187499999986
100,278.3771470222574,1.7317708333333286
101,281.34354227106166,-0.4765625000000142
102,284.3104189718883,2.252604166666657
103,287.27304392780604,1.5442708333333286
104,290.2342597498509,7.971354166666657
105,293.19501284369574,1.4609374999999858
106,296.15435791399693,0.5651041666666572
107,299.11135146313717,5.669270833333329
108,302.06599584060206,7.169270833333329
109,305.020180602477,0.9713541666666572
110,307.97107593352354,12.054687499999986
111,310.9205709374285,3.252604166666657
112,313.8696088729118,6.731770833333329
113,316.81630576431763,2.7630208333333286
114,319.7616053156739,7.273437499999986
115,322.70362667554014,5.981770833333329
116,325.6461354188213,8.596354166666657
117,328.5863097684562,10.679687499999986
118,331.5232124643944,2.127604166666657
119,334.4596645888623,8.513020833333329
120,337.3956657948935,6.221354166666657
121,340.32746272332156,5.940104166666657
122,343.2588115920873,7.971354166666657
123,346.18877468724133,6.471354166666657
124,349.1164160675589,7.377604166666657
125,352.0426745233984,8.638020833333329
126,354.9666149953233,2.335937499999986
127,357.89011098210506,5.429687499999986
128,360.810356668617,9.971354166666657
129,363.730159822777,9.940104166666657
130,366.64858582226634,8.513020833333329
131,369.5647018076031,10.148437499999986
132,372.47851007211335,11.460937499999986
133,375.3909458601356,10.700520833333329
134,378.3020101411441,11.002604166666657
135,381.2107718077643,9.138020833333329
136,384.1190964182033,12.158854166666657
137,387.0260524242806,9.408854166666657
138,389.92977926968416,4.950520833333329
139,392.8321411918916,5.523437499999986
140,395.73313915306505,4.888020833333329
141,398.63277411446904,2.9505208333333286
142,401.53011802317604,8.742187499999986
143,404.42610172424645,3.8880208333333286
144,407.32072617531486,2.679687499999986
145,410.21306462703984,8.742187499999986
146,413.10404661153893,5.513020833333329
147,415.99274624637286,6.533854166666657
148,418.88101859200884,7.335937499999986
149,421.7670113614339,10.356770833333329
150,424.6507268069978,-0.8828125000000142
151,427.534017380677,5.138020833333329
152,430.4150333946642,2.929687499999986
153,433.29377709457617,7.460937499999986
154,436.171174526634,1.7005208333333286
155,439.0481500067328,2.658854166666657
156,441.9219343629885,10.533854166666657
157,444.7943761439507,2.565104166666657
158,447.6663983684335,7.263020833333329
159,450.53615738925754,2.9192708333333286
160,453.4036554368587,7.096354166666657
161,456.2698155263778,4.085937499999986
162,459.13371823570486,4.492187499999986
163,461.99720564598897,8.304687499999986
164,464.85751890297826,7.315104166666657
165,467.71741872718127,6.0546875
166,470.57598612114396,7.804687499999986
167,473.4313855832414,9.992187499999986
168,476.28729176382114,9.492187499999986
169,479.1400335802938,7.638020833333329
170,481.9905314565158,3.315104166666657
171,484.84062061516414,2.460937499999986
172,487.68846853613957,4.554687499999986
173,490.5359087351512,3.565104166666657
174,493.3792799303744,2.002604166666657
175,496.22407571145703,8.440104166666657
176,499.06480688058537,5.533854166666657
177,501.90513400978284,3.658854166666657
178,504.742316141402,-3.622395833333343
179,507.58092228765565,1.7109374999999858
180,510.41547342909644,5.054687499999986
181,513.2477988173791,2.4192708333333286
182,516.0815480007475,2.460937499999986
183,518.9103381523065,7.127604166666657
184,521.7387302367048,2.335937499999986
185,524.5667238977102,4.033854166666657
186,527.3915883150893,0.9921874999999858
187,530.2151463911312,2.554687499999986
188,533.0383083453657,-0.4453125000000142
189,535.8592560354984,4.127604166666657
190,538.6770831531306,7.096354166666657
191,541.4945172807625,0.7838541666666572
192,544.3106504268214,-1.2890625000000142
193,547.1254834922145,6.898437499999986
194,549.9372037825524,4.242187499999986
195,552.7476274645466,1.6796874999999858
196,555.557661396232,5.263020833333329
197,558.3654941332069,1.8151041666666572
198,561.1711278231132,4.169270833333329
199,563.9763740302524,-2.059895833333343
200,566.7785195179079,2.1380208333333286
201,569.5802793070004,2.085937499999986
202,572.3789426562782,-5.403645833333343
203,575.1781251319061,0.7213541666666572
204,577.9742146080273,2.0755208333333286
205,580.7690188937156,-4.580729166666686
206,583.5634406759264,3.679687499999986
207,586.3547754365092,0.8151041666666572
208,589.1448284899731,2.127604166666657
209,591.9336007189041,2.835937499999986
210,594.7210930050775,0.5963541666666572
211,597.5055067627944,2.6692708333333286
212,600.2895433101347,-3.5494791666666714
213,603.0732022878761,-0.5703125
214,605.8537878481096,3.346354166666657
215,608.6322014233208,2.9817708333333286
216,611.4093427963033,2.533854166666657
217,614.1861101036463,3.2109375
218,616.9598124291359,-4.247395833333343
219,619.7331424337686,-1.6432291666666714
220,622.505203725734,0.3151041666666572
221,625.2742059305338,2.377604166666657
222,628.0419428000752,3.1692708333333286
223,630.8075203969969,3.9505208333333286
224,633.5736240010797,5.565104166666657
225,636.3366760769657,2.8880208333333286
226,639.098467097401,-2.2057291666666714
227,641.8589979255039,6.898437499999986
228,644.6182694236076,7.533854166666657
229,647.3744977383801,4.148437499999986
230,650.1303620232678,3.221354166666657
231,652.8849703729016,7.210937499999986
232,655.6365413689031,-0.4765625000000142
233,658.3877505014291,2.221354166666657
234,661.1377070819738,-2.434895833333343
235,663.8855220435962,1.2005208333333286
236,666.6320869725545,1.2734374999999858
237,669.3765136087061,5.981770833333329
238,672.1196927253785,1.8463541666666572
239,674.8607368678764,0.9609374999999858
240,677.6005359979608,0.5755208333333144
241,680.3408659606193,-1.4557291666666714
242,683.0772897079983,0.3671874999999858
243,685.8124717904553,2.117187499999986
244,688.545526761953,4.033854166666657
245,691.2782284505098,3.440104166666657
246,694.0088055188429,2.242187499999986
247,696.7381450997262,3.2942708333333286
248,699.4662480342079,0.6067708333333286
249,702.1922308778788,8.075520833333329
250,704.9169795556986,5.971354166666657
251,707.6404949056167,3.1380208333333286
252,710.3618946801053,3.9817708333333286
253,713.0811809136846,5.085937499999986
254,715.7992379247568,8.492187499999986
255,718.5178303221388,3.679687499999986
256,721.232549101209,3.7005208333333286
257,723.946923043364,6.398437499999986
258,726.6591903985808,3.440104166666657
259,729.3702334856129,-1.2369791666666714
260,732.0791732343926,3.033854166666657
261,734.7860116633555,-1.0078125
262,737.4933881052642,1.7526041666666572
263,740.1986648794762,-2.872395833333343
264,742.9009656863793,2.1692708333333286
265,745.6038053949877,1.0338541666666572
266,748.3027948427829,0.1276041666666572
267,751.0023240452123,6.210937499999986
268,753.6997612549775,0.5130208333333286
269,756.3951084757753,3.7942708333333286
270,759.0883677085873,2.283854166666657
271,761.7804165027665,3.846354166666657
272,764.4730059891978,6.690104166666657
273,767.161760802308,-2.1640625
274,769.8493084081631,3.9817708333333286
275,772.5373975778823,1.7734375
276,775.2225324226614,1.9713541666666572
277,777.9055893020778,-0.1015625
278,780.5865702013685,6.606770833333329
279,783.2680943403964,-3.351562500000014
280,785.94754411685,4.794270833333329
281,788.6249215114218,3.117187499999986
282,791.301099742469,2.815104166666657
283,793.9752087651893,4.294270833333329
284,796.6481210140968,2.335937499999986
285,799.3198372924204,6.190104166666657
286,801.9903584026715,2.065104166666657
287,804.6588158534753,1.5651041666666572
288,807.3260805162536,3.783854166666657
289,809.9921531905816,4.533854166666657
290,812.6552984182088,2.2630208333333286
291,815.3172548048767,1.7630208333333286
292,817.9788905003605,0.9192708333333286
293,820.6393381718575,4.513020833333329
294,823.2968654545798,1.5130208333333286
295,825.953207848906,1.0859374999999858
296,828.6092319547788,-1.3932291666666714
297,831.2623411407403,-1.3411458333333428
298,833.9142685842397,2.773437499999986
299,836.5650150746521,7.117187499999986
300,839.214581400652,-1.0078125000000142
301,841.8621044684179,0.5651041666666572
302,844.5084497156973,2.846354166666657
303,847.1536179282938,-0.1848958333333428
304,849.7967471614515,0.4088541666666572
305,852.4387016963278,2.929687499999986
306,855.0786203523927,0.7526041666666572
307,857.7182282217098,1.3255208333333286
308,860.3549413428963,2.5755208333333286
309,862.9904844220963,-0.9036458333333428
310,865.6265791063319,-5.559895833333343
311,868.2589236210457,4.169270833333329
312,870.8901011907012,-0.0807291666666714
313,873.5201125911036,10.304687499999986
314,876.1489585973727,-2.372395833333343
315,878.7757814546823,0.6796874999999858
316,881.401441226342,2.5130208333333286
317,884.0267964539792,2.0130208333333286
318,886.6492746012391,4.127604166666657
319,889.2705927365037,4.096354166666657
320,891.889894997582,-1.5286458333333428
321,894.5080395422766,2.002604166666657
322,897.1250271379771,1.7005208333333286
323,899.7400030545731,2.283854166666657
324,902.3555345485436,2.4505208333333286
325,904.9673464118688,-0.5390625000000142
326,907.578860262243,7.940104166666657
327,910.1875137688562,6.638020833333329
328,912.7967243978754,8.658854166666657
329,915.4030777129715,3.7005208333333286
330,918.008282448971,7.825520833333329
331,920.6131918479454,4.085937499999986
332,923.2152492193081,-0.7265625000000142
333,925.8153093048101,1.1901041666666572
334,928.4150767007262,1.5859374999999858
335,931.0137000550731,3.2942708333333286
336,933.6094789049918,5.575520833333329
337,936.2049669537362,1.9817708333333286
338,938.7993139710164,1.1588541666666572
339,941.3916712212085,3.210937499999986
340,943.9820405752965,0.4817708333333286
341,946.5721213861391,-1.2161458333333428
342,949.1602165457788,0.09635416666665719
343,951.7471759172602,4.846354166666657
344,954.3321526227504,1.7421874999999858
345,956.915995777856,3.2005208333333144
346,959.4978592456448,1.2734374999999858
347,962.0785913955167,0.3567708333333286
348,964.6581929708851,5.731770833333329
349,967.2366647145176,2.346354166666657
350,969.8123165688366,2.335937499999986
351,972.3885316148301,-2.559895833333343
352,974.9619297326224,-3.507812500000014
353,977.5342024606138,1.5859374999999858
354,980.1053505368706,3.460937499999986
355,982.6745311457491,-0.9973958333333428
356,985.2425893142037,-1.8619791666666714
357,987.8095257776441,4.075520833333329
358,990.3753412708345,2.0442708333333286
359,992.9383523664881,6.013020833333329
360,995.5010871426232,-1.5182291666666714
361,998.0610211902117,-0.10156250000001421
362,1000.6215213600577,1.4088541666666572
363,1003.180064343015,1.2421874999999858
364,1005.735811721452,7.044270833333329
365,1008.291286062632,1.9817708333333286
366,1010.8456474810134,0.2630208333333286
367,1013.3972184038389,1.4921874999999858
368,1015.9493568871053,-0.4348958333333428
369,1018.4987077862389,1.6692708333333286
370,1021.0469501244125,6.127604166666657
371,1023.5932469334166,2.273437499999986
372,1026.1392746818394,2.367187499999986
373,1028.68419603592,2.929687499999986
374,1031.2263385170504,4.638020833333329
375,1033.7673774982072,4.450520833333329
376,1036.307313697748,2.804687499999986
377,1038.8461478334082,4.252604166666657
378,1041.3830454733454,5.752604166666657
379,1043.918843207229,4.273437499999986
380,1046.4527073250108,0.7213541666666572
381,1048.984639625617,1.9505208333333286
382,1051.5163093112349,2.648437499999986
383,1054.047716010783,2.429687499999986
384,1056.5763604113001,4.513020833333329
385,1059.1022453872818,2.023437499999986
386,1061.6295351123408,-1.3828125000000142
387,1064.15406755211,3.9192708333333286
388,1066.6766771148937,1.0755208333333286
389,1069.1981967679412,3.627604166666657
390,1071.7186272174504,0.1588541666666572
391,1074.2379691690155,-2.997395833333343
392,1076.755393221889,-0.8723958333333428
393,1079.272560650206,5.575520833333329
394,1081.7869829144095,-2.9557291666666714
395,1084.2994918955026,-0.6223958333333428
396,1086.8117467162267,-2.101562500000014
397,1089.3229186874332,2.5755208333333286
398,1091.8321805482885,-0.1953125000000142
399,1094.3395340678335,-2.039062500000014
400,1096.8466355091525,1.1692708333333286
401,1099.3518307167656,7.565104166666657
402,1101.8551214547995,6.460937499999986
403,1104.3573356661466,4.960937499999986
404,1106.8592998708855,-0.049479166666671404
405,1109.3585372853117,8.117187499999986
406,1111.8567009636618,-1.5286458333333428
407,1114.3546163596102,4.658854166666657
408,1116.8498098787786,6.096354166666657
409,1119.3447564973785,-0.4765625000000142
410,1121.8361610425645,-1.0390625000000142
411,1124.3289674661858,3.210937499999986
412,1126.819058307148,4.544270833333329
413,1129.3072590118054,4.273437499999986
414,1131.7952159016595,4.450520833333329
415,1134.2812847317573,2.804687499999986
416,1136.765467243167,3.0755208333333286
417,1139.248586407842,4.825520833333329
418,1141.7314637900306,5.606770833333329
419,1144.2116374268019,1.3984374999999858
420,1146.6907504649155,1.6901041666666572
421,1149.1696234135359,1.0546874999999858
422,1151.6457974652753,-0.3932291666666714
423,1154.1209136575835,-0.5182291666666714
424,1156.594153889389,3.033854166666657
425,1159.0671567451252,3.742187499999986
426,1161.5382856927909,4.669270833333329
427,1164.0075424555425,-0.0807291666666714
428,1166.4765635190067,1.7942708333333286
429,1168.9437144436115,2.3255208333333286
430,1171.408996947761,-3.8619791666666714
431,1173.8740454230053,1.6901041666666572
432,1176.3372275174995,-0.8932291666666714
433,1178.7985449449166,0.5859374999999858
434,1181.2596300074379,3.867187499999986
435,1183.7188524362593,1.0130208333333286
436,1186.1753993385187,2.315104166666657
437,1188.6317162263829,7.835937499999986
438,1191.0878027271572,5.627604166666657
439,1193.5412177787307,-7.257812500000014
440,1195.9935905564976,7.502604166666657
441,1198.4449217244953,2.460937499999986
442,1200.8943994187837,0.8567708333333286
443,1203.3428375194246,2.877604166666657
444,1205.789424849979,-1.4244791666666714
445,1208.234974598328,5.783854166666657
446,1210.6794874243822,-2.466145833333343
447,1213.1229639874857,3.1067708333333286
448,1215.5654049464306,0.9713541666666572
449,1218.0051907210802,2.335937499999986
450,1220.4439435796855,1.3776041666666572
451,1222.8816641780545,-1.4765625000000142
452,1225.318353171446,-0.12239583333334281
453,1227.7532024656482,2.117187499999986
454,1230.1862137406779,1.0651041666666572
455,1232.6198128706674,5.669270833333329
456,1235.0507675630085,5.565104166666657
457,1237.4806952829103,4.648437499999986
458,1239.907982597396,0.3255208333333286
459,1242.335859005302,1.5651041666666572
460,1244.7610976691485,6.210937499999986
461,1247.1861193409281,4.7109375
462,1249.6101179672248,3.7630208333333286
463,1252.0314835133897,1.7213541666666572
464,1254.451828665863,5.481770833333329
465,1256.8711540695176,5.138020833333329
466,1259.2894603686862,0.5026041666666572
467,1261.7051402369893,0.4817708333333286
468,1264.1206072882194,2.690104166666657
469,1266.5358611493111,1.5234374999999858
470,1268.9484925359866,2.9505208333333286
471,1271.3593067488612,5.669270833333329
472,1273.76910773559,5.617187499999986
473,1276.1786980935606,-5.518229166666686
474,1278.585672584594,-1.0703125
475,1280.9916364371838,3.6067708333333286
476,1283.3965902877176,-0.9869791666666714
477,1285.8005347720432,3.0755208333333286
478,1288.202670248408,4.898437499999986
479,1290.603798299963,1.2421874999999858
480,1293.0031199541122,0.5651041666666572
481,1295.4014361203854,-0.1536458333333428
482,1297.7979484942825,8.346354166666657
483,1300.1950545164614,5.044270833333329
484,1302.588761473702,-1.1640625000000142
485,1304.9822647374833,-0.6223958333333428
486,1307.3739687356235,5.825520833333329
487,1309.764672363619,-0.1744791666666714
488,1312.154376248969,3.023437499999986
489,1314.5422844190539,1.4713541666666572
490,1316.929194765707,-0.3932291666666714
491,1319.3143119799881,1.6380208333333286
492,1321.6984332856466,-0.4348958333333428
493,1324.0807640363764,0.9088541666666572
494,1326.4628957270668,4.148437499999986
495,1328.843238771792,-0.3307291666666714
496,1331.2217947867287,2.127604166666657
497,1333.6001532744083,2.023437499999986
498,1335.9767266354406,-2.914062500000014
499,1338.3515164816333,1.6380208333333286
500,1340.7253173751865,1.6171874999999858
501,1343.0989225559927,2.096354166666657
502,1345.4691624819095,1.7526041666666572
503,1347.8392085880812,3.627604166666657
504,1350.2082688677153,-0.00781250000001421
505,1352.5763439357713,6.700520833333329
506,1354.9418524556834,6.877604166666657
507,1357.3063783070354,3.2317708333333286
508,1359.6715027392402,2.565104166666657
509,1362.0332744428533,8.169270833333329
510,1364.3940659691382,1.9713541666666572
511,1366.7546672631227,2.0755208333333286
512,1369.1127109294603,3.460937499999986
513,1371.4697769016548,6.523437499999986
514,1373.8266541411804,6.940104166666657
515,1376.1809781948443,7.835937499999986
516,1378.5343270297335,4.127604166666657
517,1380.887488625941,1.4088541666666572
518,1383.2381014659552,4.148437499999986
519,1385.5877415547866,-2.6119791666666856
520,1387.9356230988735,0.4713541666666572
521,1390.2841058932147,7.127604166666657
522,1392.629259854741,5.731770833333329
523,1394.9742301983156,2.2942708333333286
524,1397.3174463552004,8.856770833333329
525,1399.660479446045,1.8151041666666572
526,1402.0009757495511,-3.2994791666666856
527,1404.3397219337714,0.6484374999999858
528,1406.679070974446,2.7005208333333286
529,1409.015887612105,6.627604166666657
530,1411.351740694853,-0.6015625
531,1413.6866308185267,0.6588541666666572
532,1416.0197760677709,-0.0807291666666714
533,1418.35196019289,8.377604166666657
534,1420.6824019212766,4.388020833333329
535,1423.0126659008947,2.7317708333333286
536,1425.3411893131893,1.0859374999999858
537,1427.667973714704,1.7421874999999858
538,1429.9945818209708,5.075520833333329
539,1432.318672480819,8.981770833333329
540,1434.6425880252157,1.5130208333333286
541,1436.9639892259745,3.523437499999986
542,1439.2859957862674,2.1380208333333286
543,1441.6047114814605,-0.5703125
544,1443.9232544115312,3.752604166666657
545,1446.240845864226,4.752604166666657
546,1448.5567084051524,4.367187499999986
547,1450.8708435764338,5.158854166666657
548,1453.184807683062,0.3567708333333286
549,1455.497046224754,-0.7369791666666714
550,1457.8083374850673,11.669270833333329
551,1460.1179056185897,4.773437499999986
552,1462.4265282700144,-3.091145833333343
553,1464.734206019806,4.596354166666657
554,1467.0401639733043,3.5755208333333286
555,1469.3436285036719,3.804687499999986
556,1471.648476294783,-0.3619791666666714
557,1473.9508324525793,3.2005208333333286
558,1476.2514736616265,-0.8203125000000142
559,1478.55194923011,0.5755208333333286
560,1480.8507116342894,-1.6223958333333428
561,1483.1477623969392,3.2630208333333286
562,1485.4438759834406,5.179687499999986
563,1487.7390529672195,-0.7682291666666714
564,1490.032521606992,3.4817708333333286
565,1492.3258274185912,0.4296874999999858
566,1494.617426659945,1.8880208333333286
567,1496.9073208457532,-0.9348958333333428
568,1499.1955114887794,5.075520833333329
569,1501.4827708427101,3.752604166666657
570,1503.7698699051386,2.3880208333333286
571,1506.0552680723179,5.450520833333329
572,1508.3389668519696,-2.414062500000014
573,1510.6225067292403,0.1796874999999858
574,1512.903579801272,-0.9869791666666714
575,1515.1837262380227,1.9609374999999858
576,1517.4629466040146,5.002604166666657
577,1519.7412414633127,-0.4869791666666714
578,1522.0178434510929,2.117187499999986
579,1524.2927540651958,0.09635416666665719
580,1526.5682767186565,-1.5703125000000142
581,1528.8405751333053,1.6796874999999858
582,1531.1119527198114,5.065104166666657
583,1533.3831764109293,3.429687499999986
584,1535.653479771775,0.9088541666666572
585,1537.9213318569384,3.617187499999986
586,1540.1882659700668,3.190104166666657
587,1542.454282668405,3.221354166666657
588,1544.7186176854627,1.5651041666666572
589,1546.9820370194939,-1.3828125000000142
590,1549.2445412258314,0.8046874999999858
591,1551.5053669631798,3.398437499999986
592,1553.7652792994438,4.835937499999986
593,1556.0235155087598,6.054687499999986
594,1558.2816030108968,1.4296874999999858
595,1560.5380161075582,7.450520833333329
596,1562.7927562740572,0.2213541666666572
597,1565.0473490800296,0.8046874999999858
598,1567.299508931409,1.2526041666666572
599,1569.550761088168,3.533854166666657
600,1571.8018672259618,2.752604166666657
601,1574.050544511929,2.398437499999986
602,1576.2975558465782,-0.8828125000000142
603,1578.5444231111983,-0.049479166666671404
604,1580.7903860315885,-1.7057291666666714
605,1583.0346855571577,4.929687499999986
606,1585.2773231497633,0.4296874999999858
607,1587.5198182413344,5.210937499999986
608,1589.760653098501,3.7317708333333286
609,1591.9998291792917,3.346354166666657
610,1594.2381060115424,1.7317708333333286
611,1596.4762419040592,5.398437499999986
612,1598.7112066332265,-0.8203125000000142
613,1600.9467892716768,6.992187499999986
614,1603.1799611141394,2.398437499999986
615,1605.4122376255682,-2.632812500000014
616,1607.6436193442958,-2.7682291666666714
617,1609.873350862231,2.523437499999986
618,1612.1029449116838,3.221354166666657
619,1614.3301350994652,0.7838541666666572
620,1616.5564338529678,-0.6223958333333428
621,1618.7825964435165,4.408854166666657
622,1621.0063591970566,-0.6223958333333428
623,1623.2292327238813,5.388020833333329
624,1625.4512175572513,0.6380208333333286
625,1627.6730677599032,0.1276041666666572
626,1629.8917700456498,1.4296874999999858
627,1632.1095864386525,-0.2994791666666856
628,1634.3272700970203,-0.1953125000000142
629,1636.543315995183,-0.9036458333333428
630,1638.757725563858,-2.3932291666666856
631,1640.9712519592479,2.283854166666657
632,1643.1846471370643,0.2838541666666572
633,1645.3949062147228,-1.1744791666666714
634,1647.6050357286647,-0.3411458333333428
635,1649.8150353075596,-1.1640625
636,1652.0226538884017,1.0963541666666572
637,1654.2293936536882,1.6380208333333286
638,1656.433755860365,-1.3307291666666856
639,1658.6387401646318,5.679687499999986
640,1660.8420981880593,2.8255208333333286
641,1663.043831347487,2.1067708333333286
642,1665.245437942886,3.617187499999986
643,1667.444673168544,6.617187499999986
644,1669.6430350248065,-7.9140625
645,1671.839776480645,-1.3098958333333428
646,1674.0371407093237,-2.4244791666666856
647,1676.231391660734,-4.361979166666686
648,1678.4247725059502,3.7005208333333286
649,1680.618776494006,0.2005208333333286
650,1682.8104180871246,-1.7473958333333428
651,1685.000445351215,5.221354166666657
652,1687.1896051676117,2.773437499999986
653,1689.3778980515885,1.7005208333333286
654,1691.5645796292015,5.138020833333329
655,1693.7503958933055,0.6901041666666572
656,1695.9353473574374,4.513020833333329
657,1698.1186905294871,-1.1015625000000142
658,1700.3011705157312,-0.00781250000001421
659,1702.482044410687,2.283854166666657
660,1704.662799854055,-3.195312500000014
661,1706.8412079854625,8.575520833333329
662,1709.0187561488963,3.096354166666657
663,1711.196187097351,4.783854166666657
664,1713.3712746079727,-0.23697916666668561
665,1715.5455042622843,2.6380208333333286
666,1717.7188765676908,7.221354166666657
667,1719.8913920312016,6.190104166666657
668,1722.0623103776884,2.242187499999986
669,1724.2316329887778,1.0651041666666572
670,1726.400101442966,8.127604166666657
671,1728.5677162446298,0.8046875
672,1730.7337382817082,0.02343749999998579
673,1732.8996475808926,-3.132812500000014
674,1735.0632266694843,6.085937499999986
675,1737.2266940251332,-0.2890625000000142
676,1739.388572371105,-0.5911458333333428
677,1741.5496012427536,-0.2994791666666714
678,1743.7090432671623,2.4505208333333286
679,1745.8668998136025,-0.7057291666666714
680,1748.0239095442068,4.835937499999986
681,1750.1800729573572,1.0130208333333286
682,1752.33612726718,1.3359374999999858
683,1754.4898628228623,-2.0494791666666714
684,1756.642017992768,-2.5494791666666856
685,1758.79406583904,1.5338541666666572
686,1760.944534868283,-4.216145833333343
687,1763.09342644014,1.7213541666666572
688,1765.2422118852319,-2.1744791666666714
689,1767.3894214371273,-1.1223958333333428
690,1769.5365252743886,-0.8411458333333428
691,1771.680586532549,2.148437499999986
692,1773.8238097986377,3.0755208333333286
693,1775.9669291142022,7.742187499999986
694,1778.1077443189777,1.3463541666666572
695,1780.249189531852,5.252604166666657
696,1782.3876000690555,6.669270833333329
697,1784.5266410210204,8.742187499999986
698,1786.663382683214,0.8255208333333286
699,1788.799290925959,3.0442708333333144
700,1790.934366236762,0.6901041666666572
701,1793.068609102751,2.377604166666657
702,1795.2005580535997,4.544270833333329
703,1797.3316766718099,5.450520833333329
704,1799.4634262611178,-1.4869791666666714
705,1801.5921549749944,1.0234374999999858
706,1803.7200553786513,5.554687499999986
707,1805.847127955445,6.377604166666657
708,1807.9733731883662,3.804687499999986
709,1810.0973335803424,1.6171874999999858
710,1812.2211974332115,2.721354166666657
711,1814.3449643784033,4.294270833333329
712,1816.4664496266178,-0.7369791666666714
713,1818.5856553552858,-4.893229166666671
714,1820.7047664653007,3.2317708333333286
715,1822.8237825881681,4.888020833333329
716,1824.940522322895,-0.5807291666666714
717,1827.0564412979597,1.2734374999999858
718,1829.1722664381039,1.0234374999999858
719,1831.2858188778434,-5.236979166666671
720,1833.3978266667261,2.585937499999986
721,1835.5090167273127,3.533854166666657
722,1837.6208401800466,0.8984374999999858
723,1839.7296706046743,-5.330729166666686
724,1841.8376852856595,1.7213541666666572
725,1843.9456091775912,3.315104166666657
726,1846.0512693092542,-3.809895833333343
727,1848.1561156758332,7.033854166666657
728,1850.2594251071673,-2.507812500000014
729,1852.3633689999517,4.148437499999986
730,1854.4643307337765,-1.8932291666666714
731,1856.5652045073457,4.783854166666657
732,1858.665267428087,-1.0182291666666714
733,1860.7630754727245,1.5859374999999858
734,1862.8607966849004,1.9505208333333286
735,1864.9562656284854,3.335937499999986
736,1867.0516486745573,0.8255208333333286
737,1869.1455031884284,3.304687499999986
738,1871.238551325845,1.9713541666666572
739,1873.3315141310106,2.679687499999986
740,1875.4222303338945,2.6067708333333286
741,1877.5107020627015,-0.6015625000000142
742,1879.5990906846928,1.5546874999999858
743,1881.6873958326275,9.898437499999986
744,1883.7741787517411,4.648437499999986
745,1885.8587218165178,6.054687499999986
746,1887.943901712581,4.908854166666657
747,1890.0268437823806,1.6796874999999858
748,1892.1089863219772,3.429687499999986
749,1894.1896119771302,1.0130208333333286
750,1896.2701571121374,2.460937499999986
751,1898.349186832543,-1.8411458333333428
752,1900.4274194115637,-1.4765625
753,1902.5041385933448,-0.09114583333334281
754,1904.5793456596302,-2.778645833333343
755,1906.6537580561126,2.179687499999986
756,1908.7266603478063,-2.2369791666666714
757,1910.799485047457,2.3880208333333286
758,1912.8715164452187,2.940104166666657
759,1914.9413248565304,-1.7994791666666714
760,1917.0110567666713,2.502604166666657
761,1919.078568239402,-1.0703125
762,1921.14600411799,-1.2265625
763,1923.2112221034392,0.3567708333333286
764,1925.277079104547,-0.8203125000000142
765,1927.3407202073547,2.929687499999986
766,1929.4035738182395,1.2005208333333286
767,1931.4649274994495,-1.6744791666666714
768,1933.5254951334773,5.085937499999986
769,1935.585277169844,1.4817708333333286
770,1937.643561984194,2.783854166666657
771,1939.7010626415147,5.033854166666657
772,1941.757779589837,6.794270833333329
773,1943.8137132768495,-0.3619791666666856
774,1945.8674421707453,3.002604166666657
775,1947.920389779869,1.2734374999999858
776,1949.9725565499666,-2.278645833333343
777,1952.0239429264368,0.9817708333333286
778,1954.0738394455072,-3.7994791666666714
779,1956.122957000317,1.5755208333333286
780,1958.171296034799,3.773437499999986
781,1960.218147892365,1.5963541666666572
782,1962.2635138238334,3.460937499999986
783,1964.3081036407102,3.377604166666657
784,1966.351209491215,2.335937499999986
785,1968.3949566970111,7.096354166666657
786,1970.4358053059998,4.617187499999986
787,1972.4772956144468,-0.05989583333334281
788,1974.5158903526562,-2.497395833333343
789,1976.5551271330337,1.0963541666666572
790,1978.5921780490723,-1.6223958333333428
791,1980.6284579790236,2.065104166666657
792,1982.6639673605102,-0.2786458333333428
793,1984.6980007479283,0.7109374999999858
794,1986.7312649950175,4.054687499999986
795,1988.7637605379505,3.5130208333333144
796,1990.7940776469723,1.5234374999999858
797,1992.8236279885937,0.2630208333333286
798,1994.8538210979857,-0.1119791666666714
799,1996.8811343909813,0.7213541666666572
800,1998.9083867689908,-2.247395833333343
801,2000.9341703618416,1.7005208333333286
802,2002.9584863987373,1.2838541666666572
803,2004.9820393300624,0.7630208333333286
804,2007.005532544807,4.606770833333329
805,2009.027560294055,3.846354166666657
806,2011.048123803183,0.9817708333333286
807,2013.0665221323811,3.190104166666657
808,2015.085564894552,2.627604166666657
809,2017.1031460275283,3.929687499999986
810,2019.1199681235807,0.1484374999999858
811,2021.1346293956003,1.8255208333333286
812,2023.1499352295325,-3.757812500000014
813,2025.1630821485796,-1.5078125
814,2027.1747724768,-0.8619791666666714
815,2029.1871075934034,4.804687499999986
816,2031.1972871791857,5.940104166666657
817,2033.2060127651696,6.096354166666657
818,2035.2139848301993,4.471354166666657
819,2037.221902802867,2.117187499999986
820,2039.226971350058,0.1796874999999858
821,2041.2319871755637,3.6067708333333286
822,2043.236949916345,-4.351562500000014
823,2045.239765337244,-1.4244791666666714
824,2047.2418308212702,-2.091145833333343
825,2049.2424493543913,1.3984374999999858
826,2051.2430164887787,4.919270833333329
827,2053.241441121812,9.283854166666657
828,2055.2391185430342,1.6901041666666572
829,2057.236745563922,5.096354166666657
830,2059.2322334257187,1.8567708333333286
831,2061.2269758520356,0.5651041666666572
832,2063.2209732604924,-0.00781250000001421
833,2065.214226068398,-3.997395833333343
834,2067.2060395996587,3.929687499999986
835,2069.1957202150857,0.3776041666666572
836,2071.186742759255,-0.7994791666666714
837,2073.174939421446,-2.070312500000014
838,2075.1617010605014,1.2734374999999858
839,2077.1491102618625,-1.5911458333333428
840,2079.1350852680584,-3.2369791666666714
841,2081.1196272679517,-1.6432291666666856
842,2083.103430472746,2.6380208333333286
843,2085.0858025290545,-0.3723958333333428
844,2087.0674371303767,-4.309895833333343
845,2089.047642437425,2.992187499999986
846,2091.0264196332587,3.523437499999986
847,2093.005845108754,1.6588541666666572
848,2094.983151814207,2.710937499999986
849,2096.9604153683745,-2.5494791666666714
850,2098.935562512775,7.471354166666657
851,2100.9099766142353,4.877604166666657
852,2102.883658080762,0.8984374999999858
853,2104.8559171229335,-0.3411458333333428
854,2106.8274448571747,-2.341145833333343
855,2108.7975520045943,1.4088541666666572
856,2110.7676185983037,2.273437499999986
857,2112.735576753847,1.5026041666666572
858,2114.702806247171,4.419270833333329
859,2116.6693074828977,-0.1536458333333428
860,2118.6343924556404,-0.4453125000000142
861,2120.5994386435636,-2.028645833333343
862,2122.5630698853274,-0.5494791666666714
863,2124.5252873474274,0.0755208333333286
864,2126.4867795871214,-0.9661458333333428
865,2128.447547006388,-1.1640625000000142
866,2130.4069031225663,3.992187499999986
867,2132.364162466974,2.221354166666657
868,2134.3220724707035,3.179687499999986
869,2136.2785736409714,2.023437499999986
870,2138.2350388794366,-0.3307291666666714
871,2140.188725353984,-3.4557291666666714
872,2142.1423772007224,0.6796874999999858
873,2144.0939387208973,1.5963541666666572
874,2146.045466408842,0.08593749999998579
875,2147.996275296343,-4.611979166666671
876,2149.9456814240034,-0.3098958333333428
877,2151.8943700488558,3.335937499999986
878,2153.8416577139974,-4.351562500000014
879,2155.7882291712344,5.335937499999986
880,2157.7334014654293,3.585937499999986
881,2159.677858843891,2.7942708333333286
882,2161.6216017006795,0.0026041666666571928
883,2163.563265234873,1.5026041666666572
884,2165.5055807307713,0.11718749999998579
885,2167.4458186927113,-2.695312500000014
886,2169.384662861363,2.179687499999986
887,2171.324159166805,2.440104166666657
888,2173.261581116272,-7.174479166666671
889,2175.1982927926656,2.429687499999986
890,2177.133613739824,0.7526041666666572
891,2179.068225693548,-1.2265625000000142
892,2181.001448695267,3.148437499999986
893,2182.934644079557,-1.0182291666666714
894,2184.865092087539,-0.018229166666671404
895,2186.796872955402,2.4817708333333286
896,2188.7259087155453,0.4296874999999858
897,2190.65491840994,-1.7369791666666714
898,2192.5832228241165,2.773437499999986
899,2194.509465128281,-1.2578125000000142
900,2196.4350039170317,4.565104166666657
901,2198.359839575715,-4.674479166666671
902,2200.283972489392,2.9505208333333286
903,2202.206725424934,1.0963541666666572
904,2204.128099508426,3.1380208333333286
905,2206.0494501123408,0.7213541666666572
906,2207.9687462483184,-1.0390625000000142
907,2209.8880196706987,2.335937499999986
908,2211.8052408705116,-1.1848958333333428
909,2213.7224401207795,-1.7890625000000142
910,2215.6382652813036,2.429687499999986
911,2217.554068762353,2.054687499999986
912,2219.4684994078398,2.5130208333333144
913,2221.380883181757,1.3776041666666572
914,2223.2925717540124,5.460937499999986
915,2225.2035655036293,4.013020833333329
916,2227.113864809343,-1.2994791666666714
917,2229.023470049626,3.783854166666657
918,2230.93103374597,3.815104166666657
919,2232.8392524791766,7.835937499999986
920,2234.7454314021097,3.221354166666657
921,2236.6502455530513,6.429687499999986
922,2238.5543689915426,1.3984375
923,2240.4584748001516,7.398437499999986
924,2242.3605452334054,4.846354166666657
925,2244.2625987872075,7.752604166666657
926,2246.163291153471,6.013020833333329
927,2248.061951703958,4.450520833333314
928,2249.960596740273,2.898437499999986
929,2251.8578834128084,4.710937499999986
930,2253.7544838268936,10.210937499999986
931,2255.6503983547937,2.3880208333333286
932,2257.545627368507,-0.3098958333333428
933,2259.43950096321,-1.8098958333333428
934,2261.3320202368413,-0.6223958333333428
935,2263.22385607865,1.3984375
936,2265.1136697570655,2.627604166666657
937,2267.00414032874,-4.361979166666671
938,2268.893259510191,6.023437499999986
939,2270.7816972212604,-2.434895833333343
940,2272.6687852453247,-1.0182291666666714
941,2274.5545246737615,0.6484374999999858
942,2276.4395847003534,5.804687499999986
943,2278.3232978291308,-0.2057291666666714
944,2280.207000393581,-2.153645833333343
945,2282.0893572743034,-0.3307291666666714
946,2283.971036700287,3.992187499999986
947,2285.8513721350478,1.5338541666666572
948,2287.7303646634455,-0.2265625000000142
949,2289.6086817919245,-3.3203125
950,2291.48632388458,0.9088541666666572
951,2293.3632913052375,-1.7682291666666714
952,2295.2382530077316,-0.7057291666666714
953,2297.1138726530257,-5.289062500000014
954,2298.986823034918,3.1380208333333286
955,2300.8597666180385,-1.4869791666666856
956,2302.7313735482526,-0.4973958333333428
957,2304.6029739254423,-1.9869791666666714
958,2306.472574575462,2.6380208333333286
959,2308.342169393899,4.960937499999986
960,2310.2097666342524,-2.4869791666666714
961,2312.0766952026797,-0.4453125000000142
962,2313.942955458233,4.419270833333329
963,2315.8078846745443,2.6171875
964,2317.672809617737,-0.9140625000000142
965,2319.535742101755,1.4505208333333144
966,2321.398008654099,-4.3515625
967,2323.2602717691625,-1.4140625000000142
968,2325.120545391538,2.9192708333333286
969,2326.9801546254544,-2.653645833333343
970,2328.8384383985076,1.4505208333333286
971,2330.6967201589523,-0.7369791666666714
972,2332.5530166850845,4.429687499999986
973,2334.4086511876862,1.4921874999999858
974,2336.2642845058926,6.523437499999986
975,2338.1185957880093,-1.2057291666666714
976,2339.970926079607,1.7942708333333144
977,2341.822596703099,2.5442708333333286
978,2343.674267555236,1.7005208333333286
979,2345.5246196644694,6.138020833333329
980,2347.3743131619526,4.867187499999986
981,2349.2226895587974,0.11718749999998579
982,2351.0704085155153,-1.9661458333333428
983,2352.91615363865,-0.00781250000001421
984,2354.7612429587534,0.1588541666666572
985,2356.606334729711,0.8255208333333286
986,2358.4501132582022,1.9609374999999858
987,2360.292579594143,3.627604166666657
988,2362.1350491941603,-0.9348958333333428
989,2363.9762077652736,6.908854166666657
990,2365.815399617171,-1.5390625000000142
991,2367.6545960092863,0.2109375
992,2369.493140317858,-1.4973958333333428
993,2371.3310328896205,2.2942708333333286
994,2373.1669624567503,1.7630208333333286
995,2375.0022419089487,-2.2369791666666856
996,2376.8368715914644,-1.8723958333333428
997,2378.67019673828,-1.3723958333333428
998,2380.5028732687783,6.002604166666657
999,2382.334901527114,2.471354166666657
1000,2384.164973024659,0.06510416666665719
1001,2385.995052047911,-1.9140625
1002,2387.82448429219,2.023437499999986
1003,2389.652616377456,4.346354166666657
1004,2391.4794493388317,3.471354166666657
1005,2393.305637471742,6.492187499999986
1006,2395.1311811175387,0.9296874999999858
1007,2396.9554278167425,1.0755208333333286
1008,2398.779031171294,2.7942708333333286
1009,2400.601991521462,-0.1640625
1010,2402.423657096829,1.0651041666666572
1011,2404.243377045574,0.6067708333333286
1012,2406.063759689406,4.138020833333329
1013,2407.882849724335,3.7630208333333286
1014,2409.6999969843205,-3.351562500000014
1015,2411.517807036311,3.1380208333333286
1016,2413.333675905249,3.627604166666657
1017,2415.14890631328,1.7942708333333286
1018,2416.962848319844,0.0755208333333286
1019,2418.7761529955883,-1.4140625000000142
1020,2420.5894704967745,1.7317708333333286
1021,2422.4008516977046,1.5442708333333286
1022,2424.2122463950323,1.7213541666666572
1023,2426.0217068309134,2.4505208333333286
1024,2427.8298836151653,2.940104166666657
1025,2429.637426445486,0.2526041666666572
1026,2431.4449841090545,-1.9765625000000142
1027,2433.2519080305606,6.856770833333329
1028,2435.0562545451044,1.1171874999999858
1029,2436.861264890778,-3.028645833333343
1030,2438.664995401262,3.773437499999986
1031,2440.4667997697006,1.2109374999999858
1032,2442.268620964471,3.960937499999986
1033,2444.069164904534,1.6171875
1034,2445.8690792394023,1.7526041666666572
1035,2447.6677178850787,-0.6223958333333428
1036,2449.4670204140334,3.2630208333333286
1037,2451.263110025961,-2.6119791666666714
1038,2453.0592184426123,2.085937499999986
1039,2454.8546998042993,-2.382812500000014
1040,2456.6495544393406,-4.403645833333343
1041,2458.4431376146,0.05468749999998579
1042,2460.2360951692103,-3.278645833333343
1043,2462.027782818997,-2.559895833333343
1044,2463.8182015650145,4.856770833333329
1045,2465.607996569618,3.190104166666657
1046,2467.3971681586963,-1.0494791666666714
1047,2469.1857166579093,-2.6432291666666714
1048,2470.972998902931,7.960937499999986
1049,2472.7590158907287,-2.778645833333343
1050,2474.5450547015926,1.2734374999999858
1051,2476.329829351567,-0.20572916666668561
1052,2478.112698240118,2.533854166666657
1053,2479.8955901462873,0.2734374999999858
1054,2481.6785047232265,3.440104166666657
1055,2483.4588739218607,-0.8515625000000142
1056,2485.239266882462,-0.4036458333333428
1057,2487.019041778327,1.5963541666666572
1058,2488.796275158288,1.5963541666666572
1059,2490.5741745220694,5.065104166666657
1060,2492.3508164171226,2.929687499999986
1061,2494.126842421604,4.867187499999986
1062,2495.900972117632,-0.8619791666666856
1063,2497.6751275978722,4.794270833333329
1064,2499.4486685907236,-2.153645833333343
1065,2501.220955711315,-3.3307291666666714
1066,2502.9919899427855,-1.7057291666666714
1067,2504.762411528758,-0.4557291666666714
1068,2506.531581746511,1.9401041666666572
1069,2508.300140396079,1.9713541666666572
1070,2510.067449195527,3.1380208333333286
1071,2511.8354242586497,2.992187499999986
1072,2513.600873789458,1.5963541666666572
1073,2515.3657139003803,-2.570312500000014
1074,2517.1299449069124,0.05468749999998579
1075,2518.893567124336,2.1796875
1076,2520.65594359015,1.7838541666666572
1077,2522.417712336304,0.4192708333333144
1078,2524.178873677084,-0.7473958333333428
1079,2525.9381546889244,1.9817708333333286
1080,2527.6974662001853,0.9401041666666572
1081,2529.454899324957,1.5026041666666572
1082,2531.2129995363402,-0.09114583333334281
1083,2532.9685871200804,-1.8828125
1084,2534.7242064531288,2.690104166666657
1085,2536.4792218857515,2.023437499999986
1086,2538.232998642498,1.6380208333333144
1087,2539.985537689555,3.1692708333333286
1088,2541.7368399919787,2.658854166666657
1089,2543.4888098122974,-2.0182291666666856
1090,2545.238909293303,2.117187499999986
1091,2546.987774048599,1.6484375
1092,2548.737306379387,3.085937499999986
1093,2550.4849710404533,-1.9973958333333428
1094,2552.2314029897334,-2.4869791666666856
1095,2553.9766031867266,-2.0703125
1096,2555.7224713235205,3.471354166666657
1097,2557.4664756289726,1.3671874999999858
1098,2559.2098826662195,-2.4869791666666856
1099,2560.952692742028,1.7109375
1100,2562.6936420733937,0.3359374999999858
1101,2564.4339959212184,2.815104166666657
1102,2566.1737545909696,-5.028645833333343
1103,2567.912918387909,1.6796874999999858
1104,2569.6508564362093,2.815104166666657
1105,2571.388831618211,-0.4973958333333428
1106,2573.1249513425064,1.3255208333333286
1107,2574.8604782745547,2.690104166666657
1108,2576.5947823987253,-3.0703125
1109,2578.328494767738,-1.4244791666666856
1110,2580.0616156844035,-1.5598958333333428
1111,2581.793515776887,-1.0807291666666714
1112,2583.525454911203,-0.9348958333333428
1113,2585.255545009802,1.9192708333333286
1114,2586.9850457228317,1.4505208333333144
1115,2588.712699717805,2.690104166666657
1116,2590.4410229911205,1.0651041666666572
1117,2592.168129392628,-4.018229166666686
1118,2593.893391689224,3.0859375
1119,2595.619951269979,0.7421875
1120,2597.3440400248724,5.679687499999986
1121,2599.0669152433225,3.7942708333333286
1122,2600.789832506445,-0.3932291666666714
1123,2602.5109101481653,0.7734374999999858
1124,2604.232657326148,-2.309895833333343
1125,2605.9525663304853,1.2942708333333144
1126,2607.671891675088,2.367187499999986
1127,2609.390007399532,0.3359374999999858
1128,2611.1075404829317,-4.466145833333343
1129,2612.8244912216096,1.2421875
1130,2614.540234290887,2.585937499999986
1131,2616.2553960314767,-0.8203125000000142
1132,2617.96872634454,2.8255208333333286
1133,2619.68272673723,-1.4973958333333428
1134,2621.3955219127556,0.1901041666666572
1135,2623.1064882376836,0.6588541666666572
1136,2624.816875976411,-3.0182291666666856
1137,2626.5266854223714,0.1796874999999858
1138,2628.2365407981324,0.7005208333333286
1139,2629.944570608741,7.544270833333329
1140,2631.651399919385,-4.632812500000014
1141,2633.3582762486835,-0.018229166666685614
1142,2635.0639530833223,6.3359375
1143,2636.7678084693225,7.575520833333329
1144,2638.472957291942,-0.8515625000000142
1145,2640.1756632120205,-2.0182291666666856
1146,2641.877172903152,-0.4869791666666856
1147,2643.5793533960828,-1.3203125
1148,2645.2797164126905,-0.3515625000000142
1149,2646.9795067360856,5.992187499999986
1150,2648.6781032466547,-1.7473958333333428
1151,2650.3767492604807,-1.7786458333333428
1152,2652.0735814668433,3.408854166666657
1153,2653.769842971519,-0.1328125000000142
1154,2655.4661546355424,-2.3619791666666856
1155,2657.160655027105,-6.486979166666686
1156,2658.8539658409413,-3.372395833333343
1157,2660.547327884683,3.4505208333333286
1158,2662.2401210805047,0.3671874999999858
1159,2663.93048712024,-0.3723958333333428
1160,2665.6215247801883,1.4296875
1161,2667.3113757509354,4.450520833333329
1162,2669.000040941194,0.3463541666666572
1163,2670.6881399595472,-0.2890625000000142
1164,2672.3750545971448,0.2005208333333286
1165,2674.06140404651,-0.2161458333333428
1166,2675.747188591643,4.533854166666657
1167,2677.431790644026,3.721354166666657
1168,2679.115828773304,-5.528645833333343
1169,2680.798685803726,0.9401041666666572
1170,2682.480979890223,-1.4869791666666714
1171,2684.1620942692375,-1.0286458333333428
1172,2685.842646681564,-1.2682291666666856
1173,2687.522020775278,-3.2682291666666714
1174,2689.2008338776,0.6380208333333286
1175,2690.8797024914,-0.5807291666666714
1176,2692.55677823207,-1.7369791666666856
1177,2694.2332942352773,5.054687499999986
1178,2695.9086351761257,5.023437499999986
1179,2697.5834173503627,0.7213541666666572
1180,2699.2576410374822,-1.5078125000000142
1181,2700.9306915272446,-2.9453125
1182,2702.6031844982363,-1.3828125000000142
1183,2704.2745056491995,-1.0703125000000142
1184,2705.944655872494,-2.7890625
1185,2707.614250230398,1.4401041666666572
1186,2709.2839029668835,1.1796875
1187,2710.951158697379,-1.7786458333333428
1188,2712.619700885471,-0.9973958333333428
1189,2714.285847846285,2.971354166666657
1190,2715.9514411426794,-3.5078125
1191,2717.6158681038232,-4.205729166666686
1192,2719.279742359351,-4.382812500000014
1193,2720.9436767243337,-0.6744791666666714
1194,2722.6052215178347,0.4921875
1195,2724.2680516439013,-0.8723958333333428
1196,2725.927882036808,-7.924479166666686
1197,2727.5883857711,2.1380208333333286
1198,2729.2471158046374,3.127604166666657
1199,2730.9052962713613,2.367187499999986
1200,2732.563538564007,-2.8203125
1201,2734.2200095964963,1.8255208333333286
1202,2735.875932285464,4.346354166666657
1203,2737.530696390138,-0.4557291666666856
1204,2739.184913099534,-1.9869791666666714
1205,2740.838582685225,1.0130208333333144
1206,2742.4904856034027,2.752604166666657
1207,2744.1430621589634,2.148437499999986
1208,2745.793873395123,0.5546874999999858
1209,2747.4447487006532,4.210937499999986
1210,2749.093860435687,1.4713541666666572
1211,2750.741818977787,-0.5078125
1212,2752.3898425996467,0.8463541666666572
1213,2754.036713968802,3.617187499999986
1214,2755.6824339562604,0.6171874999999858
1215,2757.328219629039,2.929687499999986
1216,2758.973462755965,-2.0182291666666856
1217,2760.6169482098608,1.3151041666666572
1218,2762.2592849571884,-3.216145833333343
1219,2763.9010811628855,6.492187499999986
1220,2765.5429441917354,-1.7369791666666856
1221,2767.1830530164984,-3.9244791666666856
1222,2768.8226224988543,0.013020833333314386
1223,2770.4616529047985,2.2942708333333144
1224,2772.1001445001534,9.179687499999986
1225,2773.7368853491857,3.2317708333333286
1226,2775.3730887151173,0.0755208333333286
1227,2777.0093605654465,0.8880208333333144
1228,2778.6444895603086,-0.2578125
1229,2780.2778712552245,3.127604166666657
1230,2781.9113224259804,4.429687499999986
1231,2783.5442378323373,-4.2578125
1232,2785.1754083177284,6.7109375
1233,2786.806044358394,-2.0494791666666856
1234,2788.4367505309133,1.0234375
1235,2790.0657141558504,-3.3619791666666856
1236,2791.6941445190696,2.8880208333333144
1237,2793.3214381616685,1.9505208333333144
1238,2794.9488029842737,1.0026041666666572
1239,2796.574428678364,0.8359375
1240,2798.19952294601,2.0130208333333144
1241,2799.824688979279,-1.5598958333333428
1242,2801.4481182439936,0.9817708333333286
1243,2803.0710172572703,7.638020833333314
1244,2804.6927839378955,4.575520833333314
1245,2806.3146234240257,-3.8932291666666856
1246,2807.934127593693,2.283854166666657
1247,2809.553705479652,-0.2265625
1248,2811.172755196017,2.5442708333333286
1249,2812.7906756417533,2.596354166666657
1250,2814.4086699897716,4.856770833333329
1251,2816.0249350075715,-4.622395833333343
1252,2817.640673671042,2.1380208333333144
1253,2819.255285660953,-4.111979166666686
1254,2820.869972582341,-1.1953125
1255,2822.4829335490213,-3.1953125
1256,2824.0959699599275,3.6067708333333144
1257,2825.7078818950713,-0.8098958333333428
1258,2827.3186701953455,1.5130208333333286
1259,2828.928935106271,2.1692708333333286
1260,2830.538077672035,4.794270833333329
1261,2832.14669774756,-2.9765625
1262,2833.7535979433405,-1.1536458333333428
1263,2835.3611741902614,1.9921874999999858
1264,2836.9682287095775,-1.2994791666666856
1265,2838.5735652765807,-3.153645833333343
1266,2840.1783813997117,-1.6223958333333428
1267,2841.782079480357,-0.5286458333333428
1268,2843.3846603524084,0.3463541666666572
1269,2844.987319778013,-2.559895833333343
1270,2846.5894601577106,0.5755208333333286
1271,2848.189887588155,0.8880208333333144
1272,2849.790394134253,5.1796875
1273,2851.3891893933837,0.2213541666666572
1274,2852.987467771783,-0.1328125000000142
1275,2854.5846332141286,2.835937499999986
1276,2856.1812826621476,-1.2265625
1277,2857.778012286623,-1.0078125
1278,2859.373630303421,0.7734375
1279,2860.9675420035255,1.6067708333333144
1280,2862.5615348211563,1.5130208333333144
1281,2864.1538229733414,-2.1953125
1282,2865.7461927405084,5.054687499999986
1283,2867.337454259011,-0.7682291666666856
1284,2868.929392081802,1.0859375
1285,2870.5184389977708,-1.3307291666666714
1286,2872.107568520107,-2.497395833333343
1287,2873.69618631964,-2.9453125
1288,2875.2831050213204,-0.018229166666671404
1289,2876.8695132585763,5.575520833333314
1290,2878.4554112776664,3.283854166666657
1291,2880.0413925631124,0.013020833333314386
1292,2881.625677645613,-0.11197916666668561
1293,2883.209453629061,-5.361979166666686
1294,2884.7921280920677,4.252604166666657
1295,2886.3737018507313,6.783854166666657
1296,2887.955360293059,-1.3828125
1297,2889.536510996837,-1.0390625000000142
1298,2891.1165623002853,-1.6640625
1299,2892.6955150172903,2.7630208333333144
1300,2894.2733699608175,6.429687499999986
1301,2895.850719280258,-1.1119791666666856
1302,2897.426972070722,5.242187499999986
1303,2899.0027201015923,0.8567708333333144
1304,2900.5779636152884,-0.9973958333333428
1305,2902.1532934343722,-7.7265625
1306,2903.726938060045,-1.8932291666666856
1307,2905.299489070225,2.0859375
1308,2906.8715372864003,-0.9661458333333428
1309,2908.4424931243807,1.0442708333333144
1310,2910.0129470273523,-5.341145833333343
1311,2911.5834886843318,-0.7890625
1312,2913.1529392504303,-3.216145833333343
1313,2914.720710458505,2.5442708333333144
1314,2916.2879814448534,-1.2578125
1315,2917.8547524488417,-0.1953125000000142
1316,2919.4204352010215,0.8151041666666572
1317,2920.9856188243834,2.7630208333333144
1318,2922.5497154239365,-5.0703125
1319,2924.1144896390665,-2.466145833333343
1320,2925.6770017893728,0.3567708333333144
1321,2927.239016513184,3.4505208333333286
1322,2928.800534047998,2.002604166666657
1323,2930.3609674331647,-2.372395833333343
1324,2931.9209044774634,4.158854166666657
1325,2933.4809322422384,2.3567708333333144
1326,2935.0392904904134,0.23177083333331439
1327,2936.5965670289706,6.502604166666657
1328,2938.153348918198,3.8255208333333144
1329,2939.7090503144773,6.6796875
1330,2941.2642579046606,-2.434895833333343
1331,2942.8189719238285,0.4713541666666572
1332,2944.3726070853595,4.8359375
1333,2945.926334852879,2.690104166666657
1334,2947.478984603423,1.2109374999999858
1335,2949.0299721631504,3.8567708333333286
1336,2950.58046843712,-0.1848958333333428
1337,2952.130473658724,0.7005208333333144
1338,2953.6805724704745,-4.0078125
1339,2955.2284276533246,-4.7578125
1340,2956.7763772621433,0.9088541666666572
1341,2958.323253265422,2.2317708333333144
1342,2959.8696401196144,-0.7057291666666714
1343,2961.4155380566995,2.679687499999986
1344,2962.9597807058917,1.1276041666666572
1345,2964.503535638609,1.6380208333333144
1346,2966.046220152785,-0.9244791666666856
1347,2967.5901660275213,-1.0703125
1348,2969.1318764473504,0.2630208333333144
1349,2970.6731004416333,-0.6223958333333428
1350,2972.212673845256,4.627604166666657
1351,2973.7523440319205,1.7526041666666572
1352,2975.2921106806066,-2.7994791666666856
1353,2976.829065233985,2.346354166666657
1354,2978.3666989053495,3.648437499999986
1355,2979.9038482622204,2.3046875
1356,2981.4381891405383,0.06510416666665719
1357,2982.974371286465,-2.757812500000014
1358,2984.507746872846,-6.903645833333343
1359,2986.041801620275,0.02343749999998579
1360,2987.574213190213,5.919270833333329
1361,2989.1073036457783,-2.8307291666666714
1362,2990.638752108089,-2.6744791666666856
1363,2992.1685598974027,-1.2473958333333428
1364,2993.6978876101653,-0.8098958333333428
1365,2995.2278943865235,1.3671875
1366,2996.7562622603405,3.4296875
1367,2998.2841507351955,1.3567708333333286
1368,2999.8115600366077,-1.2161458333333428
1369,3001.3361754675684,-0.0807291666666714
1370,3002.861470725067,-1.3828125000000142
1371,3004.38744494594,-2.872395833333343
1372,3005.9094717712555,-0.3932291666666714
1373,3007.433334745139,-1.1848958333333428
1374,3008.9555649681392,0.2526041666666572
1375,3010.4784743273503,2.085937499999986
1376,3011.9997521064415,-0.4244791666666714
1377,3013.5193996125167,1.9296874999999858
1378,3015.0385723570976,-2.7682291666666856
1379,3016.5572705626346,-2.4557291666666714
1380,3018.0754944514388,3.867187499999986
1381,3019.59324424568,-1.2369791666666856
1382,3021.1093674020144,2.7317708333333286
1383,3022.6250176271055,0.1067708333333286
1384,3024.1401951422063,-2.9765625
1385,3025.653748480949,-0.7994791666666714
1386,3027.1679815983225,-4.9453125
1387,3028.680591698652,3.221354166666657
1388,3030.192730689614,-5.539062500000014
1389,3031.704398791268,0.9296875
1390,3033.214446328292,-1.1536458333333428
1391,3034.725173668905,-0.8723958333333428
1392,3036.2342815996067,-2.997395833333343
1393,3037.741771411926,4.252604166666657
1394,3039.2510897929155,0.7421874999999858
1395,3040.7576423845885,4.106770833333314
1396,3042.263727050231,1.5755208333333144
1397,3043.76934400781,1.4921875
1398,3045.2744934751586,-3.6015625
1399,3046.778028986432,2.1067708333333144
1400,3048.2810981542743,5.179687499999986
1401,3049.7837011956144,6.002604166666657
1402,3051.2869839443915,2.7630208333333144
1403,3052.787509765846,-3.622395833333343
1404,3054.288715727926,-1.4661458333333428
1405,3055.787167324626,0.2942708333333144
1406,3057.286299493616,-1.3307291666666856
1407,3058.7838236987673,6.523437499999986
1408,3060.2820281985387,-0.9765625
1409,3061.779769009628,-4.122395833333343
1410,3063.274760780816,2.2734375
1411,3064.770433137124,-2.1328125
1412,3066.265643156222,-0.1328125
1413,3067.7592493281686,3.6171875
1414,3069.2512529247356,1.9401041666666572
1415,3070.745078275596,-0.1015625
1416,3072.237301478116,-0.05989583333334281
1417,3073.7279238022,-0.3828125
1418,3075.218086479953,2.377604166666657
1419,3076.7077897239474,0.2630208333333144
1420,3078.197033746622,2.304687499999986
1421,3079.685818760285,-1.0390625
1422,3081.1730064177723,-1.9661458333333428
1423,3082.6597361917807,1.8255208333333286
1424,3084.1448704350028,1.5651041666666572
1425,3085.6306854264117,-0.7473958333333428
1426,3087.1149060093067,4.8984375
1427,3088.598670252982,-2.559895833333343
1428,3090.080841907869,-2.3619791666666856
1429,3091.5636944535386,1.3151041666666572
1430,3093.046091290721,1.5130208333333144
1431,3094.528032629455,9.158854166666657
1432,3096.0072485511846,2.5755208333333286
1433,3097.4871455039083,0.5859375
1434,3098.965453915847,-0.7057291666666856
1435,3100.4444430801964,2.2942708333333144
1436,3101.9218448172333,1.2109375
1437,3103.398793703317,1.7317708333333144
1438,3104.874156968755,0.3151041666666572
1439,3106.3490684934927,-1.3723958333333428
1440,3107.823528484977,-2.341145833333343
1441,3109.2975371505268,3.565104166666657
1442,3110.769963105758,-0.17447916666668561
1443,3112.2430700871287,5.5546875
1444,3113.7157263636004,-1.9036458333333428
1445,3115.186801588396,0.5546875
1446,3116.656297004706,4.283854166666657
1447,3118.12647358066,-2.6432291666666856
1448,3119.5950714502715,1.6692708333333144
1449,3121.06435020058,-0.5286458333333428
1450,3122.5309225168317,2.3567708333333286
1451,3123.9970476395747,1.4921875
1452,3125.4638539138377,-0.6432291666666856
1453,3126.9290849191,1.1796875
1454,3128.3938693441632,2.877604166666657
1455,3129.857080283771,-4.6640625
1456,3131.3198457378535,-2.3307291666666856
1457,3132.7821659098263,-1.4140625
1458,3134.246293163656,-0.0703125
1459,3135.706596958293,-3.5703125
1460,3137.166456765385,1.5755208333333286
1461,3138.625872787383,1.9088541666666572
1462,3140.0848452266164,-1.9557291666666856
1463,3141.544498654811,2.7630208333333286
1464,3143.0014601654952,0.8984374999999858
1465,3144.4579793824837,-3.716145833333343
1466,3145.9140565071466,2.127604166666657
1467,3147.369691740733,-5.5078125
1468,3148.8248852843717,-0.6536458333333428
1469,3150.2785150153427,-3.8515625
1470,3151.73058215501,-1.1015625
1471,3153.1844528551524,-3.3828125
1472,3154.6378826681735,3.1796875
1473,3156.088629866829,-1.4973958333333428
1474,3157.537817312452,1.6067708333333144
1475,3158.9888070793745,3.8567708333333144
1476,3160.437117544948,-0.1015625
1477,3161.887229373963,-2.5703125
1478,3163.3346636553065,-3.4140625
1479,3164.7816604809163,-1.3828125000000142
1480,3166.2271014557505,2.2734375
1481,3167.6732243025776,-3.122395833333343
1482,3169.117792370164,3.8359375
1483,3170.563042029788,2.929687499999986
1484,3172.0056207373564,-1.4348958333333428
1485,3173.449998337732,1.5546875
1486,3174.8917067289826,2.835937499999986
1487,3176.3329805938997,-3.372395833333343
1488,3177.7738201289017,1.2734375
1489,3179.213109969817,1.1276041666666572
1490,3180.6530817698163,-2.2578125
1491,3182.0926198282928,-0.3619791666666856
1492,3183.5306097881503,-1.2265625
1493,3184.968167069184,-2.403645833333343
1494,3186.4041779838662,-1.6848958333333428
1495,3187.8408708279294,0.03385416666665719
1496,3189.2749051519118,-1.6848958333333428
1497,3190.709621794292,-3.747395833333343
1498,3192.1439074013942,3.408854166666657
1499,3193.577762167433,-5.809895833333343
1500,3195.0100744098386,0.6796875
1501,3196.4419568667413,1.7526041666666572
1502,3197.872298521698,-1.7057291666666856
1503,3199.3033223210364,0.13802083333331439
1504,3200.7339169146217,-4.0390625
1505,3202.16297228488,1.3984375
1506,3203.591599500868,-2.0703125
1507,3205.018689209126,-4.643229166666686
1508,3206.4453518121186,-2.684895833333343
1509,3207.871587501559,1.2421875
1510,3209.296287918623,-0.6848958333333428
1511,3210.7216706872227,0.3671875
1512,3212.1466271165627,-2.4765625
1513,3213.5711573978947,0.2526041666666572
1514,3214.9930472717465,-2.4244791666666856
1515,3216.415619597678,2.6796875
1516,3217.8366604454814,7.356770833333329
1517,3219.257277230496,-4.622395833333343
1518,3220.678576046621,-2.2682291666666856
1519,3222.0972393712145,1.0338541666666572
1520,3223.516585106165,7.888020833333314
1521,3224.9344026217054,-2.5494791666666856
1522,3226.3517976809435,0.3984375
1523,3227.768770472665,-0.8723958333333428
1524,3229.1853211855446,-4.528645833333343
1525,3230.5992428089694,0.8463541666666572
1526,3232.014950586956,-3.0494791666666856
1527,3233.429133908259,0.5130208333333286
1528,3234.8428965603753,-1.6536458333333428
1529,3236.2551364438073,3.971354166666657
1530,3237.666956688571,-0.8619791666666856
1531,3239.0783574816796,0.1171875
1532,3240.4893390100337,-0.09114583333334281
1533,3241.899901460422,1.0234375
1534,3243.3089443682065,-2.4140625
1535,3244.7175692245874,-2.8828125
1536,3246.125776215586,-0.3828125
1537,3247.532465854694,-2.934895833333343
1538,3248.938738652065,-0.09114583333334281
1539,3250.344594792954,3.210937499999986
1540,3251.750034462507,9.5234375
1541,3253.15615621569,-3.8932291666666856
1542,3254.55966512764,1.2942708333333144
1543,3255.961661053099,-5.2890625
1544,3257.3643399411776,4.210937499999986
1545,3258.7655068600984,-1.4348958333333428
1546,3260.1684532069803,0.5338541666666572
1547,3261.568791530406,1.2526041666666572
1548,3262.9687161555707,-2.1015625
1549,3264.3671314908506,-3.2369791666666856
1550,3265.7662295928862,-0.09114583333334281
1551,3267.1638194179777,-3.341145833333343
1552,3268.560996923591,1.4088541666666572
1553,3269.9566678097835,-2.5494791666666856
1554,3271.353021546429,4.846354166666657
1555,3272.7489635104453,-1.5390625
1556,3274.143400369215,-2.059895833333343
1557,3275.5374264639267,-4.403645833333343
1558,3276.931041976054,-0.5598958333333428
1559,3278.323154537839,-0.2578125
1560,3279.715949750458,1.2421874999999858
1561,3281.106151111524,0.8567708333333144
1562,3282.495943899227,-2.3203125
1563,3283.88641955846,-2.6015625
1564,3285.275395419,-3.3203125
1565,3286.66396324627,-2.6119791666666856
1566,3288.052123220042,-2.1953125
1567,3289.4387855367313,-3.903645833333343
1568,3290.8239513352482,0.7734374999999858
1569,3292.2119791296213,-1.7578125
1570,3293.597421100456,3.283854166666657
1571,3294.9813680488046,0.6171875
1572,3296.364909496541,-0.6432291666666856
1573,3297.74804562186,-1.9140625
1574,3299.13186435132,3.1171875
1575,3300.5131026174904,-1.6328125
1576,3301.8939367319053,3.158854166666657
1577,3303.274366871923,-5.872395833333343
1578,3304.654393214795,0.9401041666666572
1579,3306.034015937673,3.7005208333333144
1580,3307.411063535813,0.013020833333314386
1581,3308.788794660853,-1.8307291666666856
1582,3310.168293744058,2.783854166666657
1583,3311.5441346119005,-1.4453125
1584,3312.919574010849,1.1796875
1585,3314.2946121165996,0.9609375
1586,3315.669249104745,-4.330729166666686
1587,3317.0434851507794,-1.2578125
1588,3318.4173204300905,-3.872395833333343
1589,3319.789672125373,0.5963541666666572
1590,3321.1616240355884,1.2109375
1591,3322.533176335407,-2.5078125
1592,3323.904329199394,0.6796875
1593,3325.272919338173,3.690104166666657
1594,3326.6421930662527,3.0234375
1595,3328.0110685106292,0.9401041666666572
1596,3329.380626633505,-1.7786458333333428
1597,3330.747625243173,3.2109375
1598,3332.114226718211,-0.4973958333333428
1599,3333.4804312316564,1.2317708333333144
1600,3334.8451594232074,3.565104166666657
1601,3336.210570845635,-0.028645833333342807
1602,3337.5745069181403,0.6692708333333144
1603,3338.938047346186,0.5755208333333144
1604,3340.3011923018953,6.263020833333314
1605,3341.6628639887695,1.1171875
1606,3343.0241411720785,3.4609375
1607,3344.3850240232423,2.3984375
1608,3345.7444356812584,-0.7890625
1609,3347.1045306938704,-2.4453125
1610,3348.4642318878605,-1.9244791666666856
1611,3349.8224633369177,-0.2265625
1612,3351.179226145644,-3.5807291666666856
1613,3352.536672368261,-1.2057291666666856
1614,3353.8926509129556,-0.7161458333333428
1615,3355.249312589875,3.471354166666657
1616,3356.6045075503444,2.1692708333333144
1617,3357.9582368953124,-3.3307291666666856
1618,3359.3126495709275,-1.9140625
1619,3360.664523976314,2.7630208333333144
1620,3362.017082050294,5.158854166666657
1621,3363.3681770438293,-3.622395833333343
1622,3364.7188827387545,-4.611979166666686
1623,3366.069199303302,-2.3932291666666856
1624,3367.420198973138,-4.2578125
1625,3368.7697374724935,-0.5390625
1626,3370.1188873457186,-0.4869791666666856
1627,3371.4665776189613,-1.3932291666666856
1628,3372.812809384273,-4.2890625
1629,3374.1607953104253,-2.184895833333343
1630,3375.5062528450176,0.3984375
1631,3376.8513238221444,7.502604166666657
1632,3378.197078011631,-1.2057291666666856
1633,3379.54030677018,6.533854166666657
1634,3380.883150084685,-0.3515625
1635,3382.2266768035934,2.6692708333333286
1636,3383.567681045004,0.6067708333333144
1637,3384.909369022297,2.6692708333333144
1638,3386.2517399818116,-1.2994791666666856
1639,3387.590523341753,1.3151041666666572
1640,3388.9310577782385,-3.5182291666666856
1641,3390.2690742380623,0.2942708333333144
1642,3391.607774340872,3.940104166666657
1643,3392.9460910997877,-0.049479166666685614
1644,3394.282958749409,-0.6328125
1645,3395.6194439943206,-1.7682291666666856
1646,3396.9544816779326,-4.184895833333343
1647,3398.2902029101174,-2.539062500000014
1648,3399.6244775175655,1.7526041666666572
1649,3400.958370984306,1.4817708333333144
1650,3402.2908193697103,0.9713541666666572
1651,3403.622887548361,-0.4348958333333428
1652,3404.9556391797873,4.054687499999986
1653,3406.2880103228385,-2.528645833333343
1654,3407.6178753606814,4.783854166666657
1655,3408.9484240354104,1.6067708333333286
1656,3410.276468747551,-3.1744791666666856
1657,3411.6062594022137,4.263020833333329
1658,3412.9346093079093,7.3359375
1659,3414.2615195337094,-0.3203125
1660,3415.588052222392,1.0026041666666572
1661,3416.9142075350615,1.0130208333333286
1662,3418.2399856327297,1.2421875
1663,3419.56538667632,1.1067708333333144
1664,3420.888291088966,-2.2369791666666856
1665,3422.2129391094372,0.3984375
1666,3423.5361512910945,-0.7057291666666856
1667,3424.858987663075,3.096354166666657
1668,3426.179331054391,3.1692708333333144
1669,3427.5003585229756,1.0026041666666572
1670,3428.82206932736,-1.3411458333333428
1671,3430.142347196645,-3.4244791666666856
1672,3431.4611931903773,1.9401041666666572
1673,3432.7807226978384,3.721354166666657
1674,3434.097764381201,3.315104166666657
1675,3435.4144333287413,0.3046875
1676,3436.731785966715,0.9817708333333144
1677,3438.047709618322,6.252604166666657
1678,3439.363261008595,3.6380208333333144
1679,3440.678440295475,0.9713541666666572
1680,3441.993247636812,1.7838541666666572
1681,3443.305573639792,1.7213541666666572
1682,3444.618583682181,1.1901041666666572
1683,3445.9312228476947,-4.4765625
1684,3447.243491293448,0.5963541666666572
1685,3448.554335591889,0.4713541666666572
1686,3449.8648100792016,-0.8411458333333428
1687,3451.1749149118577,5.398437499999986
1688,3452.4846502462433,0.8880208333333144
1689,3453.791911444972,-1.5911458333333428
1690,3455.1009088450364,0.7838541666666572
1691,3456.407433607159,4.513020833333329
1692,3457.7135906803023,2.533854166666657
1693,3459.021482644022,-7.747395833333343
1694,3460.3269042132333,0.2421875
1695,3461.630907938316,3.4296875
1696,3462.935595511122,3.252604166666657
1697,3464.238866140054,0.8359375
1698,3465.5428203353335,0.6692708333333144
1699,3466.8443090459086,2.7630208333333144
1700,3468.146481631337,-0.4036458333333428
1701,3469.44723965952,-5.3515625
1702,3470.7476327243676,0.4192708333333144
1703,3472.0476609794578,0.4713541666666572
1704,3473.346276609356,-0.4557291666666856
1705,3474.644528323944,0.8567708333333144
1706,3475.9424162761734,2.1380208333333144
1707,3477.2409877072378,-3.7057291666666856
1708,3478.537101504924,1.5859375
1709,3479.833899086919,0.10677083333331439
1710,3481.129287308416,0.1796874999999858
1711,3482.4243131166177,-1.2578125
1712,3483.7200222874344,-2.9140625
1713,3485.0132781013153,1.5755208333333144
1714,3486.3061725423586,-0.8828125
1715,3487.598705762009,-1.1432291666666856
1716,3488.88983345584,-0.1328125
1717,3490.1816449784133,-5.153645833333343
1718,3491.4720518605714,0.03385416666665719
1719,3492.7620987088458,2.565104166666657
1720,3494.0507423832632,-0.4973958333333428
1721,3495.3411129062883,1.9401041666666572
1722,3496.629037847736,3.127604166666657
1723,3497.915561520164,-1.7369791666666856
1724,3499.2027692009337,-2.122395833333343
1725,3500.4896183309042,1.2005208333333144
1726,3501.7750675119096,1.5963541666666572
1727,3503.06015902142,-2.9869791666666856
1728,3504.3448930086943,1.3463541666666572
1729,3505.629269622912,2.221354166666657
1730,3506.9122486233987,3.158854166666657
1731,3508.1938310263745,-2.559895833333343
1732,3509.4760974712194,2.502604166666657
1733,3510.7580077164157,-0.6223958333333428
1734,3512.038522675684,-3.4869791666666856
1735,3513.3186823089663,-1.1953125
1736,3514.5984867641423,-3.5078125
1737,3515.877936189005,0.4713541666666572
1738,3517.1559926490468,0.6588541666666572
1739,3518.433694949635,-3.2369791666666856
1740,3519.712080745016,3.4817708333333144
1741,3520.9880376611272,-5.5390625
1742,3522.2636414335607,-2.3307291666666856
1743,3523.538892208904,2.9192708333333144
1744,3524.8137901336645,-0.4869791666666856
1745,3526.0883353542667,-0.1848958333333428
1746,3527.360456445156,-6.966145833333343
1747,3528.634297269305,1.4609375
1748,3529.907785827851,-1.0911458333333428
1749,3531.1788524120752,2.377604166666657
1750,3532.450602808174,-1.9869791666666856
1751,3533.7199332356977,-0.028645833333342807
1752,3534.9899477654776,0.4505208333333144
1753,3536.2585781147527,3.1692708333333144
1754,3537.527892285545,0.4401041666666572
1755,3538.7958231355856,-2.2890625
1756,3540.0634045952875,-0.6640625
1757,3541.330636809047,1.5859375
1758,3542.59751992118,0.1484375
1759,3543.861989919433,-1.2994791666666856
1760,3545.1271440350247,-3.028645833333343
1761,3546.3909185384823,0.20052083333331439
1762,3547.6564081056385,0.6901041666666572
1763,3548.9194874045456,-0.8307291666666856
1764,3550.1822195995696,3.0234375
1765,3551.443574456673,0.9505208333333144
1766,3552.7045830618217,0.8567708333333144
1767,3553.9673051804525,0.8046875
1768,3555.2276211440817,-0.6223958333333428
1769,3556.486562037161,2.1067708333333144
1770,3557.7461867768798,0.2526041666666572
1771,3559.004437294867,-6.7265625
1772,3560.2623429791934,2.502604166666657
1773,3561.5188758531717,2.221354166666657
1774,3562.776092576979,3.252604166666657
1775,3564.0319373365523,-3.684895833333343
1776,3565.2884656657047,-2.5182291666666856
1777,3566.542595882828,2.440104166666657
1778,3567.7974099516127,-1.1953125
1779,3569.050854307224,-2.6744791666666856
1780,3570.3039560833045,1.0338541666666572
1781,3571.556715420279,1.2317708333333144
1782,3572.809132458498,4.6484375
1783,3574.0601820278453,-3.184895833333343
1784,3575.3108901387895,-0.3515625
1785,3576.5602321800266,-1.3098958333333428
1786,3577.8102580730165,-0.1015625
1787,3579.0589187343585,-0.7265625
1788,3580.3072390543402,1.1588541666666572
1789,3581.554195537798,-6.2265625
1790,3582.8028592266605,0.2526041666666572
1791,3584.0491362804487,1.0130208333333144
1792,3585.294051307719,1.9817708333333144
1793,3586.5396503220118,-0.7786458333333428
1794,3587.7849103849235,-5.424479166666686
1795,3589.0298316347894,-0.6848958333333428
1796,3590.272370837845,7.554687499999986
1797,3591.5166154320946,-2.153645833333343
1798,3592.758479366013,2.877604166666657
1799,3594.0000061489764,0.7630208333333144
1800,3595.241195918264,2.9609375
1801,3596.4820488110836,1.7317708333333144
1802,3597.721544941565,0.6067708333333144
1803,3598.9617247695173,-2.059895833333343
1804,3600.2005486622284,-2.5182291666666856
1805,3601.439036779267,-0.7890625
1806,3602.676170339564,-3.9453125
1807,3603.913987590751,1.5755208333333144
1808,3605.149432743696,-2.6953125
1809,3606.386579949831,2.1796875
1810,3607.622374247093,1.2317708333333144
1811,3608.856816597817,3.1796875
1812,3610.09092522751,-0.5494791666666856
1813,3611.3236832818393,2.783854166666657
1814,3612.557125150166,0.3463541666666572
1815,3613.7892172627644,2.002604166666657
1816,3615.0209767440306,-5.6328125
1817,3616.2524037286503,0.1171875
1818,3617.483498351233,-6.216145833333343
1819,3618.714260746318,-0.1953125
1820,3619.94266090881,4.721354166666657
1821,3621.171745003619,0.5755208333333144
1822,3622.3994832981116,-1.1640625
1823,3623.6289194952237,2.0546875
1824,3624.8559961834453,-0.4765625
1825,3626.0827425420043,-2.403645833333343
1826,3627.30814527349,4.1171875
1827,3628.533218487204,-3.8203125
1828,3629.757962316042,-1.3307291666666856
1829,3630.982376892828,0.06510416666665719
1830,3632.205450008647,2.6067708333333144
1831,3633.4302188211873,-1.0078125
1832,3634.652634640393,-3.2682291666666856
1833,3635.87371075532,-1.9036458333333428
1834,3637.095470622151,1.3463541666666572
1835,3638.3158915914814,3.1067708333333144
1836,3639.535985321249,-1.2369791666666856
1837,3640.7557519430534,-2.4557291666666856
1838,3641.9751915884244,-3.841145833333343
1839,3643.193294488609,-4.9453125
1840,3644.4110712162383,-2.559895833333343
1841,3645.628521902304,0.4921875
1842,3646.8456466777284,0.7421875
1843,3648.061436853891,-1.4453125
1844,3649.2769019207603,-1.2057291666666856
1845,3650.493050288813,-0.9453125
1846,3651.706857248099,-0.4348958333333428
1847,3652.920340027773,-4.4765625
1848,3654.1334987576865,1.2213541666666572
1849,3655.3463335676247,1.6901041666666572
1850,3656.558844587304,-0.05989583333334281
1851,3657.7710319463695,0.8151041666666572
1852,3658.980882979757,-0.6223958333333428
1853,3660.191417814259,1.4609375
1854,3661.400624052017,-3.7369791666666856
1855,3662.610513812404,0.3359375
1856,3663.819075769867,0.6171875
1857,3665.0263108563504,1.4713541666666572
1858,3666.234229583443,-0.5911458333333428
1859,3667.4418267541714,0.4609375
1860,3668.6480982413404,0.6484375
1861,3669.8540489631223,2.221354166666657
1862,3671.0586753255952,1.7005208333333144
1863,3672.2639851671347,2.658854166666657
1864,3673.4679714382128,-2.2994791666666856
1865,3674.671637988084,-2.0390625
1866,3675.8739822879734,0.2734375
1867,3677.077010043544,2.2630208333333144
1868,3678.2787163355088,3.2317708333333144
1869,3679.480103946797,-1.2369791666666856
1870,3680.6801714112016,1.7421875
1871,3681.8799209791896,-1.7161458333333428
1872,3683.079352777059,1.2421875
1873,3684.2794677284064,2.0859375
1874,3685.477263567306,1.7421875
1875,3686.6757428119467,3.7005208333333144
1876,3687.872904788058,3.3984375
1877,3689.0687504149564,-0.0078125
1878,3690.2662790343516,1.8776041666666572
1879,3691.4614923455124,0.9505208333333144
1880,3692.6553910043467,7.440104166666657
1881,3693.8499732925884,-0.20572916666668561
1882,3695.0442401248984,1.8567708333333144
1883,3696.237193470689,1.6380208333333144
1884,3697.4288342446666,-3.309895833333343
1885,3698.62215624873,-0.4557291666666856
1886,3699.8131685636768,1.7421875
1887,3701.0048642017537,2.1484375
1888,3702.1952488173442,2.2109375
1889,3703.385319900593,-0.09114583333334281
1890,3704.574081259492,2.6796875
1891,3705.7635259118874,-2.684895833333343
1892,3706.9516616116803,2.3046875
1893,3708.1394847980814,-2.6432291666666856
1894,3709.3260003263363,-4.716145833333343
1895,3710.5131991174408,-2.7057291666666856
1896,3711.6980962745533,1.5546875
1897,3712.8836769401414,-0.6119791666666856
1898,3714.0679520073927,1.9088541666666572
1899,3715.2519163438374,2.033854166666657
1900,3716.4355700717556,3.5442708333333286
1901,3717.6199067540906,-1.1015625
1902,3718.8029393709926,1.0234375
1903,3719.9836759061986,1.8671875
1904,3721.1660886818454,4.044270833333314
1905,3722.3462066598327,-2.1015625
1906,3723.52700794131,-1.5494791666666856
1907,3724.707499987948,-1.6536458333333428
1908,3725.8866913005786,-1.7994791666666714
1909,3727.064582778765,1.9088541666666572
1910,3728.243157525733,-3.945312500000014
1911,3729.4204331983983,0.1796875
1912,3730.596410694259,-1.7057291666666856
1913,3731.773071561724,3.096354166666657
1914,3732.950415144974,-1.1744791666666856
1915,3734.1244815542364,0.7526041666666572
1916,3735.300220987283,0.1276041666666572
1917,3736.4736748453265,-3.5390625
1918,3737.6468228653366,-0.05989583333334281
1919,3738.819665166865,6.4296875
1920,3739.9931903886345,-1.4140625
1921,3741.1654213540783,-0.3203125
1922,3742.336358955124,-0.3307291666666856
1923,3743.5069918297895,-3.6640625
1924,3744.677320097014,-1.4140625
1925,3745.8473438756723,-3.0807291666666856
1926,3747.015089330959,-1.4869791666666856
1927,3748.1845050022725,3.471354166666657
1928,3749.353616541078,0.2213541666666572
1929,3750.520451651128,1.9817708333333144
1930,3751.6869838906096,-0.5598958333333428
1931,3752.8532133774283,-3.216145833333343
1932,3754.019140229431,1.2838541666666572
1933,3755.185749748668,-3.4453125
1934,3756.350086500063,-0.9348958333333428
1935,3757.5141214806395,0.20052083333331439
1936,3758.6768703892,-0.2578125
1937,3759.840302435044,-3.3828125
1938,3761.0024491529985,2.0234375
1939,3762.1642950783853,-4.7890625
1940,3763.32584032797,0.4505208333333144
1941,3764.486101873176,3.3984375
1942,3765.648029266487,1.7630208333333144
1943,3766.8076905519583,1.4817708333333144
1944,3767.967052136163,4.2734375
1945,3769.12513200614,0.8046875
1946,3770.282912914385,0.1276041666666572
1947,3771.441376598831,3.0130208333333144
1948,3772.5985596774817,1.2109375
1949,3773.7544630259504,3.3359375
1950,3774.91006838148,4.5859375
1951,3776.0653758592916,0.16927083333331439
1952,3777.2203855745456,-0.1015625
1953,3778.375097642342,-6.986979166666686
1954,3779.528532325486,1.6276041666666572
1955,3780.6806904956006,0.7317708333333144
1956,3781.8345110680266,0.044270833333328596
1957,3782.9860762605244,0.20052083333331439
1958,3784.138324231966,0.8671875
1959,3785.289297156118,4.0859375
1960,3786.4389959019154,-0.2473958333333428
1961,3787.5893775173563,-3.2890625
1962,3788.7384856848994,2.6171875
1963,3789.887298859452,0.8671875
1964,3791.035817154591,4.585937499999986
1965,3792.1840406838387,-2.0182291666666856
1966,3793.3300158894417,-1.6119791666666856
1967,3794.4776507284814,-0.1536458333333428
1968,3795.6230384718815,-0.7994791666666856
1969,3796.769108988554,-1.8515625
1970,3797.9148858061344,-5.143229166666686
1971,3799.0593934526687,0.8255208333333144
1972,3800.202632790131,-1.4348958333333428
1973,3801.3455797653655,4.596354166666657
1974,3802.4892093271214,-0.4244791666666856
1975,3803.63157166503,1.8567708333333144
1976,3804.7736419770395,6.825520833333314
1977,3805.9134721963965,4.7421875
1978,3807.054959290298,4.5234375
1979,3808.1942075097922,-2.7890625
1980,3809.3341384886226,-1.4765625
1981,3810.4737784974923,1.7838541666666572
1982,3811.612154800754,-9.6640625
1983,3812.750240853054,-1.7057291666666856
1984,3813.887064414101,6.2109375
1985,3815.0245705452417,2.502604166666657
1986,3816.1608149022277,2.4296875
1987,3817.295798338201,-1.4348958333333428
1988,3818.4314644283536,-9.653645833333343
1989,3819.566841426992,2.8567708333333144
1990,3820.700958577348,-5.018229166666686
1991,3821.8347873507896,-4.080729166666686
1992,3822.9683278572925,-4.747395833333343
1993,3824.1006100796953,0.4505208333333144
1994,3825.2316348669365,1.0755208333333144
1995,3826.3633423366778,-1.9348958333333428
1996,3827.494762471095,-3.716145833333343
1997,3828.62492623697,1.3255208333333144
1998,3829.754803378055,2.3880208333333144
1999,3830.8843940033717,1.0546875
2000,3832.013698221889,0.2838541666666572
2001,3833.1417479822044,-6.059895833333343
2002,3834.2695120440785,3.9817708333333144
2003,3835.396990516035,-0.20572916666668561
2004,3836.524183506544,0.6171875
2005,3837.649156763139,-0.0078125
2006,3838.7748126696306,0.8776041666666572
2007,3839.9001839088005,2.408854166666657
2008,3841.024304141403,2.7109375
2009,3842.148140411017,3.2421875
2010,3843.2716928252253,-3.3932291666666856
2011,3844.394961491558,-0.05989583333334281
2012,3845.5179465174906,0.8046875
2013,3846.6396827826825,-4.893229166666686
2014,3847.7601711248435,2.1796875
2015,3848.8813418634054,-2.2265625
2016,3850.0022298773843,1.5234375
2017,3851.1218710187627,0.3046875
2018,3852.240266123023,1.3046875
2019,3853.359343564056,-1.4036458333333428
2020,3854.4771756661703,-2.684895833333343
2021,3855.5947265478135,-0.3411458333333428
2022,3856.7119963150944,-2.778645833333343
2023,3857.828022273713,4.7734375
2024,3858.943767814044,3.127604166666657
2025,3860.060195358401,-1.7473958333333428
2026,3861.175380137406,0.4192708333333144
2027,3862.2893229817914,3.190104166666657
2028,3863.4039479051908,2.5130208333333144
2029,3864.516370236916,-0.7161458333333428
2030,3865.630435967557,-1.4765625
2031,3866.7432611500362,-1.3307291666666856
2032,3867.854846612561,-1.8932291666666856
2033,3868.966153569202,-0.2578125
2034,3870.076221978108,-6.8203125
2035,3871.1860125711582,2.596354166666657
2036,3872.2955254526314,0.7109375
2037,3873.405720152695,2.0234375
2038,3874.5137184977084,2.3046875
2039,3875.6223988696115,3.658854166666657
2040,3876.729843240149,-4.143229166666686
2041,3877.8370108989993,-1.1223958333333428
2042,3878.9429437222425,-0.3515625
2043,3880.0486005196417,0.9505208333333144
2044,3881.1558968931527,-0.8203125
2045,3882.2610014708557,-2.0078125
2046,3883.3639157897755,6.669270833333314
