,Rshift,20241219_152256_635
0,-27.28431624923972,14.940833333333103
1,-24.137810440559743,6.940833333333103
2,-20.992855305911224,-7.9924999999993815
3,-17.849449699264277,-6.325833333333321
4,-14.709577990190768,15.599166666665951
5,-11.570259296931825,11.440833333333103
6,-8.432485724277697,-4.025833333334049
7,-5.297247424298958,5.832500000000437
8,-2.163550990117585,36.240833333333285
9,0.9686047153885033,57.26583333333292
10,4.098230996806874,46.490833333333285
11,7.226319793020991,40.66583333333347
12,10.351883377225125,-4.467499999999745
13,13.47690108550667,-7.2424999999993815
14,16.599396813964887,-1.8258333333333212
15,19.71937314585023,48.38250000000062
16,22.838806501711186,172.79916666666668
17,25.95572368194708,229.33250000000044
18,29.070127261761424,216.95750000000044
19,32.18399075351902,212.45750000000044
20,35.29534385461391,198.79916666666668
21,38.40517363784589,167.38250000000062
22,41.51249719788232,189.32416666666631
23,44.61928418112446,172.1908333333331
24,47.72258507542738,157.64916666666613
25,50.82535162225085,154.45750000000044
26,53.926601392168415,149.48250000000007
27,57.02437225535298,148.59083333333365
28,60.12063048208482,131.35750000000007
29,63.215377180019566,168.95750000000044
30,66.30959363994587,143.00750000000062
31,69.40034041471665,181.73250000000007
32,72.48860070466732,209.4991666666665
33,75.57731329740307,157.83250000000044
34,78.66256333475965,149.84083333333365
35,81.74631037256418,164.97416666666595
36,84.82855550884238,119.51583333333292
37,87.90929984055099,153.60750000000007
38,90.98756809333871,160.16583333333347
39,94.06433868236475,168.5658333333331
40,97.1405881209893,164.48250000000007
41,100.21339123894579,197.41583333333347
42,103.28470091617095,160.6241666666665
43,106.35354424187857,170.19916666666631
44,109.42187077517436,176.95750000000044
45,112.48676102238159,146.09916666666595
46,115.55113664681949,160.92416666666668
47,118.61402520538982,168.77416666666613
48,121.67445614213274,141.69916666666631
49,124.73243195142234,168.01583333333292
50,127.78989651750489,145.1241666666665
51,130.84490905385366,155.6824999999999
52,133.89844180364437,184.10750000000007
53,136.94952655484522,167.58250000000044
54,139.9991346065499,149.2491666666665
55,143.04726703056593,167.91583333333347
56,146.09295701676533,175.28250000000025
57,149.13717445172796,157.29916666666668
58,152.18088734856704,196.67416666666668
59,155.22216241584337,222.82416666666631
60,158.26003610937104,188.64916666666613
61,161.29740892735327,175.75750000000062
62,164.33331545412594,198.51583333333292
63,167.36679213777288,216.77416666666613
64,170.39880558285302,205.34916666666595
65,173.42839316438452,222.09083333333365
66,176.45652055224213,242.79916666666668
67,179.48318880184246,209.33250000000044
68,182.50936125878457,246.78250000000025
69,185.532152102855,268.1908333333331
70,188.5525265301561,254.25750000000062
71,191.57336968606344,249.33250000000044
72,194.59083808475233,282.6075000000001
73,197.60685550341933,244.84083333333365
74,200.6195039541193,268.46583333333365
75,203.6335825290436,242.2491666666665
76,206.64429514705586,281.40750000000025
77,209.6516456142998,256.53250000000025
78,212.66042610825713,248.75750000000062
79,215.66584745221635,278.1408333333329
80,218.6688701982906,290.1991666666663
81,221.6704530579928,285.1991666666663
82,224.67155290628202,319.8575000000001
83,227.67025864025692,278.97416666666595
84,230.66561774334488,273.5158333333329
85,233.66145185846995,333.41583333333347
86,236.65489724395556,291.91583333333347
87,239.64595629990657,330.28250000000025
88,242.63558452041616,275.89916666666613
89,245.62378293194837,318.8575000000001
90,248.60960037381219,328.39916666666613
91,251.59399096676356,328.1158333333333
92,254.57695573333737,339.6325000000006
93,257.5584956950971,356.7575000000006
94,260.5367111357406,326.6075000000001
95,263.51445554100974,369.5574999999999
96,266.4907791062013,398.1241666666665
97,269.4647338389515,405.14916666666613
98,272.4372706690054,486.4908333333333
99,275.40839061015055,560.7075000000004
100,278.3771470222574,708.4324999999999
101,281.34354227106166,1018.3408333333336
102,284.3104189718883,1366.974166666666
103,287.27304392780604,1811.8825000000006
104,290.2342597498509,2278.924166666666
105,293.19501284369574,2817.715833333333
106,296.15435791399693,3246.074166666666
107,299.11135146313717,3604.2658333333325
108,302.06599584060206,3910.5325
109,305.020180602477,4077.6575
110,307.97107593352354,4252.557499999999
111,310.9205709374285,4317.4825
112,313.8696088729118,4372.7575
113,316.81630576431763,4391.807499999999
114,319.7616053156739,4417.282499999999
115,322.70362667554014,4414.765833333333
116,325.6461354188213,4549.699166666665
117,328.5863097684562,4516.465833333334
118,331.5232124643944,4731.024166666666
119,334.4596645888623,4861.049166666666
120,337.3956657948935,4928.174166666666
121,340.32746272332156,5113.307499999999
122,343.2588115920873,5297.457499999999
123,346.18877468724133,5362.207499999999
124,349.1164160675589,5584.440833333334
125,352.0426745233984,5751.0075
126,354.9666149953233,6000.724166666665
127,357.89011098210506,6238.532499999999
128,360.810356668617,6662.932499999999
129,363.730159822777,7236.815833333334
130,366.64858582226634,7984.890833333333
131,369.5647018076031,8726.024166666666
132,372.47851007211335,9345.515833333333
133,375.3909458601356,7946.324166666667
134,378.3020101411441,8772.990833333333
135,381.2107718077643,7795.057499999999
136,384.1190964182033,7045.307499999999
137,387.0260524242806,6475.499166666665
138,389.92977926968416,6121.2325
139,392.8321411918916,5847.490833333333
140,395.73313915306505,5626.599166666665
141,398.63277411446904,5656.974166666665
142,401.53011802317604,5574.449166666665
143,404.42610172424645,5519.990833333333
144,407.32072617531486,5485.032499999999
145,410.21306462703984,5447.290833333333
146,413.10404661153893,5299.490833333333
147,415.99274624637286,5422.274166666666
148,418.88101859200884,5317.974166666665
149,421.7670113614339,5229.665833333333
150,424.6507268069978,5323.749166666665
151,427.534017380677,5343.515833333333
152,430.4150333946642,5316.4825
153,433.29377709457617,5274.949166666665
154,436.171174526634,5297.040833333333
155,439.0481500067328,5210.190833333334
156,441.9219343629885,5246.140833333333
157,444.7943761439507,5163.199166666665
158,447.6663983684335,5210.807499999999
159,450.53615738925754,5198.915833333333
160,453.4036554368587,5016.282499999999
161,456.2698155263778,5024.490833333333
162,459.13371823570486,4995.824166666665
163,461.99720564598897,4936.365833333333
164,464.85751890297826,4869.332499999999
165,467.71741872718127,4866.165833333333
166,470.57598612114396,4868.199166666665
167,473.4313855832414,4916.932499999999
168,476.28729176382114,4966.8575
169,479.1400335802938,4923.315833333334
170,481.9905314565158,4864.090833333334
171,484.84062061516414,4715.249166666665
172,487.68846853613957,4537.449166666665
173,490.5359087351512,4317.682499999999
174,493.3792799303744,3943.7575
175,496.22407571145703,3843.574166666666
176,499.06480688058537,3610.365833333333
177,501.90513400978284,3408.215833333333
178,504.742316141402,3238.8491666666655
179,507.58092228765565,3104.7825
180,510.41547342909644,2983.0574999999994
181,513.2477988173791,2839.699166666666
182,516.0815480007475,2753.4741666666655
183,518.9103381523065,2653.7741666666666
184,521.7387302367048,2593.199166666666
185,524.5667238977102,2590.6075000000005
186,527.3915883150893,2510.0158333333325
187,530.2151463911312,2436.699166666666
188,533.0383083453657,2337.624166666667
189,535.8592560354984,2352.3074999999994
190,538.6770831531306,2272.2658333333325
191,541.4945172807625,2267.5408333333335
192,544.3106504268214,2231.2825
193,547.1254834922145,2228.5658333333336
194,549.9372037825524,2207.8241666666663
195,552.7476274645466,2197.3491666666664
196,555.557661396232,2117.832500000001
197,558.3654941332069,2117.8491666666655
198,561.1711278231132,2124.3075
199,563.9763740302524,2107.2991666666667
200,566.7785195179079,2022.3491666666655
201,569.5802793070004,2037.0241666666661
202,572.3789426562782,2054.2325
203,575.1781251319061,2051.140833333333
204,577.9742146080273,2043.7325000000005
205,580.7690188937156,2056.9908333333333
206,583.5634406759264,2022.224166666666
207,586.3547754365092,2056.9075
208,589.1448284899731,2035.9658333333336
209,591.9336007189041,2051.8575
210,594.7210930050775,2058.2575000000006
211,597.5055067627944,2076.5491666666667
212,600.2895433101347,2027.7408333333333
213,603.0732022878761,1987.5075000000002
214,605.8537878481096,1920.0658333333336
215,608.6322014233208,1888.7408333333333
216,611.4093427963033,1847.8408333333336
217,614.1861101036463,1837.3074999999994
218,616.9598124291359,1819.140833333333
219,619.7331424337686,1786.7158333333336
220,622.505203725734,1799.6825
221,625.2742059305338,1769.5408333333335
222,628.0419428000752,1701.8408333333336
223,630.8075203969969,1718.0908333333332
224,633.5736240010797,1748.2741666666666
225,636.3366760769657,1706.099166666666
226,639.098467097401,1723.6658333333335
227,641.8589979255039,1746.1991666666663
228,644.6182694236076,1752.8741666666665
229,647.3744977383801,1714.6991666666659
230,650.1303620232678,1728.8658333333333
231,652.8849703729016,1759.4908333333333
232,655.6365413689031,1735.3408333333336
233,658.3877505014291,1717.9074999999998
234,661.1377070819738,1748.1074999999996
235,663.8855220435962,1725.6741666666667
236,666.6320869725545,1706.890833333333
237,669.3765136087061,1740.2241666666655
238,672.1196927253785,1757.5241666666661
239,674.8607368678764,1718.9491666666668
240,677.6005359979608,1776.2075000000004
241,680.3408659606193,1737.2325
242,683.0772897079983,1714.1491666666666
243,685.8124717904553,1748.7741666666666
244,688.545526761953,1724.4491666666668
245,691.2782284505098,1745.7325
246,694.0088055188429,1732.0408333333335
247,696.7381450997262,1754.849166666666
248,699.4662480342079,1782.515833333333
249,702.1922308778788,1756.9491666666668
250,704.9169795556986,1785.2825000000003
251,707.6404949056167,1730.6574999999998
252,710.3618946801053,1768.3241666666663
253,713.0811809136846,1809.7908333333335
254,715.7992379247568,1752.3325
255,718.5178303221388,1805.2824999999998
256,721.232549101209,1817.8574999999996
257,723.946923043364,1831.1741666666671
258,726.6591903985808,1878.7741666666666
259,729.3702334856129,1936.0741666666668
260,732.0791732343926,1994.374166666667
261,734.7860116633555,2030.4825
262,737.4933881052642,2106.0075
263,740.1986648794762,2140.265833333333
264,742.9009656863793,2223.7241666666655
265,745.6038053949877,2250.1241666666665
266,748.3027948427829,2166.4741666666664
267,751.0023240452123,2129.3408333333336
268,753.6997612549775,2077.9241666666667
269,756.3951084757753,2071.9908333333333
270,759.0883677085873,2045.8575
271,761.7804165027665,2046.582500000001
272,764.4730059891978,2038.5075000000002
273,767.161760802308,2096.299166666667
274,769.8493084081631,2070.565833333333
275,772.5373975778823,2107.6824999999994
276,775.2225324226614,2098.2158333333336
277,777.9055893020778,2098.1158333333333
278,780.5865702013685,2090.7408333333333
279,783.2680943403964,2134.8491666666664
280,785.94754411685,2139.2825000000003
281,788.6249215114218,2076.6575
282,791.301099742469,2103.9241666666667
283,793.9752087651893,2057.3825
284,796.6481210140968,2057.3241666666668
285,799.3198372924204,2045.9158333333335
286,801.9903584026715,2014.6658333333335
287,804.6588158534753,2015.7408333333328
288,807.3260805162536,2026.3325
289,809.9921531905816,1967.890833333333
290,812.6552984182088,1950.5408333333335
291,815.3172548048767,1938.8575000000005
292,817.9788905003605,1930.5908333333336
293,820.6393381718575,1935.3491666666664
294,823.2968654545798,1907.8575
295,825.953207848906,1900.2991666666671
296,828.6092319547788,1853.2741666666666
297,831.2623411407403,1872.9491666666663
298,833.9142685842397,1821.0741666666668
299,836.5650150746521,1770.8241666666668
300,839.214581400652,1825.9325
301,841.8621044684179,1794.0075000000002
302,844.5084497156973,1727.474166666666
303,847.1536179282938,1758.3408333333336
304,849.7967471614515,1739.0825
305,852.4387016963278,1727.3741666666665
306,855.0786203523927,1741.374166666667
307,857.7182282217098,1694.8825000000002
308,860.3549413428963,1699.9908333333333
309,862.9904844220963,1714.7075
310,865.6265791063319,1705.9074999999998
311,868.2589236210457,1762.1491666666661
312,870.8901011907012,1771.890833333333
313,873.5201125911036,1766.815833333333
314,876.1489585973727,1752.140833333333
315,878.7757814546823,1805.2325
316,881.401441226342,1786.190833333333
317,884.0267964539792,1810.4158333333335
318,886.6492746012391,1854.249166666667
319,889.2705927365037,1869.5325000000003
320,891.889894997582,1927.4658333333336
321,894.5080395422766,1972.890833333333
322,897.1250271379771,2103.3074999999994
323,899.7400030545731,2314.390833333333
324,902.3555345485436,2684.1575
325,904.9673464118688,3739.099166666666
326,907.578860262243,5721.299166666666
327,910.1875137688562,7996.207499999999
328,912.7967243978754,9370.040833333333
329,915.4030777129715,9151.674166666668
330,918.008282448971,6962.824166666666
331,920.6131918479454,4511.424166666667
332,923.2152492193081,3028.749166666667
333,925.8153093048101,2289.365833333333
334,928.4150767007262,1864.4241666666662
335,931.0137000550731,1656.3325
336,933.6094789049918,1588.1825
337,936.2049669537362,1494.6158333333333
338,938.7993139710164,1483.1158333333333
339,941.3916712212085,1439.8491666666664
340,943.9820405752965,1402.440833333333
341,946.5721213861391,1371.9158333333335
342,949.1602165457788,1361.624166666667
343,951.7471759172602,1381.765833333333
344,954.3321526227504,1358.4324999999994
345,956.915995777856,1336.6325000000002
346,959.4978592456448,1276.9575000000004
347,962.0785913955167,1296.4825
348,964.6581929708851,1283.9324999999994
349,967.2366647145176,1278.1741666666671
350,969.8123165688366,1222.1325000000006
351,972.3885316148301,1205.8491666666664
352,974.9619297326224,1240.2908333333335
353,977.5342024606138,1223.7575000000006
354,980.1053505368706,1195.9324999999994
355,982.6745311457491,1236.749166666667
356,985.2425893142037,1217.4908333333333
357,987.8095257776441,1153.9741666666664
358,990.3753412708345,1177.190833333333
359,992.9383523664881,1158.1658333333335
360,995.5010871426232,1185.3241666666663
361,998.0610211902117,1153.7741666666666
362,1000.6215213600577,1127.4658333333336
363,1003.180064343015,1121.6741666666667
364,1005.735811721452,1149.7158333333336
365,1008.291286062632,1149.515833333333
366,1010.8456474810134,1134.4074999999998
367,1013.3972184038389,1166.6991666666663
368,1015.9493568871053,1166.765833333333
369,1018.4987077862389,1162.4241666666671
370,1021.0469501244125,1204.3908333333325
371,1023.5932469334166,1215.390833333333
372,1026.1392746818394,1206.2575000000002
373,1028.68419603592,1279.474166666666
374,1031.2263385170504,1224.8574999999996
375,1033.7673774982072,1261.0825000000004
376,1036.307313697748,1273.5408333333335
377,1038.8461478334082,1250.4325
378,1041.3830454733454,1236.9241666666671
379,1043.918843207229,1196.8825000000006
380,1046.4527073250108,1202.1158333333333
381,1048.984639625617,1204.9491666666668
382,1051.5163093112349,1197.7408333333333
383,1054.047716010783,1167.7575000000002
384,1056.5763604113001,1173.974166666666
385,1059.1022453872818,1169.4908333333333
386,1061.6295351123408,1170.5324999999998
387,1064.15406755211,1138.4241666666667
388,1066.6766771148937,1137.5575
389,1069.1981967679412,1119.4741666666664
390,1071.7186272174504,1138.3741666666665
391,1074.2379691690155,1117.374166666667
392,1076.755393221889,1110.2991666666667
393,1079.272560650206,1126.415833333334
394,1081.7869829144095,1093.874166666667
395,1084.2994918955026,1095.890833333333
396,1086.8117467162267,1066.6574999999998
397,1089.3229186874332,1051.849166666666
398,1091.8321805482885,1016.7241666666664
399,1094.3395340678335,1033.6325000000002
400,1096.8466355091525,1043.2324999999996
401,1099.3518307167656,1062.8658333333333
402,1101.8551214547995,1005.2575000000002
403,1104.3573356661466,1017.6491666666661
404,1106.8592998708855,992.6824999999999
405,1109.3585372853117,980.9491666666668
406,1111.8567009636618,995.1658333333335
407,1114.3546163596102,994.0574999999994
408,1116.8498098787786,964.5825
409,1119.3447564973785,982.2241666666664
410,1121.8361610425645,976.4408333333331
411,1124.3289674661858,970.6658333333335
412,1126.819058307148,961.8908333333329
413,1129.3072590118054,1012.4241666666667
414,1131.7952159016595,988.0658333333331
415,1134.2812847317573,1007.9491666666668
416,1136.765467243167,1002.6074999999996
417,1139.248586407842,981.2991666666671
418,1141.7314637900306,1006.4324999999994
419,1144.2116374268019,990.8991666666666
420,1146.6907504649155,987.374166666667
421,1149.1696234135359,1016.0158333333329
422,1151.6457974652753,990.4074999999998
423,1154.1209136575835,1019.6991666666668
424,1156.594153889389,1017.5658333333331
425,1159.0671567451252,981.6408333333329
426,1161.5382856927909,998.3074999999994
427,1164.0075424555425,1024.4491666666668
428,1166.4765635190067,1003.6408333333329
429,1168.9437144436115,1023.2824999999998
430,1171.408996947761,995.5908333333336
431,1173.8740454230053,1015.3325
432,1176.3372275174995,1036.5574999999994
433,1178.7985449449166,1009.2241666666664
434,1181.2596300074379,1022.4241666666671
435,1183.7188524362593,1058.874166666667
436,1186.1753993385187,1041.8575
437,1188.6317162263829,1016.1658333333335
438,1191.0878027271572,1028.2741666666666
439,1193.5412177787307,1037.4741666666664
440,1195.9935905564976,1023.5408333333344
441,1198.4449217244953,1035.765833333333
442,1200.8943994187837,1028.8658333333333
443,1203.3428375194246,1021.9241666666671
444,1205.789424849979,1013.0991666666664
445,1208.234974598328,1049.2991666666667
446,1210.6794874243822,994.0741666666668
447,1213.1229639874857,1027.1741666666671
448,1215.5654049464306,974.749166666667
449,1218.0051907210802,997.7908333333335
450,1220.4439435796855,1025.3074999999994
451,1222.8816641780545,1018.9491666666663
452,1225.318353171446,989.5658333333331
453,1227.7532024656482,1028.9658333333336
454,1230.1862137406779,1034.065833333333
455,1232.6198128706674,1008.2075
456,1235.0507675630085,1026.015833333333
457,1237.4806952829103,1043.3574999999996
458,1239.907982597396,1012.0574999999994
459,1242.335859005302,1024.0324999999998
460,1244.7610976691485,1045.3574999999996
461,1247.1861193409281,1056.4241666666671
462,1249.6101179672248,1014.0825
463,1252.0314835133897,1053.6491666666666
464,1254.451828665863,1057.5991666666664
465,1256.8711540695176,1073.5575
466,1259.2894603686862,1059.0741666666668
467,1261.7051402369893,1080.5241666666661
468,1264.1206072882194,1083.2908333333335
469,1266.5358611493111,1096.4824999999996
470,1268.9484925359866,1126.7908333333335
471,1271.3593067488612,1105.6741666666671
472,1273.76910773559,1151.440833333333
473,1276.1786980935606,1158.3408333333336
474,1278.585672584594,1145.5991666666664
475,1280.9916364371838,1190.2824999999998
476,1283.3965902877176,1183.5241666666666
477,1285.8005347720432,1194.2991666666671
478,1288.202670248408,1227.124166666667
479,1290.603798299963,1241.249166666667
480,1293.0031199541122,1250.3074999999994
481,1295.4014361203854,1250.1741666666671
482,1297.7979484942825,1236.0075000000002
483,1300.1950545164614,1239.0408333333335
484,1302.588761473702,1305.4074999999998
485,1304.9822647374833,1299.3991666666666
486,1307.3739687356235,1389.4824999999996
487,1309.764672363619,1360.1824999999994
488,1312.154376248969,1376.7991666666671
489,1314.5422844190539,1328.749166666667
490,1316.929194765707,1378.0575
491,1319.3143119799881,1401.3991666666666
492,1321.6984332856466,1452.7408333333333
493,1324.0807640363764,1441.2408333333333
494,1326.4628957270668,1479.065833333333
495,1328.843238771792,1475.890833333333
496,1331.2217947867287,1511.315833333333
497,1333.6001532744083,1521.6824999999994
498,1335.9767266354406,1536.390833333333
499,1338.3515164816333,1561.0075000000002
500,1340.7253173751865,1611.765833333333
501,1343.0989225559927,1658.9825
502,1345.4691624819095,1686.315833333333
503,1347.8392085880812,1777.6075000000005
504,1350.2082688677153,1795.0991666666664
505,1352.5763439357713,1965.4575
506,1354.9418524556834,2092.4075
507,1357.3063783070354,2320.465833333333
508,1359.6715027392402,2634.765833333333
509,1362.0332744428533,3021.7325000000005
510,1364.3940659691382,3435.274166666667
511,1366.7546672631227,3667.557499999999
512,1369.1127109294603,3623.115833333333
513,1371.4697769016548,3367.6741666666667
514,1373.8266541411804,3020.299166666667
515,1376.1809781948443,2676.890833333333
516,1378.5343270297335,2456.690833333333
517,1380.887488625941,2280.8574999999996
518,1383.2381014659552,2192.299166666667
519,1385.5877415547866,2147.4741666666664
520,1387.9356230988735,2144.5741666666668
521,1390.2841058932147,2073.5825
522,1392.629259854741,2037.690833333333
523,1394.9742301983156,2086.3658333333333
524,1397.3174463552004,2065.6325000000006
525,1399.660479446045,2120.049166666667
526,1402.0009757495511,2125.7908333333335
527,1404.3397219337714,2151.9158333333335
528,1406.679070974446,2092.940833333333
529,1409.015887612105,2093.7908333333335
530,1411.351740694853,2077.2324999999996
531,1413.6866308185267,2070.3658333333333
532,1416.0197760677709,2095.015833333333
533,1418.35196019289,2021.5825000000004
534,1420.6824019212766,2040.3074999999994
535,1423.0126659008947,2076.1575
536,1425.3411893131893,2068.9158333333335
537,1427.667973714704,2091.9491666666668
538,1429.9945818209708,2141.7908333333335
539,1432.318672480819,2127.6158333333333
540,1434.6425880252157,2161.4824999999996
541,1436.9639892259745,2154.8574999999996
542,1439.2859957862674,2154.140833333333
543,1441.6047114814605,2136.4075
544,1443.9232544115312,2126.5075
545,1446.240845864226,2071.8658333333333
546,1448.5567084051524,2012.1741666666671
547,1450.8708435764338,1953.1491666666666
548,1453.184807683062,1895.265833333333
549,1455.497046224754,1844.6574999999998
550,1457.8083374850673,1797.2324999999996
551,1460.1179056185897,1757.190833333333
552,1462.4265282700144,1726.9575
553,1464.734206019806,1662.1991666666668
554,1467.0401639733043,1614.1658333333335
555,1469.3436285036719,1582.374166666667
556,1471.648476294783,1544.8658333333333
557,1473.9508324525793,1558.999166666667
558,1476.2514736616265,1511.4241666666671
559,1478.55194923011,1495.4491666666668
560,1480.8507116342894,1505.9241666666671
561,1483.1477623969392,1464.3075
562,1485.4438759834406,1454.2241666666664
563,1487.7390529672195,1429.8408333333336
564,1490.032521606992,1439.2824999999998
565,1492.3258274185912,1391.3825000000002
566,1494.617426659945,1389.0241666666666
567,1496.9073208457532,1401.0491666666671
568,1499.1955114887794,1171.7908333333335
569,1501.4827708427101,1375.0324999999998
570,1503.7698699051386,1382.1074999999996
571,1506.0552680723179,1345.9575
572,1508.3389668519696,1361.1574999999998
573,1510.6225067292403,1364.3325
574,1512.903579801272,1352.457500000001
575,1515.1837262380227,1312.6074999999996
576,1517.4629466040146,1308.3658333333333
577,1519.7412414633127,1295.874166666667
578,1522.0178434510929,1306.690833333333
579,1524.2927540651958,1260.0574999999994
580,1526.5682767186565,1258.4074999999998
581,1528.8405751333053,1249.9241666666671
582,1531.1119527198114,1264.0825
583,1533.3831764109293,1212.6741666666671
584,1535.653479771775,1220.2158333333336
585,1537.9213318569384,1206.2908333333335
586,1540.1882659700668,1234.8991666666666
587,1542.454282668405,1184.6824999999994
588,1544.7186176854627,1223.7575000000002
589,1546.9820370194939,1185.2908333333335
590,1549.2445412258314,1186.8491666666664
591,1551.5053669631798,1193.4158333333335
592,1553.7652792994438,1151.8658333333333
593,1556.0235155087598,1136.624166666667
594,1558.2816030108968,1122.565833333333
595,1560.5380161075582,1144.3825000000002
596,1562.7927562740572,1077.4575
597,1565.0473490800296,1119.0075000000002
598,1567.299508931409,1050.9575
599,1569.550761088168,1075.9075000000003
600,1571.8018672259618,1099.7075000000004
601,1574.050544511929,1077.6824999999994
602,1576.2975558465782,1088.9241666666667
603,1578.5444231111983,1069.5908333333336
604,1580.7903860315885,1063.3658333333333
605,1583.0346855571577,1055.9074999999998
606,1585.2773231497633,1049.0491666666671
607,1587.5198182413344,1018.8658333333333
608,1589.760653098501,1011.6158333333333
609,1591.9998291792917,1025.1575000000003
610,1594.2381060115424,1022.5241666666666
611,1596.4762419040592,989.1158333333333
612,1598.7112066332265,1012.3241666666668
613,1600.9467892716768,994.3325
614,1603.1799611141394,975.1325000000002
615,1605.4122376255682,977.349166666666
616,1607.6436193442958,970.5241666666666
617,1609.873350862231,986.2408333333333
618,1612.1029449116838,926.5408333333335
619,1614.3301350994652,977.7658333333329
620,1616.5564338529678,974.8491666666664
621,1618.7825964435165,951.1574999999998
622,1621.0063591970566,937.9908333333333
623,1623.2292327238813,930.0991666666664
624,1625.4512175572513,941.0574999999999
625,1627.6730677599032,933.4241666666671
626,1629.8917700456498,976.2908333333335
627,1632.1095864386525,937.5741666666668
628,1634.3272700970203,940.8325
629,1636.543315995183,941.4074999999998
630,1638.757725563858,943.999166666667
631,1640.9712519592479,916.249166666667
632,1643.1846471370643,913.5324999999998
633,1645.3949062147228,902.1741666666667
634,1647.6050357286647,907.0241666666661
635,1649.8150353075596,937.8991666666666
636,1652.0226538884017,923.3241666666668
637,1654.2293936536882,891.8158333333331
638,1656.433755860365,902.3991666666666
639,1658.6387401646318,896.8658333333333
640,1660.8420981880593,880.1824999999999
641,1663.043831347487,895.2824999999998
642,1665.245437942886,918.1491666666661
643,1667.444673168544,900.5241666666666
644,1669.6430350248065,892.9158333333335
645,1671.839776480645,898.5241666666661
646,1674.0371407093237,895.0241666666661
647,1676.231391660734,887.6408333333334
648,1678.4247725059502,885.1991666666668
649,1680.618776494006,914.0241666666666
650,1682.8104180871246,884.0491666666667
651,1685.000445351215,870.9741666666664
652,1687.1896051676117,860.8158333333331
653,1689.3778980515885,834.7075
654,1691.5645796292015,873.8491666666669
655,1693.7503958933055,850.6491666666666
656,1695.9353473574374,868.9324999999999
657,1698.1186905294871,826.7075
658,1700.3011705157312,845.0075000000006
659,1702.482044410687,850.1325000000002
660,1704.662799854055,860.3908333333329
661,1706.8412079854625,849.3158333333331
662,1709.0187561488963,842.9908333333333
663,1711.196187097351,823.7241666666669
664,1713.3712746079727,838.5241666666666
665,1715.5455042622843,826.5658333333331
666,1717.7188765676908,817.7241666666669
667,1719.8913920312016,793.8991666666666
668,1722.0623103776884,839.7241666666669
669,1724.2316329887778,825.0825
670,1726.400101442966,816.6324999999997
671,1728.5677162446298,811.9074999999998
672,1730.7337382817082,812.999166666667
673,1732.8996475808926,812.249166666667
674,1735.0632266694843,816.249166666667
675,1737.2266940251332,793.1991666666663
676,1739.388572371105,801.9324999999999
677,1741.5496012427536,796.0074999999997
678,1743.7090432671623,807.5658333333331
679,1745.8668998136025,784.4824999999996
680,1748.0239095442068,797.3658333333333
681,1750.1800729573572,754.1074999999996
682,1752.33612726718,813.7574999999997
683,1754.4898628228623,797.8991666666666
684,1756.642017992768,758.1658333333335
685,1758.79406583904,794.8908333333329
686,1760.944534868283,751.5991666666664
687,1763.09342644014,770.3658333333333
688,1765.2422118852319,737.5574999999999
689,1767.3894214371273,739.5324999999993
690,1769.5365252743886,757.6158333333333
691,1771.680586532549,750.499166666667
692,1773.8238097986377,772.3074999999994
693,1775.9669291142022,775.0908333333336
694,1778.1077443189777,751.4074999999998
695,1780.249189531852,781.3241666666668
696,1782.3876000690555,743.3491666666669
697,1784.5266410210204,793.3408333333332
698,1786.663382683214,736.7741666666666
699,1788.799290925959,760.8991666666661
700,1790.934366236762,746.1741666666667
701,1793.068609102751,743.8908333333329
702,1795.2005580535997,738.4824999999996
703,1797.3316766718099,748.7658333333334
704,1799.4634262611178,755.8491666666669
705,1801.5921549749944,739.3241666666668
706,1803.7200553786513,742.0991666666669
707,1805.847127955445,713.0741666666668
708,1807.9733731883662,738.6408333333329
709,1810.0973335803424,744.8241666666668
710,1812.2211974332115,749.6908333333331
711,1814.3449643784033,738.0074999999997
712,1816.4664496266178,730.3574999999996
713,1818.5856553552858,757.9658333333336
714,1820.7047664653007,719.6158333333333
715,1822.8237825881681,731.2158333333332
716,1824.940522322895,752.2158333333336
717,1827.0564412979597,735.6408333333329
718,1829.1722664381039,723.3325
719,1831.2858188778434,686.8408333333336
720,1833.3978266667261,698.1908333333331
721,1835.5090167273127,727.8241666666668
722,1837.6208401800466,724.9074999999998
723,1839.7296706046743,671.4575
724,1841.8376852856595,686.724166666666
725,1843.9456091775912,700.1324999999997
726,1846.0512693092542,725.8491666666664
727,1848.1561156758332,677.0658333333331
728,1850.2594251071673,677.2741666666666
729,1852.3633689999517,678.4324999999994
730,1854.4643307337765,668.3408333333332
731,1856.5652045073457,694.249166666667
732,1858.665267428087,674.8074999999999
733,1860.7630754727245,669.1408333333329
734,1862.8607966849004,650.3408333333336
735,1864.9562656284854,656.9491666666668
736,1867.0516486745573,652.6158333333333
737,1869.1455031884284,651.2324999999996
738,1871.238551325845,698.8241666666663
739,1873.3315141310106,670.2825000000003
740,1875.4222303338945,676.2908333333335
741,1877.5107020627015,659.499166666667
742,1879.5990906846928,646.6574999999998
743,1881.6873958326275,646.5158333333329
744,1883.7741787517411,664.7741666666666
745,1885.8587218165178,624.9741666666669
746,1887.943901712581,627.5074999999997
747,1890.0268437823806,610.6824999999999
748,1892.1089863219772,665.099166666666
749,1894.1896119771302,631.3824999999997
750,1896.2701571121374,579.9658333333332
751,1898.349186832543,613.9408333333331
752,1900.4274194115637,613.9491666666663
753,1902.5041385933448,633.2324999999996
754,1904.5793456596302,603.9658333333336
755,1906.6537580561126,610.0908333333332
756,1908.7266603478063,625.4324999999994
757,1910.799485047457,636.1491666666666
758,1912.8715164452187,612.7658333333329
759,1914.9413248565304,633.1325000000002
760,1917.0110567666713,588.0158333333334
761,1919.078568239402,580.8908333333334
762,1921.14600411799,588.3491666666664
763,1923.2112221034392,564.0158333333329
764,1925.277079104547,584.6491666666666
765,1927.3407202073547,584.3991666666666
766,1929.4035738182395,604.4324999999999
767,1931.4649274994495,576.6574999999998
768,1933.5254951334773,544.3158333333331
769,1935.585277169844,598.8991666666666
770,1937.643561984194,568.0324999999998
771,1939.7010626415147,550.249166666667
772,1941.757779589837,587.124166666667
773,1943.8137132768495,529.7658333333334
774,1945.8674421707453,543.624166666667
775,1947.920389779869,549.0074999999997
776,1949.9725565499666,553.3658333333333
777,1952.0239429264368,538.2658333333329
778,1954.0738394455072,579.7408333333333
779,1956.122957000317,562.8574999999996
780,1958.171296034799,541.7658333333334
781,1960.218147892365,561.6074999999996
782,1962.2635138238334,541.5908333333336
783,1964.3081036407102,532.0324999999998
784,1966.351209491215,534.9575
785,1968.3949566970111,547.8241666666654
786,1970.4358053059998,520.1491666666666
787,1972.4772956144468,514.3241666666668
788,1974.5158903526562,521.6741666666671
789,1976.5551271330337,506.9658333333332
790,1978.5921780490723,543.624166666667
791,1980.6284579790236,508.8408333333332
792,1982.6639673605102,529.999166666667
793,1984.6980007479283,502.0241666666666
794,1986.7312649950175,509.7324999999996
795,1988.7637605379505,551.9408333333331
796,1990.7940776469723,506.8658333333333
797,1992.8236279885937,531.3074999999999
798,1994.8538210979857,480.8574999999996
799,1996.8811343909813,503.5158333333334
800,1998.9083867689908,484.5241666666666
801,2000.9341703618416,521.9824999999996
802,2002.9584863987373,506.3908333333329
803,2004.9820393300624,511.3908333333334
804,2007.005532544807,479.1741666666667
805,2009.027560294055,485.6908333333331
806,2011.048123803183,498.4241666666667
807,2013.0665221323811,493.3074999999999
808,2015.085564894552,482.0241666666666
809,2017.1031460275283,468.9241666666667
810,2019.1199681235807,468.9575
811,2021.1346293956003,478.1741666666667
812,2023.1499352295325,490.1741666666667
813,2025.1630821485796,485.9575
814,2027.1747724768,498.97416666666595
815,2029.1871075934034,482.3908333333329
816,2031.1972871791857,468.3658333333333
817,2033.2060127651696,509.4491666666663
818,2035.2139848301993,463.4658333333332
819,2037.221902802867,461.66583333333347
820,2039.226971350058,475.79083333333347
821,2041.2319871755637,487.9408333333331
822,2043.236949916345,455.32416666666677
823,2045.239765337244,468.2658333333334
824,2047.2418308212702,461.0825
825,2049.2424493543913,446.2741666666666
826,2051.2430164887787,483.46583333333365
827,2053.241441121812,472.9908333333333
828,2055.2391185430342,458.72416666666686
829,2057.236745563922,450.1908333333331
830,2059.2322334257187,450.25750000000016
831,2061.2269758520356,455.0574999999999
832,2063.2209732604924,442.4241666666667
833,2065.214226068398,415.6741666666667
834,2067.2060395996587,426.4908333333333
835,2069.1957202150857,408.2574999999997
836,2071.186742759255,471.7741666666666
837,2073.174939421446,468.8908333333329
838,2075.1617010605014,453.3991666666666
839,2077.1491102618625,438.7824999999998
840,2079.1350852680584,463.91583333333347
841,2081.1196272679517,411.57416666666677
842,2083.103430472746,440.4824999999996
843,2085.0858025290545,459.1158333333333
844,2087.0674371303767,430.63250000000016
845,2089.047642437425,405.59916666666595
846,2091.0264196332587,432.0491666666667
847,2093.005845108754,403.47416666666686
848,2094.983151814207,441.7075
849,2096.9604153683745,397.1824999999999
850,2098.935562512775,407.9575
851,2100.9099766142353,440.34916666666686
852,2102.883658080762,430.1074999999996
853,2104.8559171229335,403.6408333333329
854,2106.8274448571747,417.6908333333331
855,2108.7975520045943,424.6574999999998
856,2110.7676185983037,415.5908333333332
857,2112.735576753847,404.92416666666713
858,2114.702806247171,437.5241666666666
859,2116.6693074828977,421.1908333333331
860,2118.6343924556404,459.0158333333334
861,2120.5994386435636,482.96583333333365
862,2122.5630698853274,432.49916666666695
863,2124.5252873474274,460.34916666666686
864,2126.4867795871214,391.12416666666695
865,2128.447547006388,429.9908333333333
866,2130.4069031225663,434.9824999999996
867,2132.364162466974,436.7408333333333
868,2134.3220724707035,431.5574999999999
869,2136.2785736409714,446.3658333333333
870,2138.2350388794366,427.16583333333347
871,2140.188725353984,429.9074999999998
872,2142.1423772007224,426.07416666666677
873,2144.0939387208973,441.0158333333334
874,2146.045466408842,435.5825
875,2147.996275296343,415.57416666666677
876,2149.9456814240034,436.44916666666677
877,2151.8943700488558,416.4408333333331
878,2153.8416577139974,427.0241666666666
879,2155.7882291712344,416.80749999999944
880,2157.7334014654293,435.92416666666713
881,2159.677858843891,420.04083333333347
882,2161.6216017006795,431.6324999999997
883,2163.563265234873,441.7324999999996
884,2165.5055807307713,436.99916666666695
885,2167.4458186927113,426.57416666666677
886,2169.384662861363,435.78250000000025
887,2171.324159166805,414.71583333333365
888,2173.261581116272,447.8074999999999
889,2175.1982927926656,450.4908333333333
890,2177.133613739824,496.6075000000005
891,2179.068225693548,450.4408333333331
892,2181.001448695267,468.6491666666666
893,2182.934644079557,444.6074999999996
894,2184.865092087539,471.84916666666686
895,2186.796872955402,467.8074999999999
896,2188.7259087155453,433.8658333333333
897,2190.65491840994,474.07416666666677
898,2192.5832228241165,532.7574999999997
899,2194.509465128281,521.2824999999998
900,2196.4350039170317,529.3574999999996
901,2198.359839575715,539.2658333333334
902,2200.283972489392,528.7908333333335
903,2202.206725424934,499.20750000000044
904,2204.128099508426,488.94916666666677
905,2206.0494501123408,484.24916666666695
906,2207.9687462483184,499.5658333333331
907,2209.8880196706987,496.8824999999997
908,2211.8052408705116,473.62416666666695
909,2213.7224401207795,520.6075000000001
910,2215.6382652813036,545.7908333333335
911,2217.554068762353,551.5658333333331
912,2219.4684994078398,583.6991666666663
913,2221.380883181757,599.7408333333333
914,2223.2925717540124,586.3491666666669
915,2225.2035655036293,653.0408333333335
916,2227.113864809343,743.2158333333336
917,2229.023470049626,836.1325000000002
918,2230.93103374597,980.5991666666664
919,2232.8392524791766,1224.2825000000003
920,2234.7454314021097,1659.8408333333336
921,2236.6502455530513,2204.390833333333
922,2238.5543689915426,3092.3575000000005
923,2240.4584748001516,4232.849166666666
924,2242.3605452334054,5409.8825
925,2244.2625987872075,5931.824166666665
926,2246.163291153471,6488.724166666666
927,2248.061951703958,6044.849166666666
928,2249.960596740273,4836.365833333333
929,2251.8578834128084,3435.674166666666
930,2253.7544838268936,2411.5991666666664
931,2255.6503983547937,1768.815833333333
932,2257.545627368507,1348.0825
933,2259.43950096321,1077.1325000000002
934,2261.3320202368413,974.0825
935,2263.22385607865,821.0908333333336
936,2265.1136697570655,770.2908333333335
937,2267.00414032874,719.2325000000005
938,2268.893259510191,710.4158333333335
939,2270.7816972212604,669.8908333333334
940,2272.6687852453247,681.0825
941,2274.5545246737615,708.5741666666668
942,2276.4395847003534,767.5825000000004
943,2278.3232978291308,786.5324999999998
944,2280.207000393581,853.7491666666665
945,2282.0893572743034,960.8825000000002
946,2283.971036700287,1075.2158333333336
947,2285.8513721350478,1080.690833333333
948,2287.7303646634455,1035.8658333333333
949,2289.6086817919245,958.7408333333333
950,2291.48632388458,866.2991666666667
951,2293.3632913052375,746.9908333333333
952,2295.2382530077316,653.3074999999999
953,2297.1138726530257,596.1574999999998
954,2298.986823034918,558.4658333333332
955,2300.8597666180385,516.7241666666664
956,2302.7313735482526,490.59083333333365
957,2304.6029739254423,458.16583333333347
958,2306.472574575462,459.5324999999998
959,2308.342169393899,458.79083333333347
960,2310.2097666342524,409.24916666666695
961,2312.0766952026797,407.6408333333334
962,2313.942955458233,399.3741666666665
963,2315.8078846745443,448.34916666666686
964,2317.672809617737,443.9324999999999
965,2319.535742101755,400.79083333333347
966,2321.398008654099,398.2658333333334
967,2323.2602717691625,407.7075
968,2325.120545391538,418.59083333333365
969,2326.9801546254544,460.46583333333365
970,2328.8384383985076,416.5241666666666
971,2330.6967201589523,350.4658333333332
972,2332.5530166850845,352.8658333333333
973,2334.4086511876862,387.4824999999996
974,2336.2642845058926,367.5074999999997
975,2338.1185957880093,398.08250000000044
976,2339.970926079607,362.0158333333334
977,2341.822596703099,395.4575
978,2343.674267555236,358.5908333333332
979,2345.5246196644694,361.7075
980,2347.3743131619526,362.3991666666666
981,2349.2226895587974,380.0908333333332
982,2351.0704085155153,380.8074999999999
983,2352.91615363865,371.6158333333333
984,2354.7612429587534,405.7575000000006
985,2356.606334729711,391.1908333333331
986,2358.4501132582022,382.7658333333329
987,2360.292579594143,369.4408333333331
988,2362.1350491941603,370.8408333333332
989,2363.9762077652736,374.1824999999999
990,2365.815399617171,345.87416666666695
991,2367.6545960092863,356.79083333333347
992,2369.493140317858,340.57416666666677
993,2371.3310328896205,364.8658333333333
994,2373.1669624567503,391.9074999999998
995,2375.0022419089487,390.7658333333329
996,2376.8368715914644,379.4991666666665
997,2378.67019673828,352.0074999999997
998,2380.5028732687783,351.4241666666667
999,2382.334901527114,348.37416666666695
1000,2384.164973024659,349.1158333333333
1001,2385.995052047911,368.13250000000016
1002,2387.82448429219,340.7824999999998
1003,2389.652616377456,400.1908333333331
1004,2391.4794493388317,375.12416666666695
1005,2393.305637471742,396.04083333333347
1006,2395.1311811175387,391.1908333333331
1007,2396.9554278167425,351.22416666666686
1008,2398.779031171294,401.22416666666686
1009,2400.601991521462,421.72416666666504
1010,2402.423657096829,369.57416666666677
1011,2404.243377045574,348.87416666666695
1012,2406.063759689406,393.3908333333329
1013,2407.882849724335,367.5241666666666
1014,2409.6999969843205,364.24916666666695
1015,2411.517807036311,359.4658333333332
1016,2413.333675905249,334.2574999999997
1017,2415.14890631328,369.13250000000016
1018,2416.962848319844,377.2741666666666
1019,2418.7761529955883,362.3908333333334
1020,2420.5894704967745,380.0158333333329
1021,2422.4008516977046,370.0491666666667
1022,2424.2122463950323,376.8658333333333
1023,2426.0217068309134,370.2158333333332
1024,2427.8298836151653,369.34916666666686
1025,2429.637426445486,380.2324999999996
1026,2431.4449841090545,361.8658333333333
1027,2433.2519080305606,354.3158333333331
1028,2435.0562545451044,339.1741666666667
1029,2436.861264890778,350.5241666666666
1030,2438.664995401262,299.82416666666677
1031,2440.4667997697006,351.4908333333333
1032,2442.268620964471,371.27416666666613
1033,2444.069164904534,397.8908333333329
1034,2445.8690792394023,386.22416666666686
1035,2447.6677178850787,361.4908333333333
1036,2449.4670204140334,370.0158333333334
1037,2451.263110025961,355.16583333333347
1038,2453.0592184426123,356.1574999999998
1039,2454.8546998042993,356.4908333333333
1040,2456.6495544393406,354.2991666666667
1041,2458.4431376146,389.3908333333334
1042,2460.2360951692103,397.9241666666676
1043,2462.027782818997,361.63250000000016
1044,2463.8182015650145,351.94916666666677
1045,2465.607996569618,349.0574999999999
1046,2467.3971681586963,342.6074999999996
1047,2469.1857166579093,364.22416666666686
1048,2470.972998902931,378.6741666666667
1049,2472.7590158907287,402.2241666666664
1050,2474.5450547015926,353.1158333333333
1051,2476.329829351567,381.8158333333331
1052,2478.112698240118,381.41583333333347
1053,2479.8955901462873,355.22416666666686
1054,2481.6785047232265,364.07416666666677
1055,2483.4588739218607,379.45750000000044
1056,2485.239266882462,343.0574999999999
1057,2487.019041778327,378.07416666666677
1058,2488.796275158288,398.9824999999996
1059,2490.5741745220694,372.9324999999999
1060,2492.3508164171226,408.4241666666667
1061,2494.126842421604,387.7324999999996
1062,2495.900972117632,368.0241666666666
1063,2497.6751275978722,376.67416666666713
1064,2499.4486685907236,389.2408333333333
1065,2501.220955711315,358.5074999999997
1066,2502.9919899427855,378.7324999999996
1067,2504.762411528758,441.8241666666663
1068,2506.531581746511,342.9824999999996
1069,2508.300140396079,364.59916666666686
1070,2510.067449195527,381.8408333333332
1071,2511.8354242586497,384.84083333333365
1072,2513.600873789458,401.0491666666667
1073,2515.3657139003803,399.9658333333332
1074,2517.1299449069124,383.8658333333333
1075,2518.893567124336,362.19916666666677
1076,2520.65594359015,376.8158333333331
1077,2522.417712336304,374.53250000000025
1078,2524.178873677084,386.2574999999997
1079,2525.9381546889244,353.79083333333347
1080,2527.6974662001853,385.68249999999944
1081,2529.454899324957,376.4324999999999
1082,2531.2129995363402,388.6574999999998
1083,2532.9685871200804,396.54083333333347
1084,2534.7242064531288,388.91583333333347
1085,2536.4792218857515,367.82416666666677
1086,2538.232998642498,402.5491666666667
1087,2539.985537689555,379.84083333333365
1088,2541.7368399919787,401.9824999999996
1089,2543.4888098122974,386.9908333333333
1090,2545.238909293303,374.7658333333334
1091,2546.987774048599,413.3574999999996
1092,2548.737306379387,382.3574999999996
1093,2550.4849710404533,401.08250000000044
1094,2552.2314029897334,402.9241666666667
1095,2553.9766031867266,388.9824999999996
1096,2555.7224713235205,418.8824999999997
1097,2557.4664756289726,412.37416666666695
1098,2559.2098826662195,436.7408333333333
1099,2560.952692742028,422.9074999999998
1100,2562.6936420733937,429.0491666666667
1101,2564.4339959212184,411.96583333333365
1102,2566.1737545909696,406.2075
1103,2567.912918387909,410.3991666666666
1104,2569.6508564362093,440.57416666666677
1105,2571.388831618211,416.7158333333332
1106,2573.1249513425064,421.40750000000025
1107,2574.8604782745547,403.0574999999999
1108,2576.5947823987253,433.7324999999996
1109,2578.328494767738,441.43249999999944
1110,2580.0616156844035,425.69916666666677
1111,2581.793515776887,399.8158333333331
1112,2583.525454911203,479.6325000000006
1113,2585.255545009802,390.94916666666677
1114,2586.9850457228317,432.6408333333334
1115,2588.712699717805,408.4408333333331
1116,2590.4410229911205,390.40750000000025
1117,2592.168129392628,418.1824999999999
1118,2593.893391689224,423.057499999999
1119,2595.619951269979,411.9741666666664
1120,2597.3440400248724,345.3824999999997
1121,2599.0669152433225,400.0658333333331
1122,2600.789832506445,378.2824999999998
1123,2602.5109101481653,403.09916666666686
1124,2604.232657326148,326.9074999999998
1125,2605.9525663304853,357.20750000000044
1126,2607.671891675088,332.91583333333347
1127,2609.390007399532,325.3158333333331
1128,2611.1075404829317,352.8158333333331
1129,2612.8244912216096,347.2575000000006
1130,2614.540234290887,307.8908333333334
1131,2616.2553960314767,333.3325
1132,2617.96872634454,325.5658333333331
1133,2619.68272673723,314.4408333333331
1134,2621.3955219127556,284.5908333333332
1135,2623.1064882376836,313.6074999999996
1136,2624.816875976411,301.8158333333331
1137,2626.5266854223714,290.3158333333331
1138,2628.2365407981324,310.41583333333347
1139,2629.944570608741,331.6158333333333
1140,2631.651399919385,280.6741666666667
1141,2633.3582762486835,349.8575000000005
1142,2635.0639530833223,268.7075
1143,2636.7678084693225,308.8658333333333
1144,2638.472957291942,295.3158333333331
1145,2640.1756632120205,262.52416666666613
1146,2641.877172903152,276.74916666666695
1147,2643.5793533960828,294.1324999999997
1148,2645.2797164126905,294.1408333333329
1149,2646.9795067360856,330.5324999999998
1150,2648.6781032466547,288.5158333333334
1151,2650.3767492604807,268.6324999999997
1152,2652.0735814668433,297.5324999999998
1153,2653.769842971519,298.3908333333334
1154,2655.4661546355424,293.8658333333333
1155,2657.160655027105,355.6075000000001
1156,2658.8539658409413,273.6324999999997
1157,2660.547327884683,290.8325
1158,2662.2401210805047,275.5658333333331
1159,2663.93048712024,291.6991666666663
1160,2665.6215247801883,286.3824999999997
1161,2667.3113757509354,273.67416666666713
1162,2669.000040941194,277.4658333333332
1163,2670.6881399595472,287.74916666666695
1164,2672.3750545971448,287.8658333333333
1165,2674.06140404651,276.66583333333347
1166,2675.747188591643,303.682499999999
1167,2677.431790644026,281.9575
1168,2679.115828773304,280.6074999999996
1169,2680.798685803726,292.4408333333331
1170,2682.480979890223,246.72416666666686
1171,2684.1620942692375,253.39083333333338
1172,2685.842646681564,277.3908333333334
1173,2687.522020775278,274.3158333333331
1174,2689.2008338776,281.6408333333334
1175,2690.8797024914,252.3991666666666
1176,2692.55677823207,257.09083333333365
1177,2694.2332942352773,245.41583333333347
1178,2695.9086351761257,258.94916666666677
1179,2697.5834173503627,273.09083333333365
1180,2699.2576410374822,230.5658333333331
1181,2700.9306915272446,246.32416666666631
1182,2702.6031844982363,251.87416666666695
1183,2704.2745056491995,270.2658333333334
1184,2705.944655872494,231.45750000000044
1185,2707.614250230398,231.9408333333331
1186,2709.2839029668835,274.2491666666647
1187,2710.951158697379,261.1741666666667
1188,2712.619700885471,260.0241666666666
1189,2714.285847846285,280.2158333333332
1190,2715.9514411426794,290.7824999999998
1191,2717.6158681038232,286.6491666666666
1192,2719.279742359351,271.9908333333333
1193,2720.9436767243337,339.87416666666695
1194,2722.6052215178347,326.2575000000006
1195,2724.2680516439013,314.2658333333334
1196,2725.927882036808,335.1908333333331
1197,2727.5883857711,306.1324999999997
1198,2729.2471158046374,301.5158333333334
1199,2730.9052962713613,293.6491666666666
1200,2732.563538564007,284.3574999999996
1201,2734.2200095964963,273.29083333333347
1202,2735.875932285464,265.62416666666695
1203,2737.530696390138,254.73249999999962
1204,2739.184913099534,245.14083333333338
1205,2740.838582685225,230.1241666666665
1206,2742.4904856034027,225.95749999999998
1207,2744.1430621589634,207.24083333333328
1208,2745.793873395123,210.0241666666666
1209,2747.4447487006532,217.1574999999998
1210,2749.093860435687,251.6574999999998
1211,2750.741818977787,215.20749999999998
1212,2752.3898425996467,185.99916666666695
1213,2754.036713968802,200.84916666666686
1214,2755.6824339562604,233.5324999999998
1215,2757.328219629039,190.9658333333332
1216,2758.973462755965,182.88250000000016
1217,2760.6169482098608,214.91583333333347
1218,2762.2592849571884,209.3074999999999
1219,2763.9010811628855,196.73249999999962
1220,2765.5429441917354,183.75750000000016
1221,2767.1830530164984,187.73249999999962
1222,2768.8226224988543,178.33249999999998
1223,2770.4616529047985,193.6824999999999
1224,2772.1001445001534,193.34916666666686
1225,2773.7368853491857,180.59916666666686
1226,2775.3730887151173,197.72416666666686
1227,2777.0093605654465,211.62416666666695
1228,2778.6444895603086,183.34916666666595
1229,2780.2778712552245,199.7574999999997
1230,2781.9113224259804,193.7741666666666
1231,2783.5442378323373,190.2741666666666
1232,2785.1754083177284,210.1908333333331
1233,2786.806044358394,156.79083333333347
1234,2788.4367505309133,168.58249999999998
1235,2790.0657141558504,192.9324999999999
1236,2791.6941445190696,174.7824999999998
1237,2793.3214381616685,183.54083333333347
1238,2794.9488029842737,199.72416666666686
1239,2796.574428678364,216.25750000000062
1240,2798.19952294601,188.49916666666695
1241,2799.824688979279,181.20749999999998
1242,2801.4481182439936,197.09916666666595
1243,2803.0710172572703,199.36583333333328
1244,2804.6927839378955,191.5574999999999
1245,2806.3146234240257,179.48249999999962
1246,2807.934127593693,173.12416666666695
1247,2809.553705479652,182.9408333333331
1248,2811.172755196017,212.24916666666695
1249,2812.7906756417533,198.4324999999999
1250,2814.4086699897716,188.07416666666677
1251,2816.0249350075715,192.29083333333347
1252,2817.640673671042,211.5574999999999
1253,2819.255285660953,211.09916666666686
1254,2820.869972582341,189.54083333333347
1255,2822.4829335490213,200.10750000000007
1256,2824.0959699599275,220.09916666666686
1257,2825.7078818950713,249.34916666666595
1258,2827.3186701953455,238.0991666666664
1259,2828.928935106271,261.58250000000044
1260,2830.538077672035,245.74916666666695
1261,2832.14669774756,260.7658333333334
1262,2833.7535979433405,228.83249999999998
1263,2835.3611741902614,269.6408333333334
1264,2836.9682287095775,275.2824999999998
1265,2838.5735652765807,277.4241666666667
1266,2840.1783813997117,240.1908333333331
1267,2841.782079480357,284.4575
1268,2843.3846603524084,239.38250000000062
1269,2844.987319778013,231.84083333333365
1270,2846.5894601577106,260.1075000000001
1271,2848.189887588155,233.49916666666695
1272,2849.790394134253,261.9241666666667
1273,2851.3891893933837,251.3158333333331
1274,2852.987467771783,261.0158333333334
1275,2854.5846332141286,270.21583333333365
1276,2856.1812826621476,231.9074999999998
1277,2857.778012286623,268.4408333333331
1278,2859.373630303421,279.4074999999998
1279,2860.9675420035255,259.99916666666695
1280,2862.5615348211563,312.49916666666695
1281,2864.1538229733414,259.7574999999997
1282,2865.7461927405084,271.9575
1283,2867.337454259011,296.0574999999999
1284,2868.929392081802,286.22416666666686
1285,2870.5184389977708,276.3325
1286,2872.107568520107,305.1908333333331
1287,2873.69618631964,297.7158333333332
1288,2875.2831050213204,298.4074999999998
1289,2876.8695132585763,262.8158333333331
1290,2878.4554112776664,264.93249999999944
1291,2880.0413925631124,271.9241666666667
1292,2881.625677645613,275.2075
1293,2883.209453629061,334.04083333333347
1294,2884.7921280920677,306.3908333333334
1295,2886.3737018507313,293.2491666666665
1296,2887.955360293059,291.3908333333334
1297,2889.536510996837,272.7824999999998
1298,2891.1165623002853,260.6158333333333
1299,2892.6955150172903,280.16583333333347
1300,2894.2733699608175,289.0991666666664
1301,2895.850719280258,269.8991666666666
1302,2897.426972070722,307.6158333333333
1303,2899.0027201015923,302.2741666666666
1304,2900.5779636152884,306.4824999999996
1305,2902.1532934343722,284.4658333333332
1306,2903.726938060045,282.9408333333331
1307,2905.299489070225,303.79916666666713
1308,2906.8715372864003,344.82416666666677
1309,2908.4424931243807,307.9825000000001
1310,2910.0129470273523,327.2824999999998
1311,2911.5834886843318,349.8658333333333
1312,2913.1529392504303,370.6908333333331
1313,2914.720710458505,428.1408333333329
1314,2916.2879814448534,411.8991666666666
1315,2917.8547524488417,460.0825
1316,2919.4204352010215,506.9241666666667
1317,2920.9856188243834,512.7158333333332
1318,2922.5497154239365,626.9575
1319,2924.1144896390665,744.2658333333329
1320,2925.6770017893728,899.2908333333335
1321,2927.239016513184,1190.815833333333
1322,2928.800534047998,1540.4575000000004
1323,2930.3609674331647,2065.840833333333
1324,2931.9209044774634,2594.640833333333
1325,2933.4809322422384,3095.6991666666668
1326,2935.0392904904134,3349.957500000001
1327,2936.5965670289706,3395.2075000000004
1328,2938.153348918198,3053.940833333333
1329,2939.7090503144773,2489.674166666667
1330,2941.2642579046606,1844.4324999999994
1331,2942.8189719238285,1375.682499999999
1332,2944.3726070853595,1021.6408333333334
1333,2945.926334852879,796.8825000000002
1334,2947.478984603423,618.8325
1335,2949.0299721631504,556.9491666666668
1336,2950.58046843712,465.20750000000044
1337,2952.130473658724,437.5491666666667
1338,2953.6805724704745,388.1741666666667
1339,2955.2284276533246,405.9408333333331
1340,2956.7763772621433,332.09916666666686
1341,2958.323253265422,325.3824999999997
1342,2959.8696401196144,344.2824999999998
1343,2961.4155380566995,344.0491666666667
1344,2962.9597807058917,342.1324999999997
1345,2964.503535638609,339.7574999999997
1346,2966.046220152785,308.21583333333365
1347,2967.5901660275213,377.41583333333347
1348,2969.1318764473504,326.3908333333334
1349,2970.6731004416333,347.9908333333333
1350,2972.212673845256,357.69916666666677
1351,2973.7523440319205,400.50750000000016
1352,2975.2921106806066,369.69916666666677
1353,2976.829065233985,358.5825
1354,2978.3666989053495,391.6741666666667
1355,2979.9038482622204,397.6908333333331
1356,2981.4381891405383,387.82416666666677
1357,2982.974371286465,413.5158333333334
1358,2984.507746872846,435.8658333333333
1359,2986.041801620275,478.3908333333334
1360,2987.574213190213,455.44916666666677
1361,2989.1073036457783,447.8908333333334
1362,2990.638752108089,483.4908333333333
1363,2992.1685598974027,484.16583333333347
1364,2993.6978876101653,513.6824999999994
1365,2995.2278943865235,524.3574999999996
1366,2996.7562622603405,487.32416666666677
1367,2998.2841507351955,499.8325
1368,2999.8115600366077,514.874166666667
1369,3001.3361754675684,476.6574999999998
1370,3002.861470725067,438.9074999999998
1371,3004.38744494594,440.3658333333333
1372,3005.9094717712555,432.1408333333329
1373,3007.433334745139,411.9241666666667
1374,3008.9555649681392,393.1324999999997
1375,3010.4784743273503,359.9241666666667
1376,3011.9997521064415,344.1908333333331
1377,3013.5193996125167,362.13250000000016
1378,3015.0385723570976,346.08250000000044
1379,3016.5572705626346,305.16583333333347
1380,3018.0754944514388,290.2824999999998
1381,3019.59324424568,343.0574999999999
1382,3021.1093674020144,283.9241666666667
1383,3022.6250176271055,268.5491666666667
1384,3024.1401951422063,268.2408333333333
1385,3025.653748480949,251.10749999999962
1386,3027.1679815983225,251.04916666666668
1387,3028.680591698652,256.9241666666667
1388,3030.192730689614,255.24916666666695
1389,3031.704398791268,206.54083333333347
1390,3033.214446328292,208.0241666666666
1391,3034.725173668905,226.45749999999998
1392,3036.2342815996067,226.6824999999999
1393,3037.741771411926,259.5491666666667
1394,3039.2510897929155,206.24083333333328
1395,3040.7576423845885,175.85749999999962
1396,3042.263727050231,193.0574999999999
1397,3043.76934400781,236.29083333333347
1398,3045.2744934751586,214.70749999999998
1399,3046.778028986432,183.37416666666695
1400,3048.2810981542743,243.13250000000062
1401,3049.7837011956144,172.94916666666631
1402,3051.2869839443915,173.67416666666668
1403,3052.787509765846,176.16583333333347
1404,3054.288715727926,190.6324999999997
1405,3055.787167324626,202.42416666666668
1406,3057.286299493616,181.99083333333328
1407,3058.7838236987673,186.47416666666595
1408,3060.2820281985387,204.17416666666668
1409,3061.779769009628,207.62416666666695
1410,3063.274760780816,177.23250000000007
1411,3064.770433137124,184.64916666666613
1412,3066.265643156222,179.54083333333347
1413,3067.7592493281686,159.8158333333331
1414,3069.2512529247356,157.8158333333331
1415,3070.745078275596,196.49916666666695
1416,3072.237301478116,191.35750000000007
1417,3073.7279238022,164.66583333333347
1418,3075.218086479953,188.9324999999999
1419,3076.7077897239474,169.52416666666613
1420,3078.197033746622,179.37416666666695
1421,3079.685818760285,151.1908333333331
1422,3081.1730064177723,140.7158333333332
1423,3082.6597361917807,158.76583333333338
1424,3084.1448704350028,182.12416666666695
1425,3085.6306854264117,149.99083333333328
1426,3087.1149060093067,154.99083333333328
1427,3088.598670252982,148.20749999999998
1428,3090.080841907869,146.1824999999999
1429,3091.5636944535386,134.8158333333331
1430,3093.046091290721,169.60749999999962
1431,3094.528032629455,155.39083333333338
1432,3096.0072485511846,117.19916666666677
1433,3097.4871455039083,125.13249999999971
1434,3098.965453915847,166.95749999999998
1435,3100.4444430801964,125.30749999999944
1436,3101.9218448172333,144.7741666666666
1437,3103.398793703317,171.3991666666666
1438,3104.874156968755,128.73249999999962
1439,3106.3490684934927,120.99083333333328
1440,3107.823528484977,121.47416666666686
1441,3109.2975371505268,136.99083333333328
1442,3110.769963105758,176.96583333333365
1443,3112.2430700871287,147.5658333333331
1444,3113.7157263636004,156.41583333333347
1445,3115.186801588396,133.04916666666668
1446,3116.656297004706,161.49083333333328
1447,3118.12647358066,147.26583333333338
1448,3119.5950714502715,134.79916666666668
1449,3121.06435020058,172.1241666666665
1450,3122.5309225168317,117.58250000000044
1451,3123.9970476395747,137.6324999999997
1452,3125.4638539138377,142.34083333333365
1453,3126.9290849191,148.86583333333328
1454,3128.3938693441632,112.52416666666659
1455,3129.857080283771,102.09916666666686
1456,3131.3198457378535,154.67416666666668
1457,3132.7821659098263,112.24916666666695
1458,3134.246293163656,104.8158333333331
1459,3135.706596958293,119.23249999999962
1460,3137.166456765385,141.7824999999998
1461,3138.625872787383,116.27416666666659
1462,3140.0848452266164,125.19916666666677
1463,3141.544498654811,93.58249999999998
1464,3143.0014601654952,130.5324999999998
1465,3144.4579793824837,132.9991666666665
1466,3145.9140565071466,118.59916666666595
1467,3147.369691740733,64.6574999999998
1468,3148.8248852843717,95.39916666666659
1469,3150.2785150153427,139.55749999999944
1470,3151.73058215501,101.6908333333331
1471,3153.1844528551524,138.0241666666666
1472,3154.6378826681735,126.89083333333338
1473,3156.088629866829,106.27416666666659
1474,3157.537817312452,102.85749999999962
1475,3158.9888070793745,111.09083333333365
1476,3160.437117544948,63.04916666666668
1477,3161.887229373963,115.71583333333365
1478,3163.3346636553065,131.36583333333328
1479,3164.7816604809163,104.48249999999962
1480,3166.2271014557505,111.87416666666695
1481,3167.6732243025776,103.7491666666665
1482,3169.117792370164,97.07416666666631
1483,3170.563042029788,108.19916666666677
1484,3172.0056207373564,121.10750000000007
1485,3173.449998337732,143.1908333333331
1486,3174.8917067289826,123.43249999999944
1487,3176.3329805938997,108.75750000000062
1488,3177.7738201289017,77.99083333333328
1489,3179.213109969817,122.26583333333338
1490,3180.6530817698163,108.35750000000007
1491,3182.0926198282928,89.71583333333365
1492,3183.5306097881503,103.27416666666613
1493,3184.968167069184,128.26583333333292
1494,3186.4041779838662,105.9408333333331
1495,3187.8408708279294,126.89083333333292
1496,3189.2749051519118,133.7741666666666
1497,3190.709621794292,80.87416666666695
1498,3192.1439074013942,125.51583333333338
1499,3193.577762167433,128.09916666666686
1500,3195.0100744098386,102.01583333333292
1501,3196.4419568667413,107.25749999999971
1502,3197.872298521698,115.68249999999989
1503,3199.3033223210364,99.65750000000025
1504,3200.7339169146217,125.43249999999989
1505,3202.16297228488,104.63250000000016
1506,3203.591599500868,116.63249999999971
1507,3205.018689209126,131.42416666666668
1508,3206.4453518121186,77.52416666666659
1509,3207.871587501559,129.14083333333292
1510,3209.296287918623,87.55749999999989
1511,3210.7216706872227,107.90750000000025
1512,3212.1466271165627,75.85749999999962
1513,3213.5711573978947,118.5658333333331
1514,3214.9930472717465,119.01583333333292
1515,3216.415619597678,110.13250000000062
1516,3217.8366604454814,88.03250000000025
1517,3219.257277230496,104.6908333333331
1518,3220.678576046621,126.09916666666595
1519,3222.0972393712145,83.29083333333347
1520,3223.516585106165,93.49916666666695
1521,3224.9344026217054,107.13250000000062
1522,3226.3517976809435,118.7491666666665
1523,3227.768770472665,124.44916666666631
1524,3229.1853211855446,97.39083333333338
1525,3230.5992428089694,123.09916666666595
1526,3232.014950586956,92.86583333333328
1527,3233.429133908259,122.1908333333331
1528,3234.8428965603753,171.69916666666631
1529,3236.2551364438073,73.79916666666668
1530,3237.666956688571,123.16583333333347
1531,3239.0783574816796,97.99916666666695
1532,3240.4893390100337,112.17416666666668
1533,3241.899901460422,108.75749999999971
1534,3243.3089443682065,112.79083333333347
1535,3244.7175692245874,104.98250000000007
1536,3246.125776215586,84.7824999999998
1537,3247.532465854694,120.94916666666677
1538,3248.938738652065,102.82416666666677
1539,3250.344594792954,123.26583333333292
1540,3251.750034462507,138.79083333333347
1541,3253.15615621569,181.565833333334
1542,3254.55966512764,125.61583333333328
1543,3255.961661053099,136.1241666666665
1544,3257.3643399411776,98.5658333333331
1545,3258.7655068600984,78.8741666666665
1546,3260.1684532069803,126.71583333333365
1547,3261.568791530406,123.05749999999989
1548,3262.9687161555707,91.1908333333331
1549,3264.3671314908506,96.80749999999989
1550,3265.7662295928862,139.79083333333347
1551,3267.1638194179777,113.39083333333292
1552,3268.560996923591,167.94916666666631
1553,3269.9566678097835,125.1908333333331
1554,3271.353021546429,71.91583333333347
1555,3272.7489635104453,128.86583333333328
1556,3274.143400369215,130.2491666666665
1557,3275.5374264639267,118.13250000000062
1558,3276.931041976054,162.93249999999944
1559,3278.323154537839,150.59916666666595
1560,3279.715949750458,111.33250000000044
1561,3281.106151111524,127.20750000000044
1562,3282.495943899227,160.2991666666676
1563,3283.88641955846,102.53250000000025
1564,3285.275395419,139.72416666666595
1565,3286.66396324627,106.60749999999962
1566,3288.052123220042,131.27416666666613
1567,3289.4387855367313,135.2158333333332
1568,3290.8239513352482,125.29916666666668
1569,3292.2119791296213,142.71583333333365
1570,3293.597421100456,131.14083333333292
1571,3294.9813680488046,127.78250000000025
1572,3296.364909496541,110.6241666666665
1573,3297.74804562186,90.9408333333331
1574,3299.13186435132,100.54916666666668
1575,3300.5131026174904,106.09083333333365
1576,3301.8939367319053,151.43249999999898
1577,3303.274366871923,119.85749999999962
1578,3304.654393214795,130.53250000000025
1579,3306.034015937673,107.55749999999989
1580,3307.411063535813,136.7241666666655
1581,3308.788794660853,115.6908333333331
1582,3310.168293744058,111.9408333333331
1583,3311.5441346119005,131.8158333333331
1584,3312.919574010849,132.04083333333347
1585,3314.2946121165996,118.8741666666665
1586,3315.669249104745,110.42416666666668
1587,3317.0434851507794,103.44916666666631
1588,3318.4173204300905,133.73249999999962
1589,3319.789672125373,154.28250000000025
1590,3321.1616240355884,92.0991666666664
1591,3322.533176335407,97.46583333333365
1592,3323.904329199394,113.76583333333292
1593,3325.272919338173,133.14083333333292
1594,3326.6421930662527,116.63250000000062
1595,3328.0110685106292,121.40750000000025
1596,3329.380626633505,112.45750000000044
1597,3330.747625243173,99.92416666666668
1598,3332.114226718211,117.33250000000044
1599,3333.4804312316564,103.83250000000044
1600,3334.8451594232074,92.5324999999998
1601,3336.210570845635,119.13250000000062
1602,3337.5745069181403,132.39083333333292
1603,3338.938047346186,101.03250000000025
1604,3340.3011923018953,80.14083333333292
1605,3341.6628639887695,142.38250000000062
1606,3343.0241411720785,138.47416666666595
1607,3344.3850240232423,127.92416666666668
1608,3345.7444356812584,99.18249999999989
1609,3347.1045306938704,105.5324999999998
1610,3348.4642318878605,123.98250000000007
1611,3349.8224633369177,178.79916666666577
1612,3351.179226145644,90.27416666666613
1613,3352.536672368261,104.35750000000007
1614,3353.8926509129556,108.64083333333292
1615,3355.249312589875,66.03250000000025
1616,3356.6045075503444,78.30749999999989
1617,3357.9582368953124,123.96583333333365
1618,3359.3126495709275,140.74083333333328
1619,3360.664523976314,141.19916666666631
1620,3362.017082050294,124.33249999999998
1621,3363.3681770438293,73.19916666666631
1622,3364.7188827387545,83.76583333333292
1623,3366.069199303302,114.89083333333292
1624,3367.420198973138,112.84916666666595
1625,3368.7697374724935,73.80749999999989
1626,3370.1188873457186,96.89916666666613
1627,3371.4665776189613,129.09916666666595
1628,3372.812809384273,103.78250000000025
1629,3374.1607953104253,108.09083333333365
1630,3375.5062528450176,145.52416666666613
1631,3376.8513238221444,63.29916666666668
1632,3378.197078011631,95.38249999999971
1633,3379.54030677018,103.00750000000062
1634,3380.883150084685,69.18249999999989
1635,3382.2266768035934,71.14916666666659
1636,3383.567681045004,82.91583333333347
1637,3384.909369022297,70.69916666666631
1638,3386.2517399818116,73.1241666666665
1639,3387.590523341753,71.94916666666631
1640,3388.9310577782385,95.79916666666668
1641,3390.2690742380623,80.76583333333292
1642,3391.607774340872,94.42416666666668
1643,3392.9460910997877,120.23250000000007
1644,3394.282958749409,99.75750000000016
1645,3395.6194439943206,81.73250000000007
1646,3396.9544816779326,76.32416666666677
1647,3398.2902029101174,77.09916666666595
1648,3399.6244775175655,79.14916666666659
1649,3400.958370984306,84.1241666666665
1650,3402.2908193697103,127.23250000000007
1651,3403.622887548361,69.76583333333338
1652,3404.9556391797873,54.41583333333347
1653,3406.2880103228385,81.57416666666631
1654,3407.6178753606814,82.74916666666695
1655,3408.9484240354104,74.27416666666613
1656,3410.276468747551,72.6241666666665
1657,3411.6062594022137,80.1241666666665
1658,3412.9346093079093,90.34916666666595
1659,3414.2615195337094,73.52416666666613
1660,3415.588052222392,61.23250000000007
1661,3416.9142075350615,127.47416666666595
1662,3418.2399856327297,105.6908333333331
1663,3419.56538667632,80.68249999999989
1664,3420.888291088966,93.44916666666631
1665,3422.2129391094372,90.92416666666668
1666,3423.5361512910945,98.4991666666665
1667,3424.858987663075,86.21583333333365
1668,3426.179331054391,102.39916666666613
1669,3427.5003585229756,73.0991666666664
1670,3428.82206932736,93.9408333333331
1671,3430.142347196645,65.60750000000007
1672,3431.4611931903773,86.90750000000025
1673,3432.7807226978384,122.82416666666631
1674,3434.097764381201,85.9991666666665
1675,3435.4144333287413,95.18249999999989
1676,3436.731785966715,99.75750000000062
1677,3438.047709618322,104.59916666666595
1678,3439.363261008595,85.75750000000062
1679,3440.678440295475,98.4991666666665
1680,3441.993247636812,79.5324999999998
1681,3443.305573639792,50.95750000000044
1682,3444.618583682181,39.54916666666668
1683,3445.9312228476947,65.2491666666665
1684,3447.243491293448,63.77416666666613
1685,3448.554335591889,65.25750000000062
1686,3449.8648100792016,88.38250000000062
1687,3451.1749149118577,44.70749999999998
1688,3452.4846502462433,73.49083333333328
1689,3453.791911444972,81.45750000000044
1690,3455.1009088450364,28.26583333333292
1691,3456.407433607159,97.80749999999989
1692,3457.7135906803023,68.23250000000007
1693,3459.021482644022,51.115833333333285
1694,3460.3269042132333,48.64916666666613
1695,3461.630907938316,72.99083333333328
1696,3462.935595511122,97.68249999999989
1697,3464.238866140054,66.76583333333292
1698,3465.5428203353335,96.34083333333365
1699,3466.8443090459086,56.35749999999962
1700,3468.146481631337,70.66583333333347
1701,3469.44723965952,54.882500000000164
1702,3470.7476327243676,65.42416666666713
1703,3472.0476609794578,83.82416666666677
1704,3473.346276609356,79.72416666666595
1705,3474.644528323944,45.79083333333347
1706,3475.9424162761734,42.407500000000255
1707,3477.2409877072378,87.0991666666664
1708,3478.537101504924,57.8741666666665
1709,3479.833899086919,61.074166666666315
1710,3481.129287308416,61.97416666666595
1711,3482.4243131166177,75.14916666666613
1712,3483.7200222874344,54.59916666666595
1713,3485.0132781013153,85.39083333333292
1714,3486.3061725423586,57.48250000000007
1715,3487.598705762009,78.29083333333347
1716,3488.88983345584,75.04916666666668
1717,3490.1816449784133,88.9991666666665
1718,3491.4720518605714,82.1241666666665
1719,3492.7620987088458,69.75750000000062
1720,3494.0507423832632,81.90750000000025
1721,3495.3411129062883,70.01583333333292
1722,3496.629037847736,89.77416666666613
1723,3497.915561520164,69.43249999999989
1724,3499.2027692009337,85.42416666666759
1725,3500.4896183309042,82.8158333333331
1726,3501.7750675119096,78.38250000000062
1727,3503.06015902142,37.907500000000255
1728,3504.3448930086943,52.157500000000255
1729,3505.629269622912,68.34916666666595
1730,3506.9122486233987,68.65750000000025
1731,3508.1938310263745,63.324166666666315
1732,3509.4760974712194,96.94916666666631
1733,3510.7580077164157,47.79916666666668
1734,3512.038522675684,55.64916666666613
1735,3513.3186823089663,55.85750000000007
1736,3514.5984867641423,61.79083333333347
1737,3515.877936189005,32.71583333333365
1738,3517.1559926490468,56.08250000000044
1739,3518.433694949635,28.740833333333285
1740,3519.712080745016,72.45750000000044
1741,3520.9880376611272,67.33250000000044
1742,3522.2636414335607,49.63250000000062
1743,3523.538892208904,79.34916666666595
1744,3524.8137901336645,18.374166666666497
1745,3526.0883353542667,101.9491666666654
1746,3527.360456445156,68.66583333333347
1747,3528.634297269305,37.16583333333347
1748,3529.907785827851,66.72416666666595
1749,3531.1788524120752,44.50750000000062
1750,3532.450602808174,88.34916666666595
1751,3533.7199332356977,64.29083333333347
1752,3534.9899477654776,90.22416666666595
1753,3536.2585781147527,23.540833333333467
1754,3537.527892285545,50.39500000000044
1755,3538.7958231355856,77.2491666666665
1756,3540.0634045952875,42.782500000000255
1757,3541.330636809047,23.79916666666668
1758,3542.59751992118,28.949166666666315
1759,3543.861989919433,45.27416666666613
1760,3545.1271440350247,73.91583333333347
1761,3546.3909185384823,49.824166666666315
1762,3547.6564081056385,53.01583333333292
1763,3548.9194874045456,56.42416666666668
1764,3550.1822195995696,96.36583333333328
1765,3551.443574456673,50.615833333333285
1766,3552.7045830618217,40.449166666666315
1767,3553.9673051804525,55.9408333333331
1768,3555.2276211440817,69.47416666666595
1769,3556.486562037161,64.48250000000007
1770,3557.7461867768798,40.449166666666315
1771,3559.004437294867,43.3158333333331
1772,3560.2623429791934,37.97416666666595
1773,3561.5188758531717,34.00750000000062
1774,3562.776092576979,52.14083333333292
1775,3564.0319373365523,65.73250000000007
1776,3565.2884656657047,60.04083333333347
1777,3566.542595882828,62.9991666666665
1778,3567.7974099516127,51.3158333333331
1779,3569.050854307224,40.08250000000044
1780,3570.3039560833045,56.10750000000007
1781,3571.556715420279,32.89916666666613
1782,3572.809132458498,55.92416666666668
1783,3574.0601820278453,26.815833333333103
1784,3575.3108901387895,27.732500000000073
1785,3576.5602321800266,7.949166666666315
1786,3577.8102580730165,55.032500000000255
1787,3579.0589187343585,48.55749999999989
1788,3580.3072390543402,50.615833333333285
1789,3581.554195537798,5.099166666665951
1790,3582.8028592266605,47.88250000000062
1791,3584.0491362804487,11.774166666666133
1792,3585.294051307719,-15.667499999999563
1793,3586.5396503220118,19.43249999999989
1794,3587.7849103849235,77.64916666666613
1795,3589.0298316347894,43.68249999999989
1796,3590.272370837845,29.51583333333292
1797,3591.5166154320946,71.09916666666595
1798,3592.758479366013,42.8741666666665
1799,3594.0000061489764,48.115833333333285
1800,3595.241195918264,42.47416666666595
1801,3596.4820488110836,32.532500000000255
1802,3597.721544941565,63.13250000000062
1803,3598.9617247695173,71.95750000000044
1804,3600.2005486622284,32.66583333333347
1805,3601.439036779267,47.71583333333365
1806,3602.676170339564,32.89083333333292
1807,3603.913987590751,54.34916666666595
1808,3605.149432743696,47.3741666666665
1809,3606.386579949831,40.365833333333285
1810,3607.622374247093,43.05749999999989
1811,3608.856816597817,63.824166666666315
1812,3610.09092522751,31.982500000000073
1813,3611.3236832818393,13.315833333333103
1814,3612.557125150166,37.50750000000062
1815,3613.7892172627644,54.1908333333331
1816,3615.0209767440306,65.13250000000062
1817,3616.2524037286503,55.60750000000007
1818,3617.483498351233,56.79083333333347
1819,3618.714260746318,36.157500000000255
1820,3619.94266090881,77.76583333333292
1821,3621.171745003619,24.540833333333467
1822,3622.3994832981116,29.43249999999989
1823,3623.6289194952237,34.449166666666315
1824,3624.8559961834453,56.907500000000255
1825,3626.0827425420043,40.740833333333285
1826,3627.30814527349,48.324166666666315
1827,3628.533218487204,46.34083333333365
1828,3629.757962316042,32.42416666666668
1829,3630.982376892828,41.97416666666595
1830,3632.205450008647,60.532500000000255
1831,3633.4302188211873,38.41583333333347
1832,3634.652634640393,13.149166666666133
1833,3635.87371075532,45.407500000000255
1834,3637.095470622151,15.007500000000618
1835,3638.3158915914814,27.46583333333365
1836,3639.535985321249,52.84083333333365
1837,3640.7557519430534,56.449166666665406
1838,3641.9751915884244,50.02416666666613
1839,3643.193294488609,89.99083333333328
1840,3644.4110712162383,56.490833333333285
1841,3645.628521902304,32.33250000000044
1842,3646.8456466777284,13.282500000000255
1843,3648.061436853891,58.6241666666665
1844,3649.2769019207603,54.51583333333292
1845,3650.493050288813,73.65750000000025
1846,3651.706857248099,51.6241666666665
1847,3652.920340027773,43.64916666666613
1848,3654.1334987576865,68.7491666666665
1849,3655.3463335676247,13.590833333333649
1850,3656.558844587304,25.30749999999989
1851,3657.7710319463695,70.45750000000044
1852,3658.980882979757,58.89916666666613
1853,3660.191417814259,24.13250000000062
1854,3661.400624052017,-0.050833333333685005
1855,3662.610513812404,76.84916666666595
1856,3663.819075769867,53.18249999999989
1857,3665.0263108563504,35.740833333333285
1858,3666.234229583443,106.14083333333292
1859,3667.4418267541714,22.999166666666497
1860,3668.6480982413404,35.63250000000062
1861,3669.8540489631223,96.95750000000044
1862,3671.0586753255952,48.41583333333347
1863,3672.2639851671347,113.9991666666665
1864,3673.4679714382128,30.415833333333467
1865,3674.671637988084,65.34083333333365
1866,3675.8739822879734,37.1241666666665
1867,3677.077010043544,55.91583333333347
1868,3678.2787163355088,50.55749999999989
1869,3679.480103946797,38.39083333333292
1870,3680.6801714112016,23.04916666666668
1871,3681.8799209791896,47.42416666666577
1872,3683.079352777059,13.632500000000618
1873,3684.2794677284064,7.232500000000073
1874,3685.477263567306,60.71583333333365
1875,3686.6757428119467,19.63250000000062
1876,3687.872904788058,18.38250000000062
1877,3689.0687504149564,25.824166666666315
1878,3690.2662790343516,20.50750000000062
1879,3691.4614923455124,67.09916666666595
1880,3692.6553910043467,47.199166666666315
1881,3693.8499732925884,46.39083333333292
1882,3695.0442401248984,19.93249999999989
1883,3696.237193470689,37.09083333333365
1884,3697.4288342446666,2.990833333333285
1885,3698.62215624873,44.407500000000255
1886,3699.8131685636768,26.665833333333467
1887,3701.0048642017537,36.0658333333331
1888,3702.1952488173442,79.63249999999971
1889,3703.385319900593,59.64083333333292
1890,3704.574081259492,46.35750000000007
1891,3705.7635259118874,22.607500000000073
1892,3706.9516616116803,22.30749999999989
1893,3708.1394847980814,57.75750000000062
1894,3709.3260003263363,79.41583333333438
1895,3710.5131991174408,52.990833333333285
1896,3711.6980962745533,58.615833333333285
1897,3712.8836769401414,81.25750000000062
1898,3714.0679520073927,65.32416666666631
1899,3715.2519163438374,12.449166666666315
1900,3716.4355700717556,38.26583333333292
1901,3717.6199067540906,42.39083333333292
1902,3718.8029393709926,11.782500000000255
1903,3719.9836759061986,25.990833333333285
1904,3721.1660886818454,45.30749999999989
1905,3722.3462066598327,51.76583333333292
1906,3723.52700794131,19.524166666666133
1907,3724.707499987948,40.98250000000007
1908,3725.8866913005786,22.582500000000437
1909,3727.064582778765,47.79916666666577
1910,3728.243157525733,48.54916666666668
1911,3729.4204331983983,11.865833333333285
1912,3730.596410694259,38.26583333333292
1913,3731.773071561724,-23.167499999999563
1914,3732.950415144974,16.207500000000437
1915,3734.1244815542364,33.22416666666595
1916,3735.300220987283,21.499166666666497
1917,3736.4736748453265,50.52416666666613
1918,3737.6468228653366,28.065833333333103
1919,3738.819665166865,41.16583333333347
1920,3739.9931903886345,50.75750000000062
1921,3741.1654213540783,47.75750000000062
1922,3742.336358955124,16.815833333333103
1923,3743.5069918297895,28.324166666666315
1924,3744.677320097014,12.524166666666133
1925,3745.8473438756723,58.032500000000255
1926,3747.015089330959,27.67416666666668
1927,3748.1845050022725,19.074166666666315
1928,3749.353616541078,10.640833333332921
1929,3750.520451651128,36.89916666666613
1930,3751.6869838906096,34.1241666666665
1931,3752.8532133774283,67.04916666666577
1932,3754.019140229431,29.09083333333365
1933,3755.185749748668,43.55749999999989
1934,3756.350086500063,28.274166666666133
1935,3757.5141214806395,28.67416666666577
1936,3758.6768703892,10.68249999999989
1937,3759.840302435044,47.96583333333365
1938,3761.0024491529985,70.3741666666665
1939,3762.1642950783853,56.657500000000255
1940,3763.32584032797,72.71583333333365
1941,3764.486101873176,49.67416666666668
1942,3765.648029266487,33.1908333333331
1943,3766.8076905519583,16.615833333333285
1944,3767.967052136163,34.35750000000007
1945,3769.12513200614,32.574166666666315
1946,3770.282912914385,10.557499999998981
1947,3771.441376598831,93.35750000000007
1948,3772.5985596774817,76.47416666666595
1949,3773.7544630259504,37.77416666666613
1950,3774.91006838148,15.765833333332921
1951,3776.0653758592916,50.66583333333347
1952,3777.2203855745456,93.6241666666665
1953,3778.375097642342,37.51583333333292
1954,3779.528532325486,36.41583333333347
1955,3780.6806904956006,43.740833333333285
1956,3781.8345110680266,32.09916666666595
1957,3782.9860762605244,36.790833333334376
1958,3784.138324231966,57.615833333333285
1959,3785.289297156118,34.782500000000255
1960,3786.4389959019154,32.52416666666613
1961,3787.5893775173563,37.06583333333356
1962,3788.7384856848994,17.190833333333103
1963,3789.887298859452,65.04083333333438
1964,3791.035817154591,10.790833333333467
1965,3792.1840406838387,20.607500000000073
1966,3793.3300158894417,40.074166666666315
1967,3794.4776507284814,38.52416666666613
1968,3795.6230384718815,17.415833333334376
1969,3796.769108988554,40.22416666666686
1970,3797.9148858061344,43.84083333333365
1971,3799.0593934526687,53.240833333333285
1972,3800.202632790131,33.54916666666668
1973,3801.3455797653655,34.73250000000007
1974,3802.4892093271214,60.6908333333331
1975,3803.63157166503,66.59083333333365
1976,3804.7736419770395,46.45750000000044
1977,3805.9134721963965,38.907500000000255
1978,3807.054959290298,46.30749999999989
1979,3808.1942075097922,-5.717499999999745
1980,3809.3341384886226,38.14916666666795
1981,3810.4737784974923,52.14083333333292
1982,3811.612154800754,114.55749999999898
1983,3812.750240853054,70.42416666666759
1984,3813.887064414101,30.232500000000073
1985,3815.0245705452417,28.05749999999989
1986,3816.1608149022277,24.63250000000062
1987,3817.295798338201,15.924166666666679
1988,3818.4314644283536,66.47416666666504
1989,3819.566841426992,58.72416666666595
1990,3820.700958577348,29.782500000000255
1991,3821.8347873507896,15.740833333333285
1992,3822.9683278572925,20.64083333333292
1993,3824.1006100796953,-0.9674999999997453
1994,3825.2316348669365,49.865833333333285
1995,3826.3633423366778,12.199166666666315
1996,3827.494762471095,27.64083333333292
1997,3828.62492623697,51.76583333333292
1998,3829.754803378055,67.0658333333331
1999,3830.8843940033717,25.857500000000073
2000,3832.013698221889,32.907500000000255
2001,3833.1417479822044,30.76583333333292
2002,3834.2695120440785,41.48250000000007
2003,3835.396990516035,21.407500000000255
2004,3836.524183506544,60.89916666666613
2005,3837.649156763139,41.54916666666668
2006,3838.7748126696306,21.899166666666133
2007,3839.9001839088005,40.89083333333292
2008,3841.024304141403,59.89916666666613
2009,3842.148140411017,36.115833333333285
2010,3843.2716928252253,49.69083333333356
2011,3844.394961491558,29.699166666666315
2012,3845.5179465174906,30.832500000000437
2013,3846.6396827826825,40.490833333333285
2014,3847.7601711248435,79.85750000000007
2015,3848.8813418634054,37.4408333333331
2016,3850.0022298773843,25.282500000000255
2017,3851.1218710187627,17.732500000000073
2018,3852.240266123023,15.265833333332921
2019,3853.359343564056,49.80749999999989
2020,3854.4771756661703,65.59083333333365
2021,3855.5947265478135,33.20750000000044
2022,3856.7119963150944,39.41583333333347
2023,3857.828022273713,61.324166666666315
2024,3858.943767814044,30.449166666666315
2025,3860.060195358401,10.774166666666133
2026,3861.175380137406,89.60750000000007
2027,3862.2893229817914,22.59083333333365
2028,3863.4039479051908,35.54916666666759
2029,3864.516370236916,44.282499999999345
2030,3865.630435967557,20.39083333333292
2031,3866.7432611500362,95.80749999999898
2032,3867.854846612561,63.59083333333365
2033,3868.966153569202,52.50750000000062
2034,3870.076221978108,15.240833333333285
2035,3871.1860125711582,4.5075000000006185
2036,3872.2955254526314,15.599166666665951
2037,3873.405720152695,34.88250000000062
2038,3874.5137184977084,37.38250000000062
2039,3875.6223988696115,29.59916666666595
2040,3876.729843240149,31.082500000000437
2041,3877.8370108989993,21.84916666666595
2042,3878.9429437222425,13.782500000000255
2043,3880.0486005196417,34.98250000000007
2044,3881.1558968931527,44.43249999999989
2045,3882.2610014708557,10.690833333333103
2046,3883.3639157897755,16.665833333333467
