,Rshift,20250201_124519_723
0,-27.28431624923972,-20.293541666666442
1,-24.137810440559743,11.63145833333374
2,-20.992855305911224,31.74395833333392
3,-17.849449699264277,6.502291666666224
4,-14.709577990190768,10.539791666666588
5,-11.570259296931825,-7.426875000000564
6,-8.432485724277697,21.31895833333374
7,-5.297247424298958,7.689791666666224
8,-2.163550990117585,-11.110208333333048
9,0.9686047153885033,1.3231249999994361
10,4.098230996806874,13.181458333333921
11,7.226319793020991,9.8606249999998
12,10.351883377225125,27.81895833333374
13,13.47690108550667,-42.83937500000002
14,16.599396813964887,-10.981041666666442
15,19.71937314585023,5.664791666666588
16,22.838806501711186,208.03145833333338
17,25.95572368194708,212.76479166666695
18,29.070127261761424,186.38145833333374
19,32.18399075351902,200.74812499999962
20,35.29534385461391,159.4189583333332
21,38.40517363784589,114.62312499999962
22,41.51249719788232,158.1647916666666
23,44.61928418112446,160.6147916666664
24,47.72258507542738,176.33145833333356
25,50.82535162225085,123.10229166666659
26,53.926601392168415,140.70645833333356
27,57.02437225535298,160.3606249999998
28,60.12063048208482,129.25645833333374
29,63.215377180019566,140.09812499999998
30,66.30959363994587,134.18979166666622
31,69.40034041471665,180.9772916666666
32,72.48860070466732,163.58979166666677
33,75.57731329740307,150.0439583333332
34,78.66256333475965,120.7939583333332
35,81.74631037256418,142.36895833333392
36,84.82855550884238,130.55645833333392
37,87.90929984055099,147.53562499999998
38,90.98756809333871,148.7356249999998
39,94.06433868236475,130.99395833333392
40,97.1405881209893,161.68979166666622
41,100.21339123894579,158.43979166666622
42,103.28470091617095,148.86895833333392
43,106.35354424187857,122.62312499999962
44,109.42187077517436,134.38145833333374
45,112.48676102238159,152.00229166666622
46,115.55113664681949,118.51479166666695
47,118.61402520538982,121.39395833333356
48,121.67445614213274,136.13979166666695
49,124.73243195142234,130.6689583333332
50,127.78989651750489,152.53562499999998
51,130.84490905385366,128.68979166666622
52,133.89844180364437,121.0522916666664
53,136.94952655484522,157.00229166666622
54,139.9991346065499,144.99812499999962
55,143.04726703056593,126.95229166666695
56,146.09295701676533,161.56479166666622
57,149.13717445172796,156.9189583333332
58,152.18088734856704,208.34395833333338
59,155.22216241584337,140.49812499999962
60,158.26003610937104,175.80645833333392
61,161.29740892735327,143.2272916666666
62,164.33331545412594,176.6106249999998
63,167.36679213777288,195.7939583333332
64,170.39880558285302,194.90645833333338
65,173.42839316438452,181.26479166666695
66,176.45652055224213,165.9814583333332
67,179.48318880184246,213.6731249999998
68,182.50936125878457,185.63979166666695
69,185.532152102855,186.4772916666666
70,188.5525265301561,220.99395833333392
71,191.57336968606344,210.15229166666677
72,194.59083808475233,215.08979166666677
73,197.60685550341933,221.13979166666695
74,200.6195039541193,208.38979166666695
75,203.6335825290436,208.64812499999925
76,206.64429514705586,216.05645833333392
77,209.6516456142998,232.33145833333356
78,212.66042610825713,250.59395833333338
79,215.66584745221635,242.93562499999962
80,218.6688701982906,213.24812499999962
81,221.6704530579928,234.02312499999925
82,224.67155290628202,228.03562499999998
83,227.67025864025692,255.8647916666664
84,230.66561774334488,237.58562499999925
85,233.66145185846995,243.63562499999944
86,236.65489724395556,256.95229166666695
87,239.64595629990657,212.70229166666695
88,242.63558452041616,234.21062499999925
89,245.62378293194837,264.75645833333374
90,248.60960037381219,258.69812499999944
91,251.59399096676356,282.02729166666677
92,254.57695573333737,299.51895833333356
93,257.5584956950971,280.785625
94,260.5367111357406,300.4772916666666
95,263.51445554100974,341.64395833333356
96,266.4907791062013,312.96062499999925
97,269.4647338389515,386.51479166666695
98,272.4372706690054,392.75645833333374
99,275.40839061015055,492.52312499999925
100,278.3771470222574,684.035625
101,281.34354227106166,916.2606249999994
102,284.3104189718883,1229.764791666667
103,287.27304392780604,1611.1939583333337
104,290.2342597498509,1992.8147916666662
105,293.19501284369574,2439.9647916666668
106,296.15435791399693,2789.0856249999993
107,299.11135146313717,3084.8397916666668
108,302.06599584060206,3308.6022916666666
109,305.020180602477,3474.2147916666668
110,307.97107593352354,3527.4981249999996
111,310.9205709374285,3567.1522916666668
112,313.8696088729118,3612.735625
113,316.81630576431763,3616.0231249999993
114,319.7616053156739,3642.5272916666668
115,322.70362667554014,3653.5106250000003
116,325.6461354188213,3723.931458333334
117,328.5863097684562,3682.764791666667
118,331.5232124643944,3882.7981250000003
119,334.4596645888623,3919.0856249999993
120,337.3956657948935,3992.077291666667
121,340.32746272332156,4080.193958333333
122,343.2588115920873,4131.818958333333
123,346.18877468724133,4164.118958333334
124,349.1164160675589,4236.5147916666665
125,352.0426745233984,4258.539791666666
126,354.9666149953233,4209.477291666666
127,357.89011098210506,4181.414791666666
128,360.810356668617,4162.131458333333
129,363.730159822777,4150.798125
130,366.64858582226634,4132.318958333333
131,369.5647018076031,4086.6022916666666
132,372.47851007211335,4140.706458333333
133,375.3909458601356,3988.5647916666676
134,378.3020101411441,4173.385625
135,381.2107718077643,4168.789791666666
136,384.1190964182033,4202.881458333333
137,387.0260524242806,4218.998125
138,389.92977926968416,4286.131458333333
139,392.8321411918916,4314.977291666666
140,395.73313915306505,4268.893958333334
141,398.63277411446904,4359.110624999999
142,401.53011802317604,4399.043958333333
143,404.42610172424645,4363.410625
144,407.32072617531486,4361.939791666666
145,410.21306462703984,4395.973125
146,413.10404661153893,4285.185625
147,415.99274624637286,4368.3689583333335
148,418.88101859200884,4329.789791666666
149,421.7670113614339,4285.573125000001
150,424.6507268069978,4367.739791666667
151,427.534017380677,4378.2022916666665
152,430.4150333946642,4325.693958333332
153,433.29377709457617,4349.2022916666665
154,436.171174526634,4371.481458333334
155,439.0481500067328,4355.118958333334
156,441.9219343629885,4366.373125
157,444.7943761439507,4306.098125
158,447.6663983684335,4308.339791666665
159,450.53615738925754,4304.293958333333
160,453.4036554368587,4244.156458333335
161,456.2698155263778,4243.4939583333335
162,459.13371823570486,4194.160625
163,461.99720564598897,4131.443958333333
164,464.85751890297826,4131.523125
165,467.71741872718127,4114.023125
166,470.57598612114396,4178.260625
167,473.4313855832414,4214.360624999999
168,476.28729176382114,4216.698125
169,479.1400335802938,4214.527291666665
170,481.9905314565158,4115.189791666666
171,484.84062061516414,4024.993958333334
172,487.68846853613957,3851.093958333333
173,490.5359087351512,3636.1606250000004
174,493.3792799303744,3332.627291666666
175,496.22407571145703,3267.1772916666664
176,499.06480688058537,3046.268958333333
177,501.90513400978284,2888.806458333334
178,504.742316141402,2740.8356249999997
179,507.58092228765565,2627.9897916666664
180,510.41547342909644,2508.9106250000004
181,513.2477988173791,2433.8522916666666
182,516.0815480007475,2315.389791666667
183,518.9103381523065,2297.577291666667
184,521.7387302367048,2216.9314583333335
185,524.5667238977102,2143.9356249999996
186,527.3915883150893,2129.7939583333327
187,530.2151463911312,2082.2606249999994
188,533.0383083453657,2004.5731249999994
189,535.8592560354984,2004.202291666667
190,538.6770831531306,1982.5314583333334
191,541.4945172807625,1949.7314583333327
192,544.3106504268214,1956.7189583333334
193,547.1254834922145,1944.9356249999996
194,549.9372037825524,1915.4314583333335
195,552.7476274645466,1897.685625
196,555.557661396232,1857.7481249999996
197,558.3654941332069,1859.1647916666666
198,561.1711278231132,1844.5564583333335
199,563.9763740302524,1820.452291666667
200,566.7785195179079,1746.1981249999994
201,569.5802793070004,1796.3022916666664
202,572.3789426562782,1768.3689583333335
203,575.1781251319061,1791.8981249999997
204,577.9742146080273,1758.0231249999993
205,580.7690188937156,1759.448125
206,583.5634406759264,1780.9022916666668
207,586.3547754365092,1839.018958333333
208,589.1448284899731,1817.1481249999993
209,591.9336007189041,1848.827291666667
210,594.7210930050775,1802.935625
211,597.5055067627944,1788.1231249999996
212,600.2895433101347,1771.0689583333333
213,603.0732022878761,1704.1231249999996
214,605.8537878481096,1676.5481249999998
215,608.6322014233208,1635.702291666667
216,611.4093427963033,1653.9647916666668
217,614.1861101036463,1624.3647916666664
218,616.9598124291359,1599.560625
219,619.7331424337686,1588.7981250000003
220,622.505203725734,1545.7106249999993
221,625.2742059305338,1549.9439583333333
222,628.0419428000752,1515.4481249999994
223,630.8075203969969,1530.4189583333332
224,633.5736240010797,1553.014791666667
225,636.3366760769657,1528.6231249999996
226,639.098467097401,1515.935625
227,641.8589979255039,1501.452291666667
228,644.6182694236076,1529.5439583333327
229,647.3744977383801,1530.2522916666662
230,650.1303620232678,1513.8064583333335
231,652.8849703729016,1545.1481249999997
232,655.6365413689031,1519.781458333333
233,658.3877505014291,1505.4481249999994
234,661.1377070819738,1548.889791666667
235,663.8855220435962,1536.660625
236,666.6320869725545,1528.3564583333327
237,669.3765136087061,1491.098125
238,672.1196927253785,1535.6314583333333
239,674.8607368678764,1545.264791666667
240,677.6005359979608,1531.623125
241,680.3408659606193,1504.8564583333332
242,683.0772897079983,1499.9022916666668
243,685.8124717904553,1537.6647916666666
244,688.545526761953,1547.9814583333327
245,691.2782284505098,1528.098125
246,694.0088055188429,1562.143958333333
247,696.7381450997262,1532.681458333334
248,699.4662480342079,1501.7397916666664
249,702.1922308778788,1519.1272916666662
250,704.9169795556986,1519.243958333334
251,707.6404949056167,1528.5231249999997
252,710.3618946801053,1539.5522916666664
253,713.0811809136846,1538.8356249999997
254,715.7992379247568,1534.5439583333327
255,718.5178303221388,1547.3481250000004
256,721.232549101209,1524.656458333333
257,723.946923043364,1512.3772916666662
258,726.6591903985808,1550.6814583333335
259,729.3702334856129,1550.514791666667
260,732.0791732343926,1552.7856250000004
261,734.7860116633555,1527.573125
262,737.4933881052642,1574.7897916666666
263,740.1986648794762,1573.1147916666664
264,742.9009656863793,1554.9439583333337
265,745.6038053949877,1559.6481249999997
266,748.3027948427829,1558.698125
267,751.0023240452123,1582.6022916666666
268,753.6997612549775,1571.3522916666666
269,756.3951084757753,1610.373125
270,759.0883677085873,1616.3981249999997
271,761.7804165027665,1658.431458333334
272,764.4730059891978,1683.3522916666666
273,767.161760802308,1749.7231250000004
274,769.8493084081631,1744.2397916666664
275,772.5373975778823,1813.948125
276,775.2225324226614,1773.3356249999997
277,777.9055893020778,1760.5606249999992
278,780.5865702013685,1812.6689583333327
279,783.2680943403964,1839.7897916666666
280,785.94754411685,1841.1064583333327
281,788.6249215114218,1812.223125
282,791.301099742469,1808.3064583333335
283,793.9752087651893,1803.498125
284,796.6481210140968,1791.6647916666666
285,799.3198372924204,1752.9606249999997
286,801.9903584026715,1773.5522916666664
287,804.6588158534753,1715.1897916666662
288,807.3260805162536,1727.706458333333
289,809.9921531905816,1744.031458333333
290,812.6552984182088,1704.7856250000004
291,815.3172548048767,1692.556458333334
292,817.9788905003605,1691.577291666667
293,820.6393381718575,1651.6689583333327
294,823.2968654545798,1671.0022916666662
295,825.953207848906,1652.198125
296,828.6092319547788,1626.6731250000003
297,831.2623411407403,1591.9022916666668
298,833.9142685842397,1590.435625
299,836.5650150746521,1562.718958333333
300,839.214581400652,1539.7522916666662
301,841.8621044684179,1547.952291666667
302,844.5084497156973,1526.310625
303,847.1536179282938,1524.4272916666664
304,849.7967471614515,1524.0897916666668
305,852.4387016963278,1516.581458333333
306,855.0786203523927,1497.4731250000004
307,857.7182282217098,1497.0856249999997
308,860.3549413428963,1498.2522916666662
309,862.9904844220963,1485.6064583333327
310,865.6265791063319,1489.2356250000003
311,868.2589236210457,1529.4189583333327
312,870.8901011907012,1529.6772916666664
313,873.5201125911036,1482.6314583333333
314,876.1489585973727,1494.760625
315,878.7757814546823,1520.6314583333337
316,881.401441226342,1497.7939583333327
317,884.0267964539792,1484.3022916666664
318,886.6492746012391,1504.9606249999997
319,889.2705927365037,1504.7231250000004
320,891.889894997582,1493.077291666667
321,894.5080395422766,1503.6272916666662
322,897.1250271379771,1460.956458333333
323,899.7400030545731,1455.2897916666666
324,902.3555345485436,1423.873125
325,904.9673464118688,1419.156458333333
326,907.578860262243,1409.218958333333
327,910.1875137688562,1382.077291666667
328,912.7967243978754,1371.9022916666668
329,915.4030777129715,1323.8356249999997
330,918.008282448971,1313.435625
331,920.6131918479454,1322.9314583333335
332,923.2152492193081,1294.198125
333,925.8153093048101,1240.5231249999993
334,928.4150767007262,1250.3856249999994
335,931.0137000550731,1232.1606250000004
336,933.6094789049918,1206.7147916666668
337,936.2049669537362,1206.202291666667
338,938.7993139710164,1167.4106250000004
339,941.3916712212085,1161.6814583333335
340,943.9820405752965,1152.435625
341,946.5721213861391,1151.7106249999997
342,949.1602165457788,1150.6314583333333
343,951.7471759172602,1136.0231249999997
344,954.3321526227504,1128.514791666667
345,956.915995777856,1118.810625
346,959.4978592456448,1076.0439583333327
347,962.0785913955167,1088.4647916666668
348,964.6581929708851,1104.0272916666668
349,967.2366647145176,1073.9939583333335
350,969.8123165688366,1031.2439583333335
351,972.3885316148301,1043.4647916666668
352,974.9619297326224,1057.698125
353,977.5342024606138,1009.8189583333333
354,980.1053505368706,1017.5106249999999
355,982.6745311457491,1021.452291666667
356,985.2425893142037,996.0939583333329
357,987.8095257776441,976.2939583333327
358,990.3753412708345,978.1981249999999
359,992.9383523664881,961.6731250000003
360,995.5010871426232,977.3147916666662
361,998.0610211902117,948.764791666667
362,1000.6215213600577,923.8647916666664
363,1003.180064343015,945.3231249999999
364,1005.735811721452,950.5731249999999
365,1008.291286062632,928.827291666667
366,1010.8456474810134,973.2689583333331
367,1013.3972184038389,925.7689583333331
368,1015.9493568871053,956.1272916666662
369,1018.4987077862389,968.1647916666666
370,1021.0469501244125,926.7397916666664
371,1023.5932469334166,943.1064583333327
372,1026.1392746818394,934.5439583333327
373,1028.68419603592,950.3689583333335
374,1031.2263385170504,944.8772916666662
375,1033.7673774982072,964.3064583333335
376,1036.307313697748,984.5606250000001
377,1038.8461478334082,935.8356249999997
378,1041.3830454733454,977.3814583333333
379,1043.918843207229,998.7481249999996
380,1046.4527073250108,992.3106250000001
381,1048.984639625617,968.1772916666664
382,1051.5163093112349,966.1106250000003
383,1054.047716010783,958.2147916666668
384,1056.5763604113001,984.4564583333331
385,1059.1022453872818,956.889791666667
386,1061.6295351123408,978.9231250000003
387,1064.15406755211,965.0606250000001
388,1066.6766771148937,946.1106250000003
389,1069.1981967679412,966.8522916666666
390,1071.7186272174504,946.4564583333331
391,1074.2379691690155,927.1189583333339
392,1076.755393221889,892.9356249999996
393,1079.272560650206,935.8856249999994
394,1081.7869829144095,902.3356249999993
395,1084.2994918955026,921.7856250000004
396,1086.8117467162267,897.9856250000003
397,1089.3229186874332,938.2272916666666
398,1091.8321805482885,896.389791666667
399,1094.3395340678335,909.9481249999999
400,1096.8466355091525,895.7397916666664
401,1099.3518307167656,880.202291666667
402,1101.8551214547995,874.2147916666668
403,1104.3573356661466,880.1106249999998
404,1106.8592998708855,854.0022916666662
405,1109.3585372853117,855.6022916666666
406,1111.8567009636618,859.952291666667
407,1114.3546163596102,852.577291666667
408,1116.8498098787786,852.8981249999997
409,1119.3447564973785,857.0939583333329
410,1121.8361610425645,861.702291666667
411,1124.3289674661858,846.0356250000004
412,1126.819058307148,853.3106250000001
413,1129.3072590118054,867.1564583333334
414,1131.7952159016595,849.7897916666666
415,1134.2812847317573,855.2772916666668
416,1136.765467243167,854.5981250000004
417,1139.248586407842,873.2397916666664
418,1141.7314637900306,856.8314583333336
419,1144.2116374268019,864.6647916666666
420,1146.6907504649155,835.5689583333333
421,1149.1696234135359,855.0856250000002
422,1151.6457974652753,842.5272916666668
423,1154.1209136575835,830.8606250000003
424,1156.594153889389,888.7314583333332
425,1159.0671567451252,854.7022916666665
426,1161.5382856927909,877.2481250000001
427,1164.0075424555425,847.9022916666668
428,1166.4765635190067,876.223125
429,1168.9437144436115,853.4064583333329
430,1171.408996947761,866.3439583333329
431,1173.8740454230053,896.3981250000002
432,1176.3372275174995,867.9564583333331
433,1178.7985449449166,870.6106250000003
434,1181.2596300074379,887.639791666667
435,1183.7188524362593,893.2939583333332
436,1186.1753993385187,862.0439583333332
437,1188.6317162263829,854.8397916666668
438,1191.0878027271572,861.8397916666668
439,1193.5412177787307,888.014791666667
440,1195.9935905564976,892.3856249999994
441,1198.4449217244953,875.2814583333329
442,1200.8943994187837,887.743958333333
443,1203.3428375194246,867.6772916666664
444,1205.789424849979,881.785625
445,1208.234974598328,877.848125
446,1210.6794874243822,873.9439583333333
447,1213.1229639874857,890.1314583333333
448,1215.5654049464306,845.4272916666664
449,1218.0051907210802,875.3939583333331
450,1220.4439435796855,894.6522916666668
451,1222.8816641780545,858.5647916666662
452,1225.318353171446,867.8397916666668
453,1227.7532024656482,892.8897916666665
454,1230.1862137406779,894.1814583333335
455,1232.6198128706674,888.4064583333329
456,1235.0507675630085,896.3314583333331
457,1237.4806952829103,878.3106250000001
458,1239.907982597396,898.8314583333331
459,1242.335859005302,899.2397916666664
460,1244.7610976691485,905.3439583333329
461,1247.1861193409281,885.6356249999999
462,1249.6101179672248,909.3189583333333
463,1252.0314835133897,899.1481250000002
464,1254.451828665863,893.5189583333331
465,1256.8711540695176,881.2481250000001
466,1259.2894603686862,909.5106249999999
467,1261.7051402369893,913.2606249999999
468,1264.1206072882194,939.8231249999999
469,1266.5358611493111,942.702291666667
470,1268.9484925359866,918.5856249999997
471,1271.3593067488612,923.3231249999999
472,1273.76910773559,938.2272916666666
473,1276.1786980935606,928.8606250000003
474,1278.585672584594,967.327291666667
475,1280.9916364371838,946.1689583333327
476,1283.3965902877176,952.1064583333332
477,1285.8005347720432,956.5397916666666
478,1288.202670248408,967.3814583333333
479,1290.603798299963,980.8689583333335
480,1293.0031199541122,1008.4897916666664
481,1295.4014361203854,989.4981250000001
482,1297.7979484942825,995.4481249999999
483,1300.1950545164614,979.6856250000001
484,1302.588761473702,1029.6189583333335
485,1304.9822647374833,1031.7939583333327
486,1307.3739687356235,1019.2314583333327
487,1309.764672363619,1031.8522916666666
488,1312.154376248969,1050.5272916666668
489,1314.5422844190539,1037.156458333333
490,1316.929194765707,1054.0481250000003
491,1319.3143119799881,1045.156458333333
492,1321.6984332856466,1040.6314583333333
493,1324.0807640363764,1057.8814583333333
494,1326.4628957270668,1102.281458333333
495,1328.843238771792,1095.7147916666668
496,1331.2217947867287,1135.9772916666666
497,1333.6001532744083,1115.406458333333
498,1335.9767266354406,1082.1022916666666
499,1338.3515164816333,1102.268958333333
500,1340.7253173751865,1098.510625
501,1343.0989225559927,1112.010625
502,1345.4691624819095,1076.0564583333335
503,1347.8392085880812,1095.3314583333336
504,1350.2082688677153,1110.5689583333333
505,1352.5763439357713,1108.2939583333327
506,1354.9418524556834,1090.260625
507,1357.3063783070354,1087.6189583333335
508,1359.6715027392402,1101.9606249999997
509,1362.0332744428533,1109.073125
510,1364.3940659691382,1079.656458333333
511,1366.7546672631227,1095.5231249999997
512,1369.1127109294603,1099.7772916666668
513,1371.4697769016548,1068.2272916666666
514,1373.8266541411804,1065.4397916666662
515,1376.1809781948443,1065.723125
516,1378.5343270297335,1053.7147916666668
517,1380.887488625941,1071.7397916666664
518,1383.2381014659552,1057.935625
519,1385.5877415547866,1080.264791666667
520,1387.9356230988735,1047.4939583333335
521,1390.2841058932147,1024.0481250000003
522,1392.629259854741,1055.0272916666668
523,1394.9742301983156,1062.5064583333333
524,1397.3174463552004,1029.1939583333333
525,1399.660479446045,1030.010625
526,1402.0009757495511,1044.6564583333334
527,1404.3397219337714,1035.7106249999997
528,1406.679070974446,1019.3522916666666
529,1409.015887612105,1009.5481250000003
530,1411.351740694853,979.1231250000001
531,1413.6866308185267,1005.6439583333331
532,1416.0197760677709,997.5189583333331
533,1418.35196019289,974.5856249999997
534,1420.6824019212766,987.3939583333331
535,1423.0126659008947,983.493958333333
536,1425.3411893131893,988.2564583333333
537,1427.667973714704,983.8022916666664
538,1429.9945818209708,986.8856249999999
539,1432.318672480819,977.5397916666666
540,1434.6425880252157,957.7356250000003
541,1436.9639892259745,982.9731250000004
542,1439.2859957862674,943.0856250000002
543,1441.6047114814605,964.1939583333333
544,1443.9232544115312,973.8939583333331
545,1446.240845864226,939.6439583333331
546,1448.5567084051524,956.702291666667
547,1450.8708435764338,962.3147916666662
548,1453.184807683062,926.4564583333331
549,1455.497046224754,946.7647916666665
550,1457.8083374850673,931.6647916666666
551,1460.1179056185897,949.1647916666666
552,1462.4265282700144,957.9439583333333
553,1464.734206019806,943.1231250000001
554,1467.0401639733043,917.2689583333331
555,1469.3436285036719,948.3189583333333
556,1471.648476294783,900.2481250000001
557,1473.9508324525793,921.9147916666666
558,1476.2514736616265,968.9272916666664
559,1478.55194923011,951.5481250000003
560,1480.8507116342894,915.7564583333333
561,1483.1477623969392,934.4731250000004
562,1485.4438759834406,925.6647916666666
563,1487.7390529672195,934.2106250000002
564,1490.032521606992,921.0189583333331
565,1492.3258274185912,913.0647916666667
566,1494.617426659945,930.3606250000003
567,1496.9073208457532,912.348125
568,1499.1955114887794,786.973125
569,1501.4827708427101,935.8856249999999
570,1503.7698699051386,902.4856250000003
571,1506.0552680723179,906.7022916666665
572,1508.3389668519696,940.306458333333
573,1510.6225067292403,930.5897916666668
574,1512.903579801272,928.9856249999998
575,1515.1837262380227,907.2064583333331
576,1517.4629466040146,914.4856250000003
577,1519.7412414633127,917.5981250000004
578,1522.0178434510929,922.4981250000001
579,1524.2927540651958,905.7106250000002
580,1526.5682767186565,881.2397916666664
581,1528.8405751333053,922.3147916666667
582,1531.1119527198114,880.764791666667
583,1533.3831764109293,899.2772916666668
584,1535.653479771775,886.1314583333333
585,1537.9213318569384,882.9189583333332
586,1540.1882659700668,891.6356249999994
587,1542.454282668405,893.3897916666665
588,1544.7186176854627,911.7231250000004
589,1546.9820370194939,915.6356249999999
590,1549.2445412258314,895.5897916666668
591,1551.5053669631798,919.0147916666665
592,1553.7652792994438,880.5856250000002
593,1556.0235155087598,873.9106250000004
594,1558.2816030108968,864.1356249999999
595,1560.5380161075582,858.2939583333332
596,1562.7927562740572,845.0731249999999
597,1565.0473490800296,866.9814583333332
598,1567.299508931409,850.9772916666666
599,1569.550761088168,834.1772916666664
600,1571.8018672259618,827.3481250000004
601,1574.050544511929,855.5731249999999
602,1576.2975558465782,873.4064583333329
603,1578.5444231111983,845.7397916666664
604,1580.7903860315885,848.3356250000002
605,1583.0346855571577,845.5189583333331
606,1585.2773231497633,852.5064583333333
607,1587.5198182413344,826.1689583333327
608,1589.760653098501,852.889791666667
609,1591.9998291792917,831.6064583333327
610,1594.2381060115424,841.4856250000003
611,1596.4762419040592,853.2397916666664
612,1598.7112066332265,820.3814583333333
613,1600.9467892716768,847.139791666667
614,1603.1799611141394,837.2731250000002
615,1605.4122376255682,830.5939583333329
616,1607.6436193442958,825.910625
617,1609.873350862231,840.6564583333329
618,1612.1029449116838,821.5689583333333
619,1614.3301350994652,810.5689583333333
620,1616.5564338529678,807.5064583333333
621,1618.7825964435165,803.7689583333331
622,1621.0063591970566,837.9564583333331
623,1623.2292327238813,823.8606250000003
624,1625.4512175572513,765.3939583333331
625,1627.6730677599032,808.5064583333333
626,1629.8917700456498,819.9272916666664
627,1632.1095864386525,820.7689583333331
628,1634.3272700970203,823.348125
629,1636.543315995183,815.2231250000004
630,1638.757725563858,827.9856250000003
631,1640.9712519592479,794.3981250000002
632,1643.1846471370643,808.973125
633,1645.3949062147228,812.7981250000003
634,1647.6050357286647,788.1064583333327
635,1649.8150353075596,806.8106250000001
636,1652.0226538884017,780.6731250000003
637,1654.2293936536882,792.8106250000001
638,1656.433755860365,789.2189583333329
639,1658.6387401646318,789.806458333333
640,1660.8420981880593,775.0897916666668
641,1663.043831347487,795.0897916666668
642,1665.245437942886,791.3231249999999
643,1667.444673168544,768.8814583333333
644,1669.6430350248065,777.035625
645,1671.839776480645,764.9189583333327
646,1674.0371407093237,775.4397916666662
647,1676.231391660734,770.0731249999999
648,1678.4247725059502,778.6231250000001
649,1680.618776494006,766.8397916666668
650,1682.8104180871246,799.3731250000001
651,1685.000445351215,785.9106250000004
652,1687.1896051676117,763.098125
653,1689.3778980515885,748.7147916666668
654,1691.5645796292015,772.8147916666667
655,1693.7503958933055,785.7272916666666
656,1695.9353473574374,758.973125
657,1698.1186905294871,752.785625
658,1700.3011705157312,754.4647916666668
659,1702.482044410687,761.0772916666665
660,1704.662799854055,745.5231250000002
661,1706.8412079854625,738.3064583333335
662,1709.0187561488963,749.2022916666665
663,1711.196187097351,735.7189583333329
664,1713.3712746079727,731.6231250000001
665,1715.5455042622843,719.6147916666664
666,1717.7188765676908,760.4272916666664
667,1719.8913920312016,762.5856250000002
668,1722.0623103776884,731.4064583333329
669,1724.2316329887778,713.5106249999999
670,1726.400101442966,709.2106250000002
671,1728.5677162446298,750.3564583333332
672,1730.7337382817082,714.0314583333329
673,1732.8996475808926,717.3439583333329
674,1735.0632266694843,741.556458333333
675,1737.2266940251332,699.8064583333335
676,1739.388572371105,689.4022916666668
677,1741.5496012427536,698.0439583333332
678,1743.7090432671623,685.6397916666665
679,1745.8668998136025,704.993958333333
680,1748.0239095442068,699.2356250000003
681,1750.1800729573572,704.4356250000001
682,1752.33612726718,706.368958333333
683,1754.4898628228623,677.556458333333
684,1756.642017992768,696.6231250000001
685,1758.79406583904,701.9272916666664
686,1760.944534868283,687.2064583333331
687,1763.09342644014,693.6356249999999
688,1765.2422118852319,649.6647916666666
689,1767.3894214371273,649.5522916666669
690,1769.5365252743886,677.223125
691,1771.680586532549,648.7981250000003
692,1773.8238097986377,668.0647916666667
693,1775.9669291142022,665.0064583333333
694,1778.1077443189777,679.785625
695,1780.249189531852,678.3731250000001
696,1782.3876000690555,642.9814583333332
697,1784.5266410210204,661.4647916666668
698,1786.663382683214,681.3314583333331
699,1788.799290925959,654.7689583333331
700,1790.934366236762,665.9147916666666
701,1793.068609102751,666.9647916666668
702,1795.2005580535997,660.5064583333333
703,1797.3316766718099,647.5939583333329
704,1799.4634262611178,656.4481249999999
705,1801.5921549749944,636.2356250000003
706,1803.7200553786513,651.3522916666666
707,1805.847127955445,607.4981250000001
708,1807.9733731883662,640.0064583333333
709,1810.0973335803424,633.3356250000002
710,1812.2211974332115,637.202291666667
711,1814.3449643784033,632.7606249999999
712,1816.4664496266178,615.8939583333331
713,1818.5856553552858,621.4231250000003
714,1820.7047664653007,637.7606249999999
715,1822.8237825881681,635.3564583333332
716,1824.940522322895,594.4356250000001
717,1827.0564412979597,627.6231250000001
718,1829.1722664381039,607.5064583333333
719,1831.2858188778434,595.8939583333331
720,1833.3978266667261,619.3314583333331
721,1835.5090167273127,586.4606250000002
722,1837.6208401800466,631.6397916666665
723,1839.7296706046743,604.3481250000004
724,1841.8376852856595,596.452291666667
725,1843.9456091775912,609.160625
726,1846.0512693092542,610.1314583333333
727,1848.1561156758332,593.5522916666664
728,1850.2594251071673,595.9814583333332
729,1852.3633689999517,596.9897916666664
730,1854.4643307337765,607.285625
731,1856.5652045073457,588.3814583333333
732,1858.665267428087,587.1272916666667
733,1860.7630754727245,602.7689583333336
734,1862.8607966849004,569.1481249999997
735,1864.9562656284854,593.118958333333
736,1867.0516486745573,581.598125
737,1869.1455031884284,595.368958333333
738,1871.238551325845,559.0522916666664
739,1873.3315141310106,584.8439583333329
740,1875.4222303338945,592.889791666667
741,1877.5107020627015,561.2731250000002
742,1879.5990906846928,552.3731250000001
743,1881.6873958326275,559.5106249999999
744,1883.7741787517411,555.4272916666664
745,1885.8587218165178,538.8147916666667
746,1887.943901712581,578.223125
747,1890.0268437823806,555.9606250000002
748,1892.1089863219772,580.5397916666666
749,1894.1896119771302,538.5397916666666
750,1896.2701571121374,519.0689583333333
751,1898.349186832543,561.7981250000003
752,1900.4274194115637,529.4731250000004
753,1902.5041385933448,531.3981250000002
754,1904.5793456596302,559.4689583333329
755,1906.6537580561126,515.5731249999999
756,1908.7266603478063,534.181458333333
757,1910.799485047457,533.4481249999999
758,1912.8715164452187,530.0106249999999
759,1914.9413248565304,550.8439583333329
760,1917.0110567666713,501.9064583333329
761,1919.078568239402,541.2606249999999
762,1921.14600411799,531.0772916666665
763,1923.2112221034392,523.035625
764,1925.277079104547,496.6939583333333
765,1927.3407202073547,531.3106250000001
766,1929.4035738182395,500.23562500000025
767,1931.4649274994495,502.0314583333329
768,1933.5254951334773,494.0772916666665
769,1935.585277169844,471.2314583333332
770,1937.643561984194,490.71479166666677
771,1939.7010626415147,500.6397916666665
772,1941.757779589837,505.0064583333333
773,1943.8137132768495,512.306458333333
774,1945.8674421707453,528.431458333333
775,1947.920389779869,482.0189583333331
776,1949.9725565499666,480.0106249999999
777,1952.0239429264368,501.8897916666665
778,1954.0738394455072,486.681458333333
779,1956.122957000317,493.7522916666667
780,1958.171296034799,496.3439583333329
781,1960.218147892365,501.7106249999997
782,1962.2635138238334,466.9397916666662
783,1964.3081036407102,502.848125
784,1966.351209491215,487.4564583333331
785,1968.3949566970111,480.65229166666677
786,1970.4358053059998,461.0731249999999
787,1972.4772956144468,449.5731249999999
788,1974.5158903526562,480.0064583333333
789,1976.5551271330337,461.7022916666665
790,1978.5921780490723,479.46479166666677
791,1980.6284579790236,460.0106249999999
792,1982.6639673605102,448.42312500000025
793,1984.6980007479283,468.0522916666664
794,1986.7312649950175,463.58979166666677
795,1988.7637605379505,432.71479166666677
796,1990.7940776469723,423.8731250000001
797,1992.8236279885937,459.15229166666677
798,1994.8538210979857,439.6356249999999
799,1996.8811343909813,446.02312500000016
800,1998.9083867689908,433.6439583333331
801,2000.9341703618416,412.9564583333331
802,2002.9584863987373,421.9772916666666
803,2004.9820393300624,420.0772916666665
804,2007.005532544807,425.61062500000025
805,2009.027560294055,445.7022916666665
806,2011.048123803183,431.19395833333374
807,2013.0665221323811,408.2522916666662
808,2015.085564894552,426.681458333333
809,2017.1031460275283,419.8147916666667
810,2019.1199681235807,428.6939583333333
811,2021.1346293956003,390.58562500000016
812,2023.1499352295325,415.84812500000044
813,2025.1630821485796,419.4189583333332
814,2027.1747724768,418.4772916666666
815,2029.1871075934034,404.1439583333331
816,2031.1972871791857,407.77729166666677
817,2033.2060127651696,406.8814583333333
818,2035.2139848301993,393.3106250000001
819,2037.221902802867,408.5522916666664
820,2039.226971350058,395.5772916666665
821,2041.2319871755637,399.7314583333332
822,2043.236949916345,408.89812500000016
823,2045.239765337244,374.3272916666665
824,2047.2418308212702,383.6022916666666
825,2049.2424493543913,416.7481250000001
826,2051.2430164887787,380.41062500000044
827,2053.241441121812,394.848125
828,2055.2391185430342,400.4981250000001
829,2057.236745563922,390.3147916666667
830,2059.2322334257187,384.2189583333329
831,2061.2269758520356,408.5606250000001
832,2063.2209732604924,392.02312500000016
833,2065.214226068398,372.86895833333347
834,2067.2060395996587,361.58979166666677
835,2069.1957202150857,368.7397916666664
836,2071.186742759255,396.52312500000016
837,2073.174939421446,376.4439583333333
838,2075.1617010605014,384.7481250000001
839,2077.1491102618625,393.4689583333329
840,2079.1350852680584,365.96479166666677
841,2081.1196272679517,398.9897916666664
842,2083.103430472746,372.5022916666667
843,2085.0858025290545,363.23562500000025
844,2087.0674371303767,379.368958333333
845,2089.047642437425,354.8064583333339
846,2091.0264196332587,366.9522916666665
847,2093.005845108754,393.931458333333
848,2094.983151814207,370.29812500000025
849,2096.9604153683745,371.7522916666667
850,2098.935562512775,365.973125
851,2100.9099766142353,355.5772916666665
852,2102.883658080762,356.3022916666664
853,2104.8559171229335,323.7689583333331
854,2106.8274448571747,362.4814583333332
855,2108.7975520045943,370.77312500000016
856,2110.7676185983037,359.3939583333331
857,2112.735576753847,353.92312500000025
858,2114.702806247171,390.7022916666665
859,2116.6693074828977,367.52729166666677
860,2118.6343924556404,376.2564583333333
861,2120.5994386435636,368.2522916666667
862,2122.5630698853274,351.8022916666664
863,2124.5252873474274,338.67312500000025
864,2126.4867795871214,347.556458333333
865,2128.447547006388,348.0022916666667
866,2130.4069031225663,349.2606249999999
867,2132.364162466974,354.7189583333329
868,2134.3220724707035,349.1647916666666
869,2136.2785736409714,348.4689583333329
870,2138.2350388794366,348.348125
871,2140.188725353984,334.14812500000016
872,2142.1423772007224,371.9897916666664
873,2144.0939387208973,329.368958333333
874,2146.045466408842,355.2814583333329
875,2147.996275296343,329.0189583333331
876,2149.9456814240034,370.5939583333329
877,2151.8943700488558,346.2939583333332
878,2153.8416577139974,354.58979166666677
879,2155.7882291712344,331.3814583333333
880,2157.7334014654293,323.660625
881,2159.677858843891,325.3314583333331
882,2161.6216017006795,338.17312500000025
883,2163.563265234873,309.8314583333331
884,2165.5055807307713,322.2314583333332
885,2167.4458186927113,303.0814583333331
886,2169.384662861363,324.3522916666666
887,2171.324159166805,323.51479166666695
888,2173.261581116272,315.77729166666677
889,2175.1982927926656,361.4272916666664
890,2177.133613739824,319.8522916666666
891,2179.068225693548,332.5647916666667
892,2181.001448695267,322.8022916666664
893,2182.934644079557,317.0814583333331
894,2184.865092087539,334.2189583333329
895,2186.796872955402,325.1356249999999
896,2188.7259087155453,333.848125
897,2190.65491840994,315.4522916666665
898,2192.5832228241165,345.17312500000025
899,2194.509465128281,324.5772916666665
900,2196.4350039170317,329.77729166666677
901,2198.359839575715,344.0606250000001
902,2200.283972489392,338.13145833333374
903,2202.206725424934,314.96479166666677
904,2204.128099508426,319.92312500000025
905,2206.0494501123408,324.1939583333333
906,2207.9687462483184,311.39812499999925
907,2209.8880196706987,314.9564583333331
908,2211.8052408705116,329.65229166666677
909,2213.7224401207795,328.35645833333274
910,2215.6382652813036,295.4189583333332
911,2217.554068762353,297.3564583333332
912,2219.4684994078398,289.86062500000025
913,2221.380883181757,303.5772916666665
914,2223.2925717540124,282.7564583333333
915,2225.2035655036293,310.58562500000016
916,2227.113864809343,308.7189583333329
917,2229.023470049626,315.5397916666666
918,2230.93103374597,306.3314583333331
919,2232.8392524791766,316.8731250000001
920,2234.7454314021097,319.21062500000016
921,2236.6502455530513,306.83562500000016
922,2238.5543689915426,285.4314583333339
923,2240.4584748001516,307.27729166666677
924,2242.3605452334054,308.3772916666667
925,2244.2625987872075,279.43562499999916
926,2246.163291153471,333.8772916666667
927,2248.061951703958,310.2272916666666
928,2249.960596740273,299.67312500000025
929,2251.8578834128084,321.01479166666695
930,2253.7544838268936,319.5814583333331
931,2255.6503983547937,328.8314583333331
932,2257.545627368507,292.9439583333333
933,2259.43950096321,322.6689583333332
934,2261.3320202368413,286.6856250000001
935,2263.22385607865,306.4814583333332
936,2265.1136697570655,299.973125
937,2267.00414032874,284.7814583333334
938,2268.893259510191,301.6231250000001
939,2270.7816972212604,300.1147916666664
940,2272.6687852453247,314.48562500000025
941,2274.5545246737615,310.33562500000016
942,2276.4395847003534,306.27729166666677
943,2278.3232978291308,276.7939583333332
944,2280.207000393581,296.9981250000001
945,2282.0893572743034,281.58979166666677
946,2283.971036700287,283.9064583333329
947,2285.8513721350478,297.0022916666667
948,2287.7303646634455,308.3731250000001
949,2289.6086817919245,286.14812500000016
950,2291.48632388458,277.785625
951,2293.3632913052375,299.02729166666677
952,2295.2382530077316,304.1272916666667
953,2297.1138726530257,292.71479166666677
954,2298.986823034918,269.86062500000025
955,2300.8597666180385,283.33562500000016
956,2302.7313735482526,292.99395833333347
957,2304.6029739254423,273.9356250000001
958,2306.472574575462,302.743958333333
959,2308.342169393899,295.7939583333332
960,2310.2097666342524,309.8564583333332
961,2312.0766952026797,308.681458333333
962,2313.942955458233,264.21062499999925
963,2315.8078846745443,247.75229166666668
964,2317.672809617737,308.7106249999997
965,2319.535742101755,283.4814583333332
966,2321.398008654099,282.160625
967,2323.2602717691625,280.6439583333331
968,2325.120545391538,289.06895833333374
969,2326.9801546254544,275.7356249999998
970,2328.8384383985076,302.7397916666664
971,2330.6967201589523,309.58979166666677
972,2332.5530166850845,293.1314583333333
973,2334.4086511876862,248.3022916666664
974,2336.2642845058926,278.9272916666664
975,2338.1185957880093,271.95229166666695
976,2339.970926079607,268.8647916666664
977,2341.822596703099,265.1231250000001
978,2343.674267555236,254.1772916666664
979,2345.5246196644694,281.9564583333331
980,2347.3743131619526,278.098125
981,2349.2226895587974,273.2814583333329
982,2351.0704085155153,264.6272916666667
983,2352.91615363865,263.660625
984,2354.7612429587534,257.5481249999998
985,2356.606334729711,262.7522916666667
986,2358.4501132582022,274.98562500000025
987,2360.292579594143,278.2689583333331
988,2362.1350491941603,271.8231249999999
989,2363.9762077652736,265.46479166666677
990,2365.815399617171,268.90229166666677
991,2367.6545960092863,219.056458333333
992,2369.493140317858,284.8022916666664
993,2371.3310328896205,271.2189583333329
994,2373.1669624567503,260.1356249999999
995,2375.0022419089487,251.33562499999925
996,2376.8368715914644,254.68562500000007
997,2378.67019673828,248.993958333333
998,2380.5028732687783,261.8772916666667
999,2382.334901527114,250.2272916666666
1000,2384.164973024659,245.33979166666677
1001,2385.995052047911,261.3314583333331
1002,2387.82448429219,241.02312500000016
1003,2389.652616377456,268.2939583333332
1004,2391.4794493388317,262.1356249999999
1005,2393.305637471742,260.285625
1006,2395.1311811175387,234.58145833333356
1007,2396.9554278167425,263.681458333333
1008,2398.779031171294,267.9481249999999
1009,2400.601991521462,249.77729166666722
1010,2402.423657096829,215.96895833333292
1011,2404.243377045574,258.4522916666665
1012,2406.063759689406,225.90645833333338
1013,2407.882849724335,260.83979166666677
1014,2409.6999969843205,269.118958333333
1015,2411.517807036311,231.47312499999998
1016,2413.333675905249,271.8772916666667
1017,2415.14890631328,262.5647916666667
1018,2416.962848319844,231.7314583333332
1019,2418.7761529955883,263.4814583333332
1020,2420.5894704967745,241.58145833333356
1021,2422.4008516977046,235.92312500000025
1022,2424.2122463950323,238.5439583333332
1023,2426.0217068309134,250.993958333333
1024,2427.8298836151653,234.09395833333292
1025,2429.637426445486,227.3522916666666
1026,2431.4449841090545,244.368958333333
1027,2433.2519080305606,239.8856249999999
1028,2435.0562545451044,248.66062499999998
1029,2436.861264890778,235.6439583333331
1030,2438.664995401262,220.86062500000025
1031,2440.4667997697006,216.46895833333292
1032,2442.268620964471,223.3356249999997
1033,2444.069164904534,232.2606249999999
1034,2445.8690792394023,236.59395833333292
1035,2447.6677178850787,249.23562500000025
1036,2449.4670204140334,247.56479166666668
1037,2451.263110025961,252.13145833333328
1038,2453.0592184426123,217.7272916666666
1039,2454.8546998042993,236.0189583333331
1040,2456.6495544393406,228.0731249999999
1041,2458.4431376146,240.75229166666668
1042,2460.2360951692103,188.1397916666674
1043,2462.027782818997,220.6147916666664
1044,2463.8182015650145,209.33562500000016
1045,2465.607996569618,244.1772916666664
1046,2467.3971681586963,231.0522916666664
1047,2469.1857166579093,236.0814583333331
1048,2470.972998902931,204.9147916666666
1049,2472.7590158907287,231.2064583333331
1050,2474.5450547015926,249.02312500000016
1051,2476.329829351567,215.17312500000025
1052,2478.112698240118,217.40645833333292
1053,2479.8955901462873,233.03145833333292
1054,2481.6785047232265,225.47312499999998
1055,2483.4588739218607,221.22312500000044
1056,2485.239266882462,216.54812500000025
1057,2487.019041778327,228.3314583333331
1058,2488.796275158288,209.06062500000007
1059,2490.5741745220694,238.62729166666622
1060,2492.3508164171226,189.3647916666664
1061,2494.126842421604,207.6022916666666
1062,2495.900972117632,219.83979166666677
1063,2497.6751275978722,245.74812500000007
1064,2499.4486685907236,201.46895833333292
1065,2501.220955711315,218.42312500000025
1066,2502.9919899427855,235.17312500000025
1067,2504.762411528758,230.82729166666695
1068,2506.531581746511,210.62729166666668
1069,2508.300140396079,230.77729166666677
1070,2510.067449195527,225.71895833333292
1071,2511.8354242586497,198.51895833333356
1072,2513.600873789458,234.5814583333331
1073,2515.3657139003803,210.22312499999998
1074,2517.1299449069124,211.56479166666668
1075,2518.893567124336,191.0147916666665
1076,2520.65594359015,204.13145833333328
1077,2522.417712336304,194.9814583333332
1078,2524.178873677084,208.78145833333292
1079,2525.9381546889244,226.15645833333292
1080,2527.6974662001853,227.493958333333
1081,2529.454899324957,222.81062500000007
1082,2531.2129995363402,202.83979166666677
1083,2532.9685871200804,187.06479166666622
1084,2534.7242064531288,219.5522916666664
1085,2536.4792218857515,181.99812500000007
1086,2538.232998642498,193.6981249999999
1087,2539.985537689555,186.931458333333
1088,2541.7368399919787,195.31479166666668
1089,2543.4888098122974,230.58979166666677
1090,2545.238909293303,183.25229166666668
1091,2546.987774048599,202.69395833333328
1092,2548.737306379387,206.78145833333292
1093,2550.4849710404533,209.83979166666677
1094,2552.2314029897334,184.44395833333328
1095,2553.9766031867266,190.3522916666666
1096,2555.7224713235205,213.2689583333331
1097,2557.4664756289726,187.93979166666668
1098,2559.2098826662195,232.2897916666666
1099,2560.952692742028,207.1397916666665
1100,2562.6936420733937,203.99812500000007
1101,2564.4339959212184,189.6647916666666
1102,2566.1737545909696,200.0106249999999
1103,2567.912918387909,209.118958333333
1104,2569.6508564362093,176.1147916666664
1105,2571.388831618211,181.44395833333328
1106,2573.1249513425064,173.9897916666664
1107,2574.8604782745547,193.9897916666664
1108,2576.5947823987253,185.75645833333328
1109,2578.328494767738,148.2022916666665
1110,2580.0616156844035,191.2314583333332
1111,2581.793515776887,197.43979166666668
1112,2583.525454911203,152.77729166666677
1113,2585.255545009802,177.68562500000007
1114,2586.9850457228317,205.83979166666677
1115,2588.712699717805,187.73562500000025
1116,2590.4410229911205,185.2731249999997
1117,2592.168129392628,216.90229166666677
1118,2593.893391689224,200.2689583333331
1119,2595.619951269979,180.71895833333292
1120,2597.3440400248724,174.81062500000007
1121,2599.0669152433225,192.18562500000007
1122,2600.789832506445,198.181458333333
1123,2602.5109101481653,166.8897916666665
1124,2604.232657326148,185.44395833333328
1125,2605.9525663304853,169.75229166666668
1126,2607.671891675088,183.28145833333292
1127,2609.390007399532,184.24812500000007
1128,2611.1075404829317,208.1022916666666
1129,2612.8244912216096,169.46479166666677
1130,2614.540234290887,192.9522916666665
1131,2616.2553960314767,174.50229166666668
1132,2617.96872634454,169.7397916666664
1133,2619.68272673723,181.04812500000025
1134,2621.3955219127556,176.056458333333
1135,2623.1064882376836,201.15229166666677
1136,2624.816875976411,175.0147916666665
1137,2626.5266854223714,181.97312499999998
1138,2628.2365407981324,168.00229166666668
1139,2629.944570608741,166.56895833333374
1140,2631.651399919385,185.99812500000007
1141,2633.3582762486835,186.1022916666666
1142,2635.0639530833223,153.27312500000016
1143,2636.7678084693225,174.25645833333374
1144,2638.472957291942,185.56895833333328
1145,2640.1756632120205,214.16895833333274
1146,2641.877172903152,205.09812499999998
1147,2643.5793533960828,159.98562500000025
1148,2645.2797164126905,171.2647916666665
1149,2646.9795067360856,180.83562500000016
1150,2648.6781032466547,192.47312499999998
1151,2650.3767492604807,163.4814583333332
1152,2652.0735814668433,180.02729166666677
1153,2653.769842971519,177.34812499999998
1154,2655.4661546355424,152.94812499999944
1155,2657.160655027105,180.8939583333331
1156,2658.8539658409413,173.16062499999998
1157,2660.547327884683,167.66062499999998
1158,2662.2401210805047,167.33979166666677
1159,2663.93048712024,139.01479166666695
1160,2665.6215247801883,172.34812499999998
1161,2667.3113757509354,161.0522916666664
1162,2669.000040941194,193.93979166666668
1163,2670.6881399595472,188.46479166666677
1164,2672.3750545971448,181.69395833333328
1165,2674.06140404651,157.56479166666668
1166,2675.747188591643,184.34812499999998
1167,2677.431790644026,155.9272916666664
1168,2679.115828773304,151.9147916666666
1169,2680.798685803726,164.3647916666664
1170,2682.480979890223,173.46062500000016
1171,2684.1620942692375,175.34395833333292
1172,2685.842646681564,156.743958333333
1173,2687.522020775278,139.81479166666668
1174,2689.2008338776,164.97312499999998
1175,2690.8797024914,145.6647916666666
1176,2692.55677823207,148.37312499999962
1177,2694.2332942352773,142.56479166666668
1178,2695.9086351761257,142.02729166666677
1179,2697.5834173503627,158.90229166666677
1180,2699.2576410374822,154.7022916666665
1181,2700.9306915272446,135.53562499999998
1182,2702.6031844982363,122.31895833333328
1183,2704.2745056491995,151.41062499999998
1184,2705.944655872494,146.88145833333374
1185,2707.614250230398,155.68979166666668
1186,2709.2839029668835,130.9564583333331
1187,2710.951158697379,168.8564583333332
1188,2712.619700885471,120.71479166666677
1189,2714.285847846285,172.0731249999999
1190,2715.9514411426794,151.81479166666668
1191,2717.6158681038232,170.64812500000016
1192,2719.279742359351,161.8231249999999
1193,2720.9436767243337,160.19395833333328
1194,2722.6052215178347,145.8022916666664
1195,2724.2680516439013,156.0522916666664
1196,2725.927882036808,159.41062499999998
1197,2727.5883857711,160.77729166666677
1198,2729.2471158046374,176.71479166666677
1199,2730.9052962713613,146.92312500000025
1200,2732.563538564007,149.1356249999999
1201,2734.2200095964963,167.45229166666695
1202,2735.875932285464,167.6689583333332
1203,2737.530696390138,136.72312499999998
1204,2739.184913099534,165.00645833333328
1205,2740.838582685225,129.76479166666695
1206,2742.4904856034027,147.93562500000007
1207,2744.1430621589634,146.4189583333332
1208,2745.793873395123,119.86895833333301
1209,2747.4447487006532,127.50645833333328
1210,2749.093860435687,142.9147916666666
1211,2750.741818977787,135.5814583333331
1212,2752.3898425996467,125.96479166666677
1213,2754.036713968802,134.8564583333332
1214,2755.6824339562604,133.47312499999998
1215,2757.328219629039,141.06062500000007
1216,2758.973462755965,131.98562500000025
1217,2760.6169482098608,139.08562499999925
1218,2762.2592849571884,122.6147916666664
1219,2763.9010811628855,133.25645833333328
1220,2765.5429441917354,150.2022916666665
1221,2767.1830530164984,185.6439583333331
1222,2768.8226224988543,125.4564583333331
1223,2770.4616529047985,132.2022916666665
1224,2772.1001445001534,137.2606249999999
1225,2773.7368853491857,128.9272916666664
1226,2775.3730887151173,142.1356249999999
1227,2777.0093605654465,130.493958333333
1228,2778.6444895603086,163.36062500000025
1229,2780.2778712552245,150.77729166666677
1230,2781.9113224259804,135.90229166666677
1231,2783.5442378323373,125.21062500000016
1232,2785.1754083177284,134.2939583333332
1233,2786.806044358394,115.85229166666659
1234,2788.4367505309133,107.68979166666668
1235,2790.0657141558504,159.67312500000025
1236,2791.6941445190696,144.75645833333328
1237,2793.3214381616685,136.118958333333
1238,2794.9488029842737,112.86062500000025
1239,2796.574428678364,140.41895833333274
1240,2798.19952294601,140.2272916666666
1241,2799.824688979279,123.56895833333328
1242,2801.4481182439936,127.30645833333301
1243,2803.0710172572703,130.16062499999998
1244,2804.6927839378955,118.6147916666664
1245,2806.3146234240257,121.1397916666665
1246,2807.934127593693,129.28145833333292
1247,2809.553705479652,118.71062500000016
1248,2811.172755196017,113.56479166666668
1249,2812.7906756417533,99.82312499999989
1250,2814.4086699897716,112.52312500000016
1251,2816.0249350075715,131.37312500000007
1252,2817.640673671042,127.24812500000007
1253,2819.255285660953,121.72312499999998
1254,2820.869972582341,119.37312500000007
1255,2822.4829335490213,110.68979166666668
1256,2824.0959699599275,131.08562500000016
1257,2825.7078818950713,110.63562499999944
1258,2827.3186701953455,128.1022916666666
1259,2828.928935106271,103.4272916666664
1260,2830.538077672035,117.10229166666659
1261,2832.14669774756,121.71062500000016
1262,2833.7535979433405,126.72312499999998
1263,2835.3611741902614,108.08979166666677
1264,2836.9682287095775,121.5439583333332
1265,2838.5735652765807,96.06479166666668
1266,2840.1783813997117,101.4522916666665
1267,2841.782079480357,110.4897916666664
1268,2843.3846603524084,104.77729166666677
1269,2844.987319778013,98.26062499999989
1270,2846.5894601577106,87.56479166666668
1271,2848.189887588155,120.22312499999998
1272,2849.790394134253,93.77729166666677
1273,2851.3891893933837,111.53979166666659
1274,2852.987467771783,99.33979166666677
1275,2854.5846332141286,111.04812500000025
1276,2856.1812826621476,107.71479166666677
1277,2857.778012286623,102.53145833333292
1278,2859.373630303421,101.4189583333332
1279,2860.9675420035255,86.50229166666668
1280,2862.5615348211563,104.46062500000016
1281,2864.1538229733414,92.91479166666659
1282,2865.7461927405084,103.0814583333331
1283,2867.337454259011,133.22312499999998
1284,2868.929392081802,101.26062499999989
1285,2870.5184389977708,92.41062499999998
1286,2872.107568520107,117.2314583333332
1287,2873.69618631964,128.15645833333292
1288,2875.2831050213204,117.7939583333332
1289,2876.8695132585763,97.31062500000007
1290,2878.4554112776664,108.10229166666659
1291,2880.0413925631124,110.52312500000016
1292,2881.625677645613,105.18145833333301
1293,2883.209453629061,100.5439583333332
1294,2884.7921280920677,121.13145833333328
1295,2886.3737018507313,98.23979166666686
1296,2887.955360293059,117.09812499999998
1297,2889.536510996837,122.06895833333328
1298,2891.1165623002853,109.52312500000016
1299,2892.6955150172903,119.6147916666664
1300,2894.2733699608175,85.15229166666677
1301,2895.850719280258,85.61895833333301
1302,2897.426972070722,117.08562500000016
1303,2899.0027201015923,98.72729166666659
1304,2900.5779636152884,107.71062500000016
1305,2902.1532934343722,111.34395833333292
1306,2903.726938060045,95.75229166666668
1307,2905.299489070225,101.2939583333332
1308,2906.8715372864003,108.19812499999989
1309,2908.4424931243807,109.47729166666659
1310,2910.0129470273523,109.41479166666659
1311,2911.5834886843318,97.01062499999989
1312,2913.1529392504303,89.0189583333331
1313,2914.720710458505,101.51062499999989
1314,2916.2879814448534,115.69395833333328
1315,2917.8547524488417,107.63145833333328
1316,2919.4204352010215,76.28979166666659
1317,2920.9856188243834,125.93145833333301
1318,2922.5497154239365,89.2689583333331
1319,2924.1144896390665,112.41062499999998
1320,2925.6770017893728,61.923125000000255
1321,2927.239016513184,117.18979166666668
1322,2928.800534047998,104.38145833333328
1323,2930.3609674331647,72.90229166666677
1324,2931.9209044774634,118.2939583333332
1325,2933.4809322422384,100.5814583333331
1326,2935.0392904904134,117.92312500000025
1327,2936.5965670289706,79.4814583333332
1328,2938.153348918198,102.03979166666659
1329,2939.7090503144773,73.07312499999989
1330,2941.2642579046606,89.9189583333332
1331,2942.8189719238285,84.63145833333328
1332,2944.3726070853595,113.26062499999989
1333,2945.926334852879,118.10229166666659
1334,2947.478984603423,91.1147916666664
1335,2949.0299721631504,71.27729166666677
1336,2950.58046843712,103.50645833333374
1337,2952.130473658724,99.3022916666664
1338,2953.6805724704745,115.40229166666677
1339,2955.2284276533246,77.52729166666677
1340,2956.7763772621433,98.97729166666659
1341,2958.323253265422,73.09395833333292
1342,2959.8696401196144,71.78145833333292
1343,2961.4155380566995,84.72729166666659
1344,2962.9597807058917,123.88562499999989
1345,2964.503535638609,82.5772916666665
1346,2966.046220152785,88.1689583333332
1347,2967.5901660275213,68.74812499999962
1348,2969.1318764473504,106.23562500000025
1349,2970.6731004416333,70.45229166666695
1350,2972.212673845256,86.2397916666664
1351,2973.7523440319205,85.03979166666659
1352,2975.2921106806066,65.41062499999998
1353,2976.829065233985,99.75645833333328
1354,2978.3666989053495,81.2689583333331
1355,2979.9038482622204,67.84812499999998
1356,2981.4381891405383,76.2314583333332
1357,2982.974371286465,83.9897916666664
1358,2984.507746872846,74.26062499999989
1359,2986.041801620275,73.86895833333301
1360,2987.574213190213,89.89812500000016
1361,2989.1073036457783,89.76062499999989
1362,2990.638752108089,78.05645833333301
1363,2992.1685598974027,49.56479166666668
1364,2993.6978876101653,83.86895833333301
1365,2995.2278943865235,56.16479166666659
1366,2996.7562622603405,81.6397916666665
1367,2998.2841507351955,105.94395833333328
1368,2999.8115600366077,114.9897916666664
1369,3001.3361754675684,88.27729166666677
1370,3002.861470725067,64.29812500000025
1371,3004.38744494594,70.50645833333328
1372,3005.9094717712555,59.90645833333292
1373,3007.433334745139,71.58562500000016
1374,3008.9555649681392,78.40645833333292
1375,3010.4784743273503,74.18145833333301
1376,3011.9997521064415,39.677291666666406
1377,3013.5193996125167,79.4522916666665
1378,3015.0385723570976,68.68145833333301
1379,3016.5572705626346,89.56895833333328
1380,3018.0754944514388,68.3939583333331
1381,3019.59324424568,86.46895833333292
1382,3021.1093674020144,84.83979166666677
1383,3022.6250176271055,80.93979166666668
1384,3024.1401951422063,68.74395833333301
1385,3025.653748480949,82.3647916666664
1386,3027.1679815983225,58.031458333333376
1387,3028.680591698652,79.39812500000016
1388,3030.192730689614,64.63145833333328
1389,3031.704398791268,60.56479166666668
1390,3033.214446328292,61.2064583333331
1391,3034.725173668905,85.25229166666668
1392,3036.2342815996067,90.74395833333301
1393,3037.741771411926,64.7064583333331
1394,3039.2510897929155,63.8272916666665
1395,3040.7576423845885,56.26062499999989
1396,3042.263727050231,66.3314583333331
1397,3043.76934400781,52.564791666666224
1398,3045.2744934751586,78.55645833333301
1399,3046.778028986432,87.44395833333328
1400,3048.2810981542743,54.156458333333376
1401,3049.7837011956144,124.09812499999998
1402,3051.2869839443915,69.62312499999962
1403,3052.787509765846,58.18562500000007
1404,3054.288715727926,77.81895833333328
1405,3055.787167324626,61.3272916666665
1406,3057.286299493616,74.14812500000016
1407,3058.7838236987673,40.3314583333331
1408,3060.2820281985387,87.53979166666659
1409,3061.779769009628,77.33562500000016
1410,3063.274760780816,56.3314583333331
1411,3064.770433137124,74.04812500000025
1412,3066.265643156222,84.8314583333331
1413,3067.7592493281686,74.58562500000016
1414,3069.2512529247356,66.74395833333301
1415,3070.745078275596,56.28145833333292
1416,3072.237301478116,62.84812499999998
1417,3073.7279238022,62.90645833333292
1418,3075.218086479953,66.28145833333338
1419,3076.7077897239474,55.3939583333331
1420,3078.197033746622,72.78562499999998
1421,3079.685818760285,104.13562499999989
1422,3081.1730064177723,77.52312500000016
1423,3082.6597361917807,67.07312499999989
1424,3084.1448704350028,97.1689583333332
1425,3085.6306854264117,66.23562500000025
1426,3087.1149060093067,80.0439583333332
1427,3088.598670252982,52.81062500000007
1428,3090.080841907869,63.835625000000164
1429,3091.5636944535386,75.98562500000025
1430,3093.046091290721,84.36895833333301
1431,3094.528032629455,95.16062499999998
1432,3096.0072485511846,34.2647916666665
1433,3097.4871455039083,73.27312500000016
1434,3098.965453915847,70.50229166666668
1435,3100.4444430801964,64.7022916666665
1436,3101.9218448172333,51.943958333333285
1437,3103.398793703317,57.99812500000007
1438,3104.874156968755,62.943958333333285
1439,3106.3490684934927,68.4189583333332
1440,3107.823528484977,78.67312500000025
1441,3109.2975371505268,59.59395833333292
1442,3110.769963105758,86.55229166666686
1443,3112.2430700871287,63.78562499999998
1444,3113.7157263636004,62.610625000000255
1445,3115.186801588396,70.41062499999998
1446,3116.656297004706,56.05645833333301
1447,3118.12647358066,43.677291666666406
1448,3119.5950714502715,58.97729166666659
1449,3121.06435020058,57.83979166666677
1450,3122.5309225168317,57.106458333333194
1451,3123.9970476395747,53.93979166666668
1452,3125.4638539138377,75.24812499999962
1453,3126.9290849191,67.8897916666665
1454,3128.3938693441632,65.96062500000016
1455,3129.857080283771,55.87729166666668
1456,3131.3198457378535,58.05645833333392
1457,3132.7821659098263,72.06895833333328
1458,3134.246293163656,79.5522916666664
1459,3135.706596958293,70.60229166666659
1460,3137.166456765385,57.7064583333331
1461,3138.625872787383,61.631458333333285
1462,3140.0848452266164,79.79812500000025
1463,3141.544498654811,50.43979166666668
1464,3143.0014601654952,51.981458333333194
1465,3144.4579793824837,81.6772916666664
1466,3145.9140565071466,71.49812500000007
1467,3147.369691740733,67.55645833333301
1468,3148.8248852843717,92.62729166666668
1469,3150.2785150153427,56.87312500000007
1470,3151.73058215501,75.39812500000016
1471,3153.1844528551524,67.99812500000007
1472,3154.6378826681735,79.72729166666659
1473,3156.088629866829,65.86062500000025
1474,3157.537817312452,60.7647916666665
1475,3158.9888070793745,49.70645833333356
1476,3160.437117544948,35.885624999999436
1477,3161.887229373963,50.710624999999254
1478,3163.3346636553065,52.97312499999998
1479,3164.7816604809163,71.3564583333332
1480,3166.2271014557505,73.28145833333292
1481,3167.6732243025776,45.302291666666406
1482,3169.117792370164,33.84395833333292
1483,3170.563042029788,25.685625000000073
1484,3172.0056207373564,39.793958333333194
1485,3173.449998337732,55.05645833333347
1486,3174.8917067289826,57.12312500000007
1487,3176.3329805938997,69.10229166666659
1488,3177.7738201289017,57.87312500000007
1489,3179.213109969817,42.481458333333194
1490,3180.6530817698163,60.51479166666695
1491,3182.0926198282928,46.981458333333194
1492,3183.5306097881503,60.01479166666695
1493,3184.968167069184,75.6689583333332
1494,3186.4041779838662,55.443958333333285
1495,3187.8408708279294,49.84395833333292
1496,3189.2749051519118,69.16479166666659
1497,3190.709621794292,62.985625000000255
1498,3192.1439074013942,61.69812499999989
1499,3193.577762167433,72.49395833333301
1500,3195.0100744098386,53.49812500000007
1501,3196.4419568667413,63.085625000000164
1502,3197.872298521698,62.360625000000255
1503,3199.3033223210364,47.88562499999989
1504,3200.7339169146217,70.7939583333332
1505,3202.16297228488,93.43562500000007
1506,3203.591599500868,48.981458333333194
1507,3205.018689209126,56.543958333333194
1508,3206.4453518121186,57.7022916666665
1509,3207.871587501559,67.93145833333392
1510,3209.296287918623,84.4564583333331
1511,3210.7216706872227,53.65645833333292
1512,3212.1466271165627,56.53562499999998
1513,3213.5711573978947,74.3314583333331
1514,3214.9930472717465,77.31479166666668
1515,3216.415619597678,65.7356249999998
1516,3217.8366604454814,84.21062499999925
1517,3219.257277230496,67.20229166666695
1518,3220.678576046621,61.02729166666677
1519,3222.0972393712145,53.08979166666677
1520,3223.516585106165,58.28562499999998
1521,3224.9344026217054,80.1772916666664
1522,3226.3517976809435,59.710624999999254
1523,3227.768770472665,87.9522916666665
1524,3229.1853211855446,78.93145833333301
1525,3230.5992428089694,66.83562499999925
1526,3232.014950586956,57.90645833333292
1527,3233.429133908259,88.6064583333332
1528,3234.8428965603753,65.45229166666695
1529,3236.2551364438073,78.55645833333301
1530,3237.666956688571,87.93979166666622
1531,3239.0783574816796,72.19812499999989
1532,3240.4893390100337,95.75229166666668
1533,3241.899901460422,101.74395833333301
1534,3243.3089443682065,82.0439583333332
1535,3244.7175692245874,70.68979166666668
1536,3246.125776215586,99.30645833333301
1537,3247.532465854694,78.58979166666677
1538,3248.938738652065,54.16062499999998
1539,3250.344594792954,79.33562500000016
1540,3251.750034462507,78.78145833333292
1541,3253.15615621569,90.9522916666674
1542,3254.55966512764,75.44812499999944
1543,3255.961661053099,57.51479166666695
1544,3257.3643399411776,84.4189583333332
1545,3258.7655068600984,71.34812499999998
1546,3260.1684532069803,94.46895833333292
1547,3261.568791530406,91.00645833333374
1548,3262.9687161555707,72.88562499999989
1549,3264.3671314908506,79.1064583333332
1550,3265.7662295928862,50.80645833333301
1551,3267.1638194179777,63.72312499999998
1552,3268.560996923591,92.80645833333392
1553,3269.9566678097835,78.46062499999925
1554,3271.353021546429,88.35229166666659
1555,3272.7489635104453,79.5772916666665
1556,3274.143400369215,80.5439583333332
1557,3275.5374264639267,78.19395833333328
1558,3276.931041976054,83.25229166666622
1559,3278.323154537839,108.71062499999925
1560,3279.715949750458,89.36062500000025
1561,3281.106151111524,59.03562499999998
1562,3282.495943899227,79.7647916666674
1563,3283.88641955846,48.006458333333285
1564,3285.275395419,99.19395833333374
1565,3286.66396324627,82.1064583333332
1566,3288.052123220042,86.87312499999962
1567,3289.4387855367313,103.27312500000016
1568,3290.8239513352482,96.13562499999989
1569,3292.2119791296213,64.77729166666677
1570,3293.597421100456,49.252291666666224
1571,3294.9813680488046,80.1439583333331
1572,3296.364909496541,74.16479166666659
1573,3297.74804562186,95.1772916666664
1574,3299.13186435132,94.94812499999989
1575,3300.5131026174904,80.2939583333332
1576,3301.8939367319053,119.06062499999916
1577,3303.274366871923,86.5189583333331
1578,3304.654393214795,72.6147916666664
1579,3306.034015937673,95.67312500000025
1580,3307.411063535813,76.18145833333392
1581,3308.788794660853,78.14812500000016
1582,3310.168293744058,69.19812499999989
1583,3311.5441346119005,109.15645833333338
1584,3312.919574010849,90.66062499999998
1585,3314.2946121165996,95.49395833333392
1586,3315.669249104745,75.68145833333301
1587,3317.0434851507794,83.43979166666668
1588,3318.4173204300905,101.54812500000025
1589,3319.789672125373,60.802291666666406
1590,3321.1616240355884,94.75229166666668
1591,3322.533176335407,118.82729166666695
1592,3323.904329199394,68.1439583333331
1593,3325.272919338173,68.89812499999925
1594,3326.6421930662527,104.11062500000025
1595,3328.0110685106292,57.25645833333374
1596,3329.380626633505,69.59395833333292
1597,3330.747625243173,69.34395833333292
1598,3332.114226718211,81.1147916666664
1599,3333.4804312316564,52.968958333333376
1600,3334.8451594232074,65.43562500000007
1601,3336.210570845635,70.9189583333332
1602,3337.5745069181403,89.88562499999944
1603,3338.938047346186,60.37312500000007
1604,3340.3011923018953,48.21479166666677
1605,3341.6628639887695,83.51479166666695
1606,3343.0241411720785,75.89395833333356
1607,3344.3850240232423,62.418958333333194
1608,3345.7444356812584,88.71479166666677
1609,3347.1045306938704,58.84395833333292
1610,3348.4642318878605,53.56895833333374
1611,3349.8224633369177,89.44395833333328
1612,3351.179226145644,63.25229166666668
1613,3352.536672368261,79.71895833333338
1614,3353.8926509129556,41.38979166666695
1615,3355.249312589875,69.0189583333331
1616,3356.6045075503444,50.856458333333194
1617,3357.9582368953124,97.86895833333392
1618,3359.3126495709275,64.1689583333332
1619,3360.664523976314,31.914791666666588
1620,3362.017082050294,59.22312499999998
1621,3363.3681770438293,55.298125000000255
1622,3364.7188827387545,89.25645833333374
1623,3366.069199303302,111.01062499999944
1624,3367.420198973138,46.91479166666659
1625,3368.7697374724935,57.2356249999998
1626,3370.1188873457186,67.06895833333328
1627,3371.4665776189613,75.56895833333374
1628,3372.812809384273,62.52729166666677
1629,3374.1607953104253,80.03562499999998
1630,3375.5062528450176,75.4231249999998
1631,3376.8513238221444,40.87312500000007
1632,3378.197078011631,63.43979166666668
1633,3379.54030677018,66.26062499999989
1634,3380.883150084685,59.71479166666677
1635,3382.2266768035934,55.356458333333194
1636,3383.567681045004,58.2022916666665
1637,3384.909369022297,53.43145833333347
1638,3386.2517399818116,51.927291666666406
1639,3387.590523341753,72.1772916666664
1640,3388.9310577782385,57.03979166666659
1641,3390.2690742380623,37.031458333333376
1642,3391.607774340872,72.38562499999989
1643,3392.9460910997877,76.34395833333338
1644,3394.282958749409,28.581458333333103
1645,3395.6194439943206,44.35229166666659
1646,3396.9544816779326,42.84812499999998
1647,3398.2902029101174,70.56062500000007
1648,3399.6244775175655,55.773125000000164
1649,3400.958370984306,50.97729166666659
1650,3402.2908193697103,55.69812499999989
1651,3403.622887548361,69.5147916666665
1652,3404.9556391797873,58.5772916666665
1653,3406.2880103228385,21.577291666666497
1654,3407.6178753606814,33.22729166666659
1655,3408.9484240354104,45.35229166666659
1656,3410.276468747551,68.22312499999998
1657,3411.6062594022137,61.023124999999254
1658,3412.9346093079093,36.83145833333356
1659,3414.2615195337094,31.981458333333194
1660,3415.588052222392,108.9856249999998
1661,3416.9142075350615,67.18979166666668
1662,3418.2399856327297,50.00645833333374
1663,3419.56538667632,56.38562499999989
1664,3420.888291088966,17.164791666666588
1665,3422.2129391094372,44.15229166666677
1666,3423.5361512910945,34.66479166666659
1667,3424.858987663075,16.68979166666668
1668,3426.179331054391,35.093958333333376
1669,3427.5003585229756,30.25229166666668
1670,3428.82206932736,41.793958333333194
1671,3430.142347196645,82.02729166666677
1672,3431.4611931903773,52.43562500000007
1673,3432.7807226978384,22.148124999999254
1674,3434.097764381201,35.423125000000255
1675,3435.4144333287413,44.25229166666668
1676,3436.731785966715,20.94395833333374
1677,3438.047709618322,41.84812499999998
1678,3439.363261008595,50.3606249999998
1679,3440.678440295475,34.177291666666406
1680,3441.993247636812,31.977291666666588
1681,3443.305573639792,48.773125000000164
1682,3444.618583682181,46.43562500000007
1683,3445.9312228476947,37.481458333333194
1684,3447.243491293448,74.05645833333301
1685,3448.554335591889,47.923125000000255
1686,3449.8648100792016,51.63145833333374
1687,3451.1749149118577,26.51062499999989
1688,3452.4846502462433,22.677291666666406
1689,3453.791911444972,36.3314583333331
1690,3455.1009088450364,64.24812500000007
1691,3456.407433607159,46.74395833333301
1692,3457.7135906803023,46.28562499999998
1693,3459.021482644022,43.78145833333292
1694,3460.3269042132333,48.97312499999998
1695,3461.630907938316,13.802291666666406
1696,3462.935595511122,27.95229166666695
1697,3464.238866140054,37.28145833333292
1698,3465.5428203353335,39.460624999999254
1699,3466.8443090459086,53.2064583333331
1700,3468.146481631337,49.156458333333376
1701,3469.44723965952,32.856458333333194
1702,3470.7476327243676,28.518958333333103
1703,3472.0476609794578,47.5189583333331
1704,3473.346276609356,44.41479166666659
1705,3474.644528323944,11.535624999999982
1706,3475.9424162761734,58.81479166666668
1707,3477.2409877072378,36.18562500000007
1708,3478.537101504924,54.7064583333331
1709,3479.833899086919,2.9689583333333758
1710,3481.129287308416,19.185625000000073
1711,3482.4243131166177,27.706458333333103
1712,3483.7200222874344,14.02729166666677
1713,3485.0132781013153,64.22312499999998
1714,3486.3061725423586,29.060625000000073
1715,3487.598705762009,12.114791666666406
1716,3488.88983345584,18.260624999999436
1717,3490.1816449784133,27.05645833333392
1718,3491.4720518605714,32.885624999999436
1719,3492.7620987088458,33.53979166666659
1720,3494.0507423832632,17.44812499999989
1721,3495.3411129062883,40.552291666666406
1722,3496.629037847736,39.731458333333194
1723,3497.915561520164,41.260624999999436
1724,3499.2027692009337,33.818958333333285
1725,3500.4896183309042,37.193958333333285
1726,3501.7750675119096,25.848124999999982
1727,3503.06015902142,57.63145833333374
1728,3504.3448930086943,4.093958333333376
1729,3505.629269622912,29.6106249999998
1730,3506.9122486233987,37.8939583333331
1731,3508.1938310263745,20.1106249999998
1732,3509.4760974712194,57.53979166666659
1733,3510.7580077164157,44.66479166666659
1734,3512.038522675684,42.739791666666406
1735,3513.3186823089663,47.69395833333374
1736,3514.5984867641423,9.27729166666677
1737,3515.877936189005,13.543958333333194
1738,3517.1559926490468,16.535624999999982
1739,3518.433694949635,41.677291666666406
1740,3519.712080745016,42.02729166666677
1741,3520.9880376611272,62.07729166666695
1742,3522.2636414335607,-3.8435416666666242
1743,3523.538892208904,40.4231249999998
1744,3524.8137901336645,48.173125000000255
1745,3526.0883353542667,51.74395833333392
1746,3527.360456445156,8.83979166666677
1747,3528.634297269305,-6.997708333333321
1748,3529.907785827851,-9.09770833333323
1749,3531.1788524120752,44.31895833333374
1750,3532.450602808174,30.439791666666224
1751,3533.7199332356977,40.60229166666659
1752,3534.9899477654776,39.91062499999998
1753,3536.2585781147527,23.473124999999982
1754,3537.527892285545,16.958541666666406
1755,3538.7958231355856,10.44395833333374
1756,3540.0634045952875,26.160624999999982
1757,3541.330636809047,24.31895833333374
1758,3542.59751992118,13.993958333333012
1759,3543.861989919433,37.210624999999254
1760,3545.1271440350247,-9.49354166666626
1761,3546.3909185384823,9.539791666666588
1762,3547.6564081056385,35.12312499999962
1763,3548.9194874045456,7.08979166666677
1764,3550.1822195995696,-5.689374999999927
1765,3551.443574456673,34.177291666666406
1766,3552.7045830618217,21.668958333333194
1767,3553.9673051804525,56.960625000000164
1768,3555.2276211440817,22.08979166666677
1769,3556.486562037161,30.2356249999998
1770,3557.7461867768798,30.53145833333292
1771,3559.004437294867,10.9856249999998
1772,3560.2623429791934,9.677291666666406
1773,3561.5188758531717,0.6397916666669516
1774,3562.776092576979,26.83979166666677
1775,3564.0319373365523,-10.418541666666442
1776,3565.2884656657047,9.789791666666588
1777,3566.542595882828,18.756458333333285
1778,3567.7974099516127,-5.022708333333412
1779,3569.050854307224,13.814791666666679
1780,3570.3039560833045,13.023125000000164
1781,3571.556715420279,-22.168541666666442
1782,3572.809132458498,26.31895833333374
1783,3574.0601820278453,25.268958333333558
1784,3575.3108901387895,17.018958333333558
1785,3576.5602321800266,26.498125000000073
1786,3577.8102580730165,13.13562499999989
1787,3579.0589187343585,47.89395833333356
1788,3580.3072390543402,12.852291666666588
1789,3581.554195537798,12.698124999999436
1790,3582.8028592266605,36.468958333333376
1791,3584.0491362804487,11.814791666666224
1792,3585.294051307719,40.168958333333194
1793,3586.5396503220118,7.160624999999982
1794,3587.7849103849235,-4.11854166666626
1795,3589.0298316347894,-3.735208333333503
1796,3590.272370837845,14.760624999999436
1797,3591.5166154320946,26.660624999999982
1798,3592.758479366013,26.356458333333194
1799,3594.0000061489764,-11.426875000000564
1800,3595.241195918264,9.852291666666588
1801,3596.4820488110836,4.298125000000255
1802,3597.721544941565,27.223124999999982
1803,3598.9617247695173,19.593958333333376
1804,3600.2005486622284,15.27729166666677
1805,3601.439036779267,38.81895833333374
1806,3602.676170339564,21.8606249999998
1807,3603.913987590751,26.043958333333194
1808,3605.149432743696,6.856458333333194
1809,3606.386579949831,-6.6935416666660785
1810,3607.622374247093,45.51062499999989
1811,3608.856816597817,23.86895833333392
1812,3610.09092522751,1.2231249999999818
1813,3611.3236832818393,-17.489375000000564
1814,3612.557125150166,18.518958333333558
1815,3613.7892172627644,13.456458333333558
1816,3615.0209767440306,52.26479166666695
1817,3616.2524037286503,14.51062499999989
1818,3617.483498351233,26.581458333333558
1819,3618.714260746318,21.293958333333194
1820,3619.94266090881,23.05645833333392
1821,3621.171745003619,29.293958333333194
1822,3622.3994832981116,-19.43520833333332
1823,3623.6289194952237,-8.001874999999927
1824,3624.8559961834453,3.0231250000001637
1825,3626.0827425420043,5.63145833333374
1826,3627.30814527349,14.252291666666224
1827,3628.533218487204,1.9772916666665878
1828,3629.757962316042,3.473124999999982
1829,3630.982376892828,5.639791666666952
1830,3632.205450008647,-5.997708333333776
1831,3633.4302188211873,11.968958333333376
1832,3634.652634640393,8.281458333332921
1833,3635.87371075532,21.643958333333558
1834,3637.095470622151,12.823124999999436
1835,3638.3158915914814,28.106458333333194
1836,3639.535985321249,14.806458333333012
1837,3640.7557519430534,8.056458333333467
1838,3641.9751915884244,11.260624999999436
1839,3643.193294488609,30.073124999999436
1840,3644.4110712162383,-10.893541666666806
1841,3645.628521902304,-8.289374999999836
1842,3646.8456466777284,11.435624999999618
1843,3648.061436853891,26.77729166666677
1844,3649.2769019207603,-14.8893750000002
1845,3650.493050288813,28.164791666666588
1846,3651.706857248099,-17.239375000000564
1847,3652.920340027773,-7.343541666666624
1848,3654.1334987576865,10.010624999999436
1849,3655.3463335676247,2.8939583333335577
1850,3656.558844587304,-1.7935416666664423
1851,3657.7710319463695,-1.189375000000382
1852,3658.980882979757,14.781458333333376
1853,3660.191417814259,12.668958333333194
1854,3661.400624052017,29.598124999999982
1855,3662.610513812404,33.33145833333356
1856,3663.819075769867,4.218958333333376
1857,3665.0263108563504,14.814791666666679
1858,3666.234229583443,-23.91437499999938
1859,3667.4418267541714,2.248124999999618
1860,3668.6480982413404,28.90229166666677
1861,3669.8540489631223,-14.91020833333323
1862,3671.0586753255952,20.273125000000164
1863,3672.2639851671347,-6.935208333333776
1864,3673.4679714382128,24.560624999999618
1865,3674.671637988084,-9.522708333333412
1866,3675.8739822879734,56.33145833333356
1867,3677.077010043544,-2.989375000000564
1868,3678.2787163355088,53.323124999999436
1869,3679.480103946797,17.960625000000164
1870,3680.6801714112016,34.068958333333285
1871,3681.8799209791896,37.148124999999254
1872,3683.079352777059,10.63145833333374
1873,3684.2794677284064,-11.91020833333323
1874,3685.477263567306,-22.447708333333594
1875,3686.6757428119467,-9.297708333333503
1876,3687.872904788058,-6.189374999999927
1877,3689.0687504149564,23.139791666666497
1878,3690.2662790343516,16.53145833333292
1879,3691.4614923455124,17.38979166666695
1880,3692.6553910043467,3.310624999999618
1881,3693.8499732925884,-21.54770833333305
1882,3695.0442401248984,-18.272708333333412
1883,3696.237193470689,9.15229166666677
1884,3697.4288342446666,26.356458333333194
1885,3698.62215624873,37.31895833333374
1886,3699.8131685636768,-27.147708333333412
1887,3701.0048642017537,18.160624999999982
1888,3702.1952488173442,36.22312499999998
1889,3703.385319900593,-8.026875000000018
1890,3704.574081259492,20.268958333333558
1891,3705.7635259118874,9.477291666666588
1892,3706.9516616116803,14.331458333333558
1893,3708.1394847980814,-10.585208333333412
1894,3709.3260003263363,18.493958333333467
1895,3710.5131991174408,-11.539375000000746
1896,3711.6980962745533,18.227291666666588
1897,3712.8836769401414,10.035624999999982
1898,3714.0679520073927,36.52729166666677
1899,3715.2519163438374,6.585624999999254
1900,3716.4355700717556,0.6856250000000728
1901,3717.6199067540906,26.935625000000073
1902,3718.8029393709926,9.210624999999254
1903,3719.9836759061986,41.427291666666406
1904,3721.1660886818454,3.860624999999345
1905,3722.3462066598327,10.348124999999982
1906,3723.52700794131,31.960624999999254
1907,3724.707499987948,-21.418541666666442
1908,3725.8866913005786,9.71479166666677
1909,3727.064582778765,20.752291666666224
1910,3728.243157525733,-2.322708333333594
1911,3729.4204331983983,-17.42270833333305
1912,3730.596410694259,30.223124999999982
1913,3731.773071561724,26.185624999999618
1914,3732.950415144974,26.031458333333376
1915,3734.1244815542364,28.018958333333558
1916,3735.300220987283,0.031458333333375776
1917,3736.4736748453265,-3.289375000000746
1918,3737.6468228653366,-2.089375000000018
1919,3738.819665166865,4.223124999999982
1920,3739.9931903886345,35.41479166666659
1921,3741.1654213540783,1.373124999999618
1922,3742.336358955124,21.248124999999618
1923,3743.5069918297895,-6.551875000000564
1924,3744.677320097014,-22.968541666666624
1925,3745.8473438756723,11.306458333333921
1926,3747.015089330959,-6.78520833333323
1927,3748.1845050022725,-5.947708333333594
1928,3749.353616541078,-24.560208333333776
1929,3750.520451651128,4.968958333333376
1930,3751.6869838906096,28.71479166666677
1931,3752.8532133774283,18.01479166666695
1932,3754.019140229431,12.077291666666952
1933,3755.185749748668,28.143958333333558
1934,3756.350086500063,29.393958333333558
1935,3757.5141214806395,34.264791666667406
1936,3758.6768703892,-14.522708333333412
1937,3759.840302435044,-6.439375000000382
1938,3761.0024491529985,-7.581041666666806
1939,3762.1642950783853,-18.72270833333323
1940,3763.32584032797,-4.418541666666897
1941,3764.486101873176,7.731458333333194
1942,3765.648029266487,-14.089375000000018
1943,3766.8076905519583,6.393958333333558
1944,3767.967052136163,22.63145833333374
1945,3769.12513200614,9.848124999999982
1946,3770.282912914385,4.9314583333339215
1947,3771.441376598831,-22.46854166666708
1948,3772.5985596774817,29.906458333333376
1949,3773.7544630259504,20.052291666666406
1950,3774.91006838148,18.223124999999982
1951,3776.0653758592916,-0.7893750000007458
1952,3777.2203855745456,-30.67270833333305
1953,3778.375097642342,0.3814583333337396
1954,3779.528532325486,-33.61020833333305
1955,3780.6806904956006,24.085624999999254
1956,3781.8345110680266,-3.6393750000002
1957,3782.9860762605244,18.502291666666224
1958,3784.138324231966,2.7147916666667697
1959,3785.289297156118,17.164791666666588
1960,3786.4389959019154,0.9856249999997999
1961,3787.5893775173563,12.073124999999436
1962,3788.7384856848994,-7.80604166666626
1963,3789.887298859452,26.477291666666588
1964,3791.035817154591,-6.36854166666626
1965,3792.1840406838387,14.202291666666952
1966,3793.3300158894417,13.58979166666677
1967,3794.4776507284814,-2.272708333333412
1968,3795.6230384718815,4.418958333333194
1969,3796.769108988554,1.4897916666677702
1970,3797.9148858061344,-3.1602083333332303
1971,3799.0593934526687,3.1439583333335577
1972,3800.202632790131,56.43145833333392
1973,3801.3455797653655,3.5272916666667697
1974,3802.4892093271214,15.056458333333921
1975,3803.63157166503,-29.668541666666442
1976,3804.7736419770395,-12.081041666666806
1977,3805.9134721963965,-19.751875000000382
1978,3807.054959290298,-25.1393750000002
1979,3808.1942075097922,-8.2643750000002
1980,3809.3341384886226,14.535624999999527
1981,3810.4737784974923,-0.8560416666664423
1982,3811.612154800754,-33.235208333331684
1983,3812.750240853054,6.564791666666679
1984,3813.887064414101,6.6106249999998
1985,3815.0245705452417,-31.36020833333305
1986,3816.1608149022277,-2.960208333333412
1987,3817.295798338201,-13.41020833333323
1988,3818.4314644283536,9.952291666667406
1989,3819.566841426992,7.302291666666406
1990,3820.700958577348,-17.385208333333594
1991,3821.8347873507896,-33.351875000000746
1992,3822.9683278572925,6.177291666666406
1993,3824.1006100796953,-8.893541666666806
1994,3825.2316348669365,-16.951875000000655
1995,3826.3633423366778,-17.314375000000382
1996,3827.494762471095,11.260624999999436
1997,3828.62492623697,-31.760208333333594
1998,3829.754803378055,16.13979166666695
1999,3830.8843940033717,-4.518541666666806
2000,3832.013698221889,6.910624999999982
2001,3833.1417479822044,42.66479166666659
2002,3834.2695120440785,-9.022708333333412
2003,3835.396990516035,-21.435208333333776
2004,3836.524183506544,-14.43104166666626
2005,3837.649156763139,-11.772708333333412
2006,3838.7748126696306,-6.543541666666442
2007,3839.9001839088005,-2.9935416666662604
2008,3841.024304141403,12.398124999999254
2009,3842.148140411017,7.752291666666224
2010,3843.2716928252253,-2.2643750000002
2011,3844.394961491558,-0.8310416666668061
2012,3845.5179465174906,-13.593541666666624
2013,3846.6396827826825,-4.106041666666442
2014,3847.7601711248435,8.873124999999618
2015,3848.8813418634054,10.389791666666952
2016,3850.0022298773843,0.6481249999992542
2017,3851.1218710187627,-6.360208333333048
2018,3852.240266123023,31.802291666666406
2019,3853.359343564056,35.398124999999254
2020,3854.4771756661703,9.335624999999254
2021,3855.5947265478135,-26.706041666666806
2022,3856.7119963150944,-7.414375000000746
2023,3857.828022273713,10.123124999999618
2024,3858.943767814044,-34.197708333333594
2025,3860.060195358401,14.127291666666224
2026,3861.175380137406,-37.07270833333314
2027,3862.2893229817914,6.531458333332921
2028,3863.4039479051908,23.598124999999527
2029,3864.516370236916,-7.5143750000002
2030,3865.630435967557,-12.964375000000018
2031,3866.7432611500362,-1.3643750000010186
2032,3867.854846612561,3.7772916666667697
2033,3868.966153569202,-26.964375000000018
2034,3870.076221978108,-31.039375000000746
2035,3871.1860125711582,-37.726875000000746
2036,3872.2955254526314,4.768958333333558
2037,3873.405720152695,2.3397916666667697
2038,3874.5137184977084,24.035624999999982
2039,3875.6223988696115,-28.635208333333594
2040,3876.729843240149,-36.29770833333305
2041,3877.8370108989993,4.46479166666677
2042,3878.9429437222425,7.793958333333194
2043,3880.0486005196417,-14.818541666666079
2044,3881.1558968931527,-2.6727083333330484
2045,3882.2610014708557,-27.206041666666806
2046,3883.3639157897755,-9.818541666666079
