,Rshift,20250201_134704_637
0,-27.28431624923972,13.80333333333283
1,-24.137810440559743,3.103333333333012
2,-20.992855305911224,25.103333333333012
3,-17.849449699264277,5.57416666666677
4,-14.709577990190768,2.42833333333283
5,-11.570259296931825,-0.12166666666735182
6,-8.432485724277697,46.028333333332284
7,-5.297247424298958,-24.059166666667352
8,-2.163550990117585,-15.105000000000018
9,0.9686047153885033,5.1574999999998
10,4.098230996806874,-17.763333333333776
11,7.226319793020991,-4.871666666667352
12,10.351883377225125,-31.80083333333323
13,13.47690108550667,22.674166666666224
14,16.599396813964887,0.3824999999992542
15,19.71937314585023,40.60749999999962
16,22.838806501711186,175.93249999999944
17,25.95572368194708,154.44916666666677
18,29.070127261761424,171.62416666666695
19,32.18399075351902,163.96583333333228
20,35.29534385461391,131.88249999999925
21,38.40517363784589,151.51166666666677
22,41.51249719788232,147.31166666666695
23,44.61928418112446,138.1491666666666
24,47.72258507542738,173.82833333333247
25,50.82535162225085,134.37416666666695
26,53.926601392168415,138.49499999999944
27,57.02437225535298,135.0949999999998
28,60.12063048208482,148.2741666666666
29,63.215377180019566,124.94916666666677
30,66.30959363994587,132.41999999999962
31,69.40034041471665,155.39083333333247
32,72.48860070466732,169.915833333333
33,75.57731329740307,155.74499999999944
34,78.66256333475965,160.7116666666666
35,81.74631037256418,115.8491666666664
36,84.82855550884238,120.45749999999998
37,87.90929984055099,168.64499999999998
38,90.98756809333871,136.14499999999998
39,94.06433868236475,166.32833333333247
40,97.1405881209893,148.82833333333247
41,100.21339123894579,156.54499999999962
42,103.28470091617095,147.25333333333265
43,106.35354424187857,160.4741666666664
44,109.42187077517436,188.09083333333228
45,112.48676102238159,165.728333333333
46,115.55113664681949,145.7199999999998
47,118.61402520538982,158.83249999999998
48,121.67445614213274,184.12416666666695
49,124.73243195142234,158.74499999999944
50,127.78989651750489,134.55333333333283
51,130.84490905385366,177.915833333333
52,133.89844180364437,151.95333333333247
53,136.94952655484522,156.51999999999998
54,139.9991346065499,188.41999999999962
55,143.04726703056593,143.80333333333283
56,146.09295701676533,124.80749999999944
57,149.13717445172796,137.25333333333265
58,152.18088734856704,171.46583333333228
59,155.22216241584337,155.11166666666622
60,158.26003610937104,139.94916666666677
61,161.29740892735327,161.44916666666677
62,164.33331545412594,183.5366666666664
63,167.36679213777288,193.3366666666666
64,170.39880558285302,188.17833333333283
65,173.42839316438452,199.19916666666677
66,176.45652055224213,209.08249999999998
67,179.48318880184246,204.353333333333
68,182.50936125878457,192.57416666666677
69,185.532152102855,207.853333333333
70,188.5525265301561,178.19083333333265
71,191.57336968606344,211.24499999999944
72,194.59083808475233,201.82416666666677
73,197.60685550341933,231.07833333333247
74,200.6195039541193,221.06999999999925
75,203.6335825290436,198.99499999999944
76,206.64429514705586,223.42416666666622
77,209.6516456142998,244.76999999999998
78,212.66042610825713,255.56583333333265
79,215.66584745221635,239.9116666666664
80,218.6688701982906,259.44083333333265
81,221.6704530579928,253.74916666666695
82,224.67155290628202,275.7324999999996
83,227.67025864025692,236.43666666666695
84,230.66561774334488,227.88666666666677
85,233.66145185846995,245.36583333333283
86,236.65489724395556,291.415833333333
87,239.64595629990657,268.57416666666677
88,242.63558452041616,263.1574999999998
89,245.62378293194837,310.17833333333283
90,248.60960037381219,303.1533333333323
91,251.59399096676356,291.7741666666666
92,254.57695573333737,313.3325
93,257.5584956950971,294.49916666666695
94,260.5367111357406,331.94083333333265
95,263.51445554100974,345.3574999999996
96,266.4907791062013,335.4033333333323
97,269.4647338389515,392.5324999999998
98,272.4372706690054,430.99916666666695
99,275.40839061015055,520.0699999999993
100,278.3771470222574,701.5158333333325
101,281.34354227106166,962.9324999999994
102,284.3104189718883,1315.790833333333
103,287.27304392780604,1748.895
104,290.2342597498509,2155.5574999999994
105,293.19501284369574,2607.5074999999993
106,296.15435791399693,2986.3824999999993
107,299.11135146313717,3321.4533333333325
108,302.06599584060206,3551.6324999999993
109,305.020180602477,3747.665833333333
110,307.97107593352354,3833.9116666666664
111,310.9205709374285,3896.3574999999996
112,313.8696088729118,3914.1324999999993
113,316.81630576431763,3943.303333333333
114,319.7616053156739,3967.290833333333
115,322.70362667554014,3998.8574999999996
116,325.6461354188213,4092.7533333333326
117,328.5863097684562,4129.078333333333
118,331.5232124643944,4321.3325
119,334.4596645888623,4404.120000000001
120,337.3956657948935,4521.011666666665
121,340.32746272332156,4749.403333333332
122,343.2588115920873,4843.203333333333
123,346.18877468724133,4999.120000000001
124,349.1164160675589,5230.640833333333
125,352.0426745233984,5465.199166666665
126,354.9666149953233,5748.411666666667
127,357.89011098210506,6125.086666666666
128,360.810356668617,6772.540833333334
129,363.730159822777,7592.107499999998
130,366.64858582226634,8393.203333333333
131,369.5647018076031,8967.386666666665
132,372.47851007211335,9139.786666666667
133,375.3909458601356,8118.77
134,378.3020101411441,7719.395
135,381.2107718077643,6691.8033333333315
136,384.1190964182033,6057.695
137,387.0260524242806,5646.0533333333315
138,389.92977926968416,5399.969999999999
139,392.8321411918916,5243.265833333333
140,395.73313915306505,5082.028333333332
141,398.63277411446904,5055.578333333334
142,401.53011802317604,5037.045
143,404.42610172424645,5013.9908333333315
144,407.32072617531486,4961.844999999999
145,410.21306462703984,4927.528333333333
146,413.10404661153893,4809.057499999999
147,415.99274624637286,4877.674166666666
148,418.88101859200884,4779.3033333333315
149,421.7670113614339,4779.7408333333315
150,424.6507268069978,4832.753333333333
151,427.534017380677,4834.5408333333335
152,430.4150333946642,4808.57
153,433.29377709457617,4836.174166666666
154,436.171174526634,4806.215833333332
155,439.0481500067328,4792.245000000001
156,441.9219343629885,4816.053333333332
157,444.7943761439507,4755.086666666666
158,447.6663983684335,4730.636666666665
159,450.53615738925754,4699.395
160,453.4036554368587,4647.836666666666
161,456.2698155263778,4588.724166666667
162,459.13371823570486,4557.836666666666
163,461.99720564598897,4509.3533333333335
164,464.85751890297826,4484.932500000001
165,467.71741872718127,4445.165833333333
166,470.57598612114396,4527.178333333332
167,473.4313855832414,4526.736666666666
168,476.28729176382114,4547.8533333333335
169,479.1400335802938,4471.4575
170,481.9905314565158,4405.219999999999
171,484.84062061516414,4338.211666666666
172,487.68846853613957,4112.099166666666
173,490.5359087351512,3951.5825
174,493.3792799303744,3642.3908333333334
175,496.22407571145703,3538.4991666666665
176,499.06480688058537,3357.1033333333335
177,501.90513400978284,3123.5699999999993
178,504.742316141402,3013.3824999999993
179,507.58092228765565,2873.7741666666666
180,510.41547342909644,2769.27
181,513.2477988173791,2661.6949999999993
182,516.0815480007475,2571.3283333333325
183,518.9103381523065,2544.1324999999993
184,521.7387302367048,2498.203333333333
185,524.5667238977102,2400.228333333333
186,527.3915883150893,2414.836666666666
187,530.2151463911312,2374.4741666666664
188,533.0383083453657,2260.103333333333
189,535.8592560354984,2309.490833333333
190,538.6770831531306,2261.165833333333
191,541.4945172807625,2209.274166666666
192,544.3106504268214,2191.103333333333
193,547.1254834922145,2174.8866666666668
194,549.9372037825524,2127.411666666666
195,552.7476274645466,2162.765833333333
196,555.557661396232,2101.8824999999993
197,558.3654941332069,2092.0866666666666
198,561.1711278231132,2105.5074999999993
199,563.9763740302524,2047.8824999999993
200,566.7785195179079,1939.3033333333328
201,569.5802793070004,2028.4074999999998
202,572.3789426562782,2019.911666666666
203,575.1781251319061,1999.8241666666663
204,577.9742146080273,1991.5908333333323
205,580.7690188937156,2026.3408333333327
206,583.5634406759264,1972.203333333333
207,586.3547754365092,2031.1866666666665
208,589.1448284899731,2004.9491666666668
209,591.9336007189041,2046.8408333333327
210,594.7210930050775,2003.8199999999993
211,597.5055067627944,2003.2824999999998
212,600.2895433101347,1947.0533333333328
213,603.0732022878761,1947.290833333333
214,605.8537878481096,1919.249166666667
215,608.6322014233208,1946.8158333333326
216,611.4093427963033,1982.8824999999993
217,614.1861101036463,1978.1741666666658
218,616.9598124291359,1931.0825
219,619.7331424337686,1908.628333333333
220,622.505203725734,1831.395
221,625.2742059305338,1787.878333333333
222,628.0419428000752,1784.186666666667
223,630.8075203969969,1764.645
224,633.5736240010797,1751.3574999999996
225,636.3366760769657,1783.6991666666668
226,639.098467097401,1772.253333333333
227,641.8589979255039,1769.3408333333323
228,644.6182694236076,1769.599166666666
229,647.3744977383801,1763.1074999999996
230,650.1303620232678,1791.628333333333
231,652.8849703729016,1761.6241666666665
232,655.6365413689031,1858.911666666666
233,658.3877505014291,1894.0699999999993
234,661.1377070819738,1947.6074999999996
235,663.8855220435962,1978.0741666666668
236,666.6320869725545,1965.9199999999996
237,669.3765136087061,1893.3074999999994
238,672.1196927253785,1836.895
239,674.8607368678764,1772.3699999999994
240,677.6005359979608,1800.7533333333326
241,680.3408659606193,1760.7991666666662
242,683.0772897079983,1732.4491666666663
243,685.8124717904553,1767.349166666666
244,688.545526761953,1749.7783333333327
245,691.2782284505098,1753.8283333333325
246,694.0088055188429,1732.5574999999994
247,696.7381450997262,1740.7991666666662
248,699.4662480342079,1773.3033333333333
249,702.1922308778788,1736.453333333333
250,704.9169795556986,1750.9533333333325
251,707.6404949056167,1731.9908333333333
252,710.3618946801053,1781.2408333333333
253,713.0811809136846,1810.0866666666661
254,715.7992379247568,1804.8241666666663
255,718.5178303221388,1820.6949999999993
256,721.232549101209,1825.411666666666
257,723.946923043364,1899.7075
258,726.6591903985808,1924.9949999999994
259,729.3702334856129,1977.078333333333
260,732.0791732343926,2077.2491666666665
261,734.7860116633555,2106.9866666666658
262,737.4933881052642,2148.765833333333
263,740.1986648794762,2243.9158333333335
264,742.9009656863793,2242.674166666666
265,745.6038053949877,2223.5074999999993
266,748.3027948427829,2139.5741666666663
267,751.0023240452123,2113.5741666666663
268,753.6997612549775,2042.5533333333333
269,756.3951084757753,2012.565833333333
270,759.0883677085873,1992.7949999999996
271,761.7804165027665,1975.3824999999993
272,764.4730059891978,2002.6491666666661
273,767.161760802308,2016.2491666666665
274,769.8493084081631,2037.0908333333327
275,772.5373975778823,2057.5699999999993
276,775.2225324226614,2062.0616666666665
277,777.9055893020778,2051.7908333333335
278,780.5865702013685,2111.5449999999996
279,783.2680943403964,2147.9783333333335
280,785.94754411685,2203.6699999999996
281,788.6249215114218,2264.1616666666664
282,791.301099742469,2262.9449999999993
283,793.9752087651893,2196.6699999999996
284,796.6481210140968,2131.890833333333
285,799.3198372924204,2068.5116666666663
286,801.9903584026715,1997.2574999999993
287,804.6588158534753,1967.4283333333328
288,807.3260805162536,1953.395
289,809.9921531905816,1992.7616666666663
290,812.6552984182088,1963.5324999999998
291,815.3172548048767,1935.395
292,817.9788905003605,1950.6241666666665
293,820.6393381718575,1938.3574999999996
294,823.2968654545798,1915.9699999999998
295,825.953207848906,1894.7408333333333
296,828.6092319547788,1853.203333333333
297,831.2623411407403,1833.0825
298,833.9142685842397,1830.4324999999994
299,836.5650150746521,1765.036666666666
300,839.214581400652,1792.3116666666665
301,841.8621044684179,1790.4866666666658
302,844.5084497156973,1730.1491666666661
303,847.1536179282938,1734.895
304,849.7967471614515,1687.9283333333333
305,852.4387016963278,1680.5699999999993
306,855.0786203523927,1715.599166666666
307,857.7182282217098,1743.6033333333335
308,860.3549413428963,1723.6241666666665
309,862.9904844220963,1740.8074999999994
310,865.6265791063319,1735.5116666666663
311,868.2589236210457,1739.6574999999998
312,870.8901011907012,1776.140833333333
313,873.5201125911036,1794.5949999999998
314,876.1489585973727,1805.5491666666658
315,878.7757814546823,1779.5366666666664
316,881.401441226342,1793.3366666666661
317,884.0267964539792,1796.4033333333327
318,886.6492746012391,1854.7408333333333
319,889.2705927365037,1895.1241666666665
320,891.889894997582,1951.4366666666665
321,894.5080395422766,2045.828333333333
322,897.1250271379771,2202.1824999999994
323,899.7400030545731,2458.265833333333
324,902.3555345485436,3113.4658333333327
325,904.9673464118688,5127.795
326,907.578860262243,7765.445
327,910.1875137688562,9176.315833333332
328,912.7967243978754,9287.849166666667
329,915.4030777129715,7998.528333333334
330,918.008282448971,5531.0075
331,920.6131918479454,3669.8033333333333
332,923.2152492193081,2611.2283333333335
333,925.8153093048101,2031.1283333333326
334,928.4150767007262,1784.1616666666664
335,931.0137000550731,1637.0699999999993
336,933.6094789049918,1582.9283333333333
337,936.2049669537362,1548.7408333333333
338,938.7993139710164,1436.2949999999996
339,941.3916712212085,1473.0074999999993
340,943.9820405752965,1412.890833333333
341,946.5721213861391,1427.690833333333
342,949.1602165457788,1378.3116666666665
343,951.7471759172602,1352.599166666666
344,954.3321526227504,1367.878333333333
345,956.915995777856,1359.440833333333
346,959.4978592456448,1324.565833333333
347,962.0785913955167,1324.9908333333333
348,964.6581929708851,1298.9824999999996
349,967.2366647145176,1287.3199999999993
350,969.8123165688366,1286.5408333333335
351,972.3885316148301,1256.52
352,974.9619297326224,1232.7949999999996
353,977.5342024606138,1220.849166666666
354,980.1053505368706,1250.0283333333327
355,982.6745311457491,1224.7908333333335
356,985.2425893142037,1207.395
357,987.8095257776441,1194.1116666666658
358,990.3753412708345,1208.4033333333327
359,992.9383523664881,1199.2908333333335
360,995.5010871426232,1202.503333333333
361,998.0610211902117,1160.815833333333
362,1000.6215213600577,1191.9033333333327
363,1003.180064343015,1194.8241666666663
364,1005.735811721452,1163.8658333333333
365,1008.291286062632,1193.2366666666658
366,1010.8456474810134,1186.4074999999998
367,1013.3972184038389,1186.190833333333
368,1015.9493568871053,1190.9783333333335
369,1018.4987077862389,1210.8658333333333
370,1021.0469501244125,1257.936666666667
371,1023.5932469334166,1298.2158333333327
372,1026.1392746818394,1376.6116666666658
373,1028.68419603592,1466.849166666666
374,1031.2263385170504,1588.4699999999998
375,1033.7673774982072,1616.0949999999998
376,1036.307313697748,1576.9033333333327
377,1038.8461478334082,1494.3824999999993
378,1041.3830454733454,1340.1241666666665
379,1043.918843207229,1294.77
380,1046.4527073250108,1309.6658333333335
381,1048.984639625617,1298.6741666666658
382,1051.5163093112349,1365.8366666666661
383,1054.047716010783,1462.890833333333
384,1056.5763604113001,1532.8074999999994
385,1059.1022453872818,1521.190833333333
386,1061.6295351123408,1466.8533333333335
387,1064.15406755211,1324.5116666666663
388,1066.6766771148937,1228.9033333333327
389,1069.1981967679412,1207.161666666666
390,1071.7186272174504,1179.2616666666663
391,1074.2379691690155,1194.52
392,1076.755393221889,1161.4824999999996
393,1079.272560650206,1111.4408333333326
394,1081.7869829144095,1147.2241666666664
395,1084.2994918955026,1101.7158333333327
396,1086.8117467162267,1119.0491666666658
397,1089.3229186874332,1086.5283333333327
398,1091.8321805482885,1049.1074999999996
399,1094.3395340678335,1090.5408333333335
400,1096.8466355091525,1096.8574999999996
401,1099.3518307167656,1032.395
402,1101.8551214547995,1047.9616666666661
403,1104.3573356661466,1036.603333333333
404,1106.8592998708855,1025.078333333333
405,1109.3585372853117,1025.4366666666665
406,1111.8567009636618,1018.5449999999996
407,1114.3546163596102,1023.0074999999993
408,1116.8498098787786,976.1158333333333
409,1119.3447564973785,1011.349166666666
410,1121.8361610425645,999.1241666666665
411,1124.3289674661858,1001.5783333333329
412,1126.819058307148,991.6116666666658
413,1129.3072590118054,1004.603333333333
414,1131.7952159016595,1026.565833333333
415,1134.2812847317573,1014.0158333333329
416,1136.765467243167,1001.4575
417,1139.248586407842,1004.3199999999993
418,1141.7314637900306,1007.7533333333326
419,1144.2116374268019,1002.2075
420,1146.6907504649155,1009.8366666666661
421,1149.1696234135359,1066.786666666666
422,1151.6457974652753,1034.4824999999996
423,1154.1209136575835,1068.0741666666663
424,1156.594153889389,1155.7574999999993
425,1159.0671567451252,1205.4658333333327
426,1161.5382856927909,1260.753333333333
427,1164.0075424555425,1241.4283333333333
428,1166.4765635190067,1175.4366666666665
429,1168.9437144436115,1119.6991666666663
430,1171.408996947761,1075.6658333333335
431,1173.8740454230053,1040.065833333333
432,1176.3372275174995,1037.453333333333
433,1178.7985449449166,996.2658333333329
434,1181.2596300074379,978.2491666666665
435,1183.7188524362593,1034.5408333333335
436,1186.1753993385187,1050.374166666667
437,1188.6317162263829,1004.0074999999993
438,1191.0878027271572,1041.1074999999996
439,1193.5412177787307,1041.265833333333
440,1195.9935905564976,1055.6908333333326
441,1198.4449217244953,1067.1866666666665
442,1200.8943994187837,1063.7199999999998
443,1203.3428375194246,1090.0533333333333
444,1205.789424849979,1110.6699999999996
445,1208.234974598328,1150.3158333333326
446,1210.6794874243822,1197.565833333333
447,1213.1229639874857,1237.6866666666665
448,1215.5654049464306,1174.9158333333335
449,1218.0051907210802,1151.2491666666665
450,1220.4439435796855,1113.2158333333327
451,1222.8816641780545,1084.6408333333325
452,1225.318353171446,1066.4658333333323
453,1227.7532024656482,1065.7574999999993
454,1230.1862137406779,1071.5408333333335
455,1232.6198128706674,1085.3699999999994
456,1235.0507675630085,1051.411666666666
457,1237.4806952829103,1042.7158333333327
458,1239.907982597396,1054.2199999999998
459,1242.335859005302,1050.1116666666658
460,1244.7610976691485,1070.6949999999993
461,1247.1861193409281,1083.9283333333333
462,1249.6101179672248,1045.828333333333
463,1252.0314835133897,1046.849166666666
464,1254.451828665863,1091.5074999999993
465,1256.8711540695176,1076.1991666666663
466,1259.2894603686862,1090.8699999999994
467,1261.7051402369893,1092.4991666666665
468,1264.1206072882194,1080.1824999999994
469,1266.5358611493111,1110.6533333333327
470,1268.9484925359866,1124.5616666666665
471,1271.3593067488612,1126.6699999999996
472,1273.76910773559,1148.3741666666665
473,1276.1786980935606,1124.7783333333327
474,1278.585672584594,1152.8449999999998
475,1280.9916364371838,1144.078333333333
476,1283.3965902877176,1185.3116666666665
477,1285.8005347720432,1180.6991666666663
478,1288.202670248408,1200.7574999999993
479,1290.603798299963,1218.8866666666663
480,1293.0031199541122,1230.4366666666665
481,1295.4014361203854,1264.7449999999994
482,1297.7979484942825,1254.4158333333335
483,1300.1950545164614,1215.6783333333333
484,1302.588761473702,1298.6533333333327
485,1304.9822647374833,1299.8824999999993
486,1307.3739687356235,1303.8574999999996
487,1309.764672363619,1331.7741666666661
488,1312.154376248969,1357.974166666666
489,1314.5422844190539,1397.5449999999996
490,1316.929194765707,1327.9783333333335
491,1319.3143119799881,1374.2283333333335
492,1321.6984332856466,1423.940833333333
493,1324.0807640363764,1453.5074999999993
494,1326.4628957270668,1464.8658333333333
495,1328.843238771792,1477.978333333333
496,1331.2217947867287,1495.0616666666665
497,1333.6001532744083,1541.3325
498,1335.9767266354406,1516.578333333333
499,1338.3515164816333,1539.9824999999996
500,1340.7253173751865,1607.265833333333
501,1343.0989225559927,1619.0783333333325
502,1345.4691624819095,1656.515833333333
503,1347.8392085880812,1765.790833333333
504,1350.2082688677153,1839.1241666666665
505,1352.5763439357713,1981.6949999999993
506,1354.9418524556834,2152.2949999999996
507,1357.3063783070354,2383.003333333333
508,1359.6715027392402,2759.4158333333335
509,1362.0332744428533,3188.9075
510,1364.3940659691382,3500.9949999999994
511,1366.7546672631227,3586.9658333333327
512,1369.1127109294603,3479.5491666666658
513,1371.4697769016548,3177.3741666666665
514,1373.8266541411804,2887.5825
515,1376.1809781948443,2560.640833333333
516,1378.5343270297335,2382.2908333333335
517,1380.887488625941,2271.9158333333335
518,1383.2381014659552,2178.0074999999993
519,1385.5877415547866,2107.27
520,1387.9356230988735,2101.1783333333333
521,1390.2841058932147,2063.7158333333327
522,1392.629259854741,2086.845
523,1394.9742301983156,2096.645
524,1397.3174463552004,2047.5949999999998
525,1399.660479446045,2096.328333333333
526,1402.0009757495511,2111.9075
527,1404.3397219337714,2095.190833333333
528,1406.679070974446,2067.640833333333
529,1409.015887612105,2067.4324999999994
530,1411.351740694853,2074.0074999999993
531,1413.6866308185267,2062.4491666666663
532,1416.0197760677709,2070.9199999999996
533,1418.35196019289,1996.253333333333
534,1420.6824019212766,2039.4283333333333
535,1423.0126659008947,2094.3408333333327
536,1425.3411893131893,2081.128333333333
537,1427.667973714704,2125.72
538,1429.9945818209708,2117.5533333333333
539,1432.318672480819,2146.095
540,1434.6425880252157,2133.4449999999993
541,1436.9639892259745,2172.274166666666
542,1439.2859957862674,2166.6158333333333
543,1441.6047114814605,2119.1866666666665
544,1443.9232544115312,2083.2616666666663
545,1446.240845864226,2048.8533333333335
546,1448.5567084051524,1963.4908333333333
547,1450.8708435764338,1954.878333333333
548,1453.184807683062,1848.190833333333
549,1455.497046224754,1828.6491666666661
550,1457.8083374850673,1776.2408333333333
551,1460.1179056185897,1705.4699999999998
552,1462.4265282700144,1663.5449999999996
553,1464.734206019806,1613.8866666666663
554,1467.0401639733043,1612.3574999999996
555,1469.3436285036719,1569.3241666666663
556,1471.648476294783,1549.5908333333327
557,1473.9508324525793,1505.140833333333
558,1476.2514736616265,1513.2949999999996
559,1478.55194923011,1478.8866666666663
560,1480.8507116342894,1463.690833333333
561,1483.1477623969392,1437.578333333333
562,1485.4438759834406,1425.895
563,1487.7390529672195,1396.0908333333327
564,1490.032521606992,1397.3991666666661
565,1492.3258274185912,1380.1866666666665
566,1494.617426659945,1365.6074999999996
567,1496.9073208457532,1355.0908333333327
568,1499.1955114887794,1153.1324999999993
569,1501.4827708427101,1343.411666666666
570,1503.7698699051386,1340.1574999999998
571,1506.0552680723179,1318.8199999999993
572,1508.3389668519696,1335.6574999999998
573,1510.6225067292403,1315.2491666666665
574,1512.903579801272,1320.4908333333328
575,1515.1837262380227,1273.5491666666658
576,1517.4629466040146,1287.0741666666663
577,1519.7412414633127,1283.7741666666661
578,1522.0178434510929,1244.6241666666665
579,1524.2927540651958,1274.4866666666658
580,1526.5682767186565,1243.2991666666658
581,1528.8405751333053,1236.9241666666658
582,1531.1119527198114,1236.0616666666665
583,1533.3831764109293,1209.6699999999996
584,1535.653479771775,1200.895
585,1537.9213318569384,1189.6199999999994
586,1540.1882659700668,1210.4824999999996
587,1542.454282668405,1169.2949999999996
588,1544.7186176854627,1188.3033333333333
589,1546.9820370194939,1159.1199999999994
590,1549.2445412258314,1197.3325
591,1551.5053669631798,1192.0574999999994
592,1553.7652792994438,1175.353333333333
593,1556.0235155087598,1131.2491666666665
594,1558.2816030108968,1202.440833333333
595,1560.5380161075582,1181.953333333333
596,1562.7927562740572,1206.0241666666661
597,1565.0473490800296,1256.5699999999993
598,1567.299508931409,1224.911666666666
599,1569.550761088168,1238.078333333333
600,1571.8018672259618,1256.4783333333335
601,1574.050544511929,1306.6491666666661
602,1576.2975558465782,1375.1199999999994
603,1578.5444231111983,1549.3616666666658
604,1580.7903860315885,1604.2366666666658
605,1583.0346855571577,1625.8408333333327
606,1585.2773231497633,1549.4158333333335
607,1587.5198182413344,1425.02
608,1589.760653098501,1269.3325
609,1591.9998291792917,1126.9449999999993
610,1594.2381060115424,1075.4283333333333
611,1596.4762419040592,1036.474166666666
612,1598.7112066332265,1009.5074999999997
613,1600.9467892716768,982.8158333333331
614,1603.1799611141394,983.0033333333331
615,1605.4122376255682,956.9616666666661
616,1607.6436193442958,967.103333333333
617,1609.873350862231,944.4033333333332
618,1612.1029449116838,930.978333333333
619,1614.3301350994652,938.4658333333332
620,1616.5564338529678,943.9616666666661
621,1618.7825964435165,939.6574999999998
622,1621.0063591970566,912.1783333333333
623,1623.2292327238813,941.5241666666661
624,1625.4512175572513,916.2949999999996
625,1627.6730677599032,905.536666666666
626,1629.8917700456498,910.224166666666
627,1632.1095864386525,921.0241666666661
628,1634.3272700970203,902.4574999999995
629,1636.543315995183,900.2949999999996
630,1638.757725563858,918.9283333333333
631,1640.9712519592479,929.8158333333331
632,1643.1846471370643,910.5783333333329
633,1645.3949062147228,904.1283333333331
634,1647.6050357286647,877.1324999999993
635,1649.8150353075596,903.2324999999996
636,1652.0226538884017,904.6908333333331
637,1654.2293936536882,923.6574999999998
638,1656.433755860365,912.0324999999998
639,1658.6387401646318,927.5033333333331
640,1660.8420981880593,963.7699999999995
641,1663.043831347487,1028.8741666666665
642,1665.245437942886,1038.9366666666665
643,1667.444673168544,1155.1324999999993
644,1669.6430350248065,1205.4491666666663
645,1671.839776480645,1203.815833333333
646,1674.0371407093237,1195.7741666666661
647,1676.231391660734,1180.378333333333
648,1678.4247725059502,1148.728333333333
649,1680.618776494006,1149.1991666666663
650,1682.8104180871246,1170.4074999999998
651,1685.000445351215,1094.0491666666658
652,1687.1896051676117,1058.890833333333
653,1689.3778980515885,1033.0533333333333
654,1691.5645796292015,980.2533333333331
655,1693.7503958933055,957.7449999999994
656,1695.9353473574374,942.6783333333333
657,1698.1186905294871,922.8408333333332
658,1700.3011705157312,932.4658333333323
659,1702.482044410687,878.8199999999993
660,1704.662799854055,865.853333333333
661,1706.8412079854625,859.5574999999994
662,1709.0187561488963,871.5324999999998
663,1711.196187097351,862.1199999999994
664,1713.3712746079727,854.0783333333329
665,1715.5455042622843,830.5491666666658
666,1717.7188765676908,817.478333333333
667,1719.8913920312016,804.2324999999996
668,1722.0623103776884,816.6533333333332
669,1724.2316329887778,812.4908333333333
670,1726.400101442966,819.8324999999995
671,1728.5677162446298,789.2949999999996
672,1730.7337382817082,813.290833333333
673,1732.8996475808926,773.9408333333331
674,1735.0632266694843,767.5116666666663
675,1737.2266940251332,764.9908333333333
676,1739.388572371105,762.8991666666661
677,1741.5496012427536,769.2658333333329
678,1743.7090432671623,765.4033333333332
679,1745.8668998136025,767.6741666666662
680,1748.0239095442068,766.7491666666665
681,1750.1800729573572,758.1949999999997
682,1752.33612726718,764.5491666666662
683,1754.4898628228623,720.4616666666661
684,1756.642017992768,779.9574999999995
685,1758.79406583904,774.6783333333333
686,1760.944534868283,741.7324999999996
687,1763.09342644014,744.186666666666
688,1765.2422118852319,730.2783333333323
689,1767.3894214371273,742.8741666666674
690,1769.5365252743886,718.5074999999997
691,1771.680586532549,706.9241666666662
692,1773.8238097986377,721.978333333333
693,1775.9669291142022,739.4616666666661
694,1778.1077443189777,716.7533333333331
695,1780.249189531852,745.1533333333332
696,1782.3876000690555,726.3283333333329
697,1784.5266410210204,716.4866666666662
698,1786.663382683214,713.0783333333329
699,1788.799290925959,735.474166666666
700,1790.934366236762,737.5574999999994
701,1793.068609102751,703.3033333333333
702,1795.2005580535997,708.2199999999998
703,1797.3316766718099,685.3449999999998
704,1799.4634262611178,726.4616666666661
705,1801.5921549749944,704.1074999999996
706,1803.7200553786513,706.6324999999997
707,1805.847127955445,690.7574999999997
708,1807.9733731883662,697.0658333333331
709,1810.0973335803424,693.0324999999998
710,1812.2211974332115,733.7783333333327
711,1814.3449643784033,689.811666666666
712,1816.4664496266178,699.124166666666
713,1818.5856553552858,701.2574999999993
714,1820.7047664653007,716.9074999999998
715,1822.8237825881681,699.665833333333
716,1824.940522322895,700.0574999999994
717,1827.0564412979597,691.6366666666663
718,1829.1722664381039,705.2199999999998
719,1831.2858188778434,698.7199999999998
720,1833.3978266667261,643.0699999999997
721,1835.5090167273127,655.7658333333329
722,1837.6208401800466,690.3324999999995
723,1839.7296706046743,640.9949999999994
724,1841.8376852856595,657.2824999999998
725,1843.9456091775912,657.6158333333333
726,1846.0512693092542,654.3783333333331
727,1848.1561156758332,650.099166666666
728,1850.2594251071673,645.874166666666
729,1852.3633689999517,647.9241666666662
730,1854.4643307337765,647.7199999999998
731,1856.5652045073457,643.478333333333
732,1858.665267428087,629.0824999999995
733,1860.7630754727245,629.2075
734,1862.8607966849004,622.9449999999993
735,1864.9562656284854,627.8574999999996
736,1867.0516486745573,648.9991666666665
737,1869.1455031884284,626.1783333333333
738,1871.238551325845,613.3366666666666
739,1873.3315141310106,627.1158333333328
740,1875.4222303338945,635.2324999999996
741,1877.5107020627015,611.8158333333331
742,1879.5990906846928,623.9449999999993
743,1881.6873958326275,615.1408333333329
744,1883.7741787517411,608.0658333333331
745,1885.8587218165178,598.7199999999998
746,1887.943901712581,604.2199999999998
747,1890.0268437823806,609.0866666666661
748,1892.1089863219772,601.5949999999998
749,1894.1896119771302,573.4199999999996
750,1896.2701571121374,585.0699999999997
751,1898.349186832543,584.6158333333333
752,1900.4274194115637,597.4241666666658
753,1902.5041385933448,606.5324999999998
754,1904.5793456596302,589.1866666666665
755,1906.6537580561126,587.624166666666
756,1908.7266603478063,586.936666666666
757,1910.799485047457,565.6449999999995
758,1912.8715164452187,566.9866666666658
759,1914.9413248565304,576.936666666666
760,1917.0110567666713,581.5741666666663
761,1919.078568239402,571.9699999999998
762,1921.14600411799,564.7408333333333
763,1923.2112221034392,553.415833333333
764,1925.277079104547,590.724166666666
765,1927.3407202073547,544.286666666666
766,1929.4035738182395,570.4866666666662
767,1931.4649274994495,533.411666666666
768,1933.5254951334773,534.7158333333332
769,1935.585277169844,532.7991666666658
770,1937.643561984194,528.436666666666
771,1939.7010626415147,546.5783333333329
772,1941.757779589837,539.4866666666662
773,1943.8137132768495,570.874166666666
774,1945.8674421707453,540.2991666666662
775,1947.920389779869,545.9074999999998
776,1949.9725565499666,516.8658333333333
777,1952.0239429264368,532.5283333333332
778,1954.0738394455072,504.4908333333333
779,1956.122957000317,528.9866666666662
780,1958.171296034799,520.474166666666
781,1960.218147892365,518.8866666666663
782,1962.2635138238334,508.09083333333274
783,1964.3081036407102,512.9283333333333
784,1966.351209491215,527.1741666666662
785,1968.3949566970111,529.0033333333326
786,1970.4358053059998,501.4491666666663
787,1972.4772956144468,516.3991666666661
788,1974.5158903526562,488.2658333333329
789,1976.5551271330337,486.7658333333329
790,1978.5921780490723,520.4908333333333
791,1980.6284579790236,494.4658333333332
792,1982.6639673605102,506.2033333333329
793,1984.6980007479283,482.5491666666662
794,1986.7312649950175,478.8574999999996
795,1988.7637605379505,486.540833333333
796,1990.7940776469723,506.1741666666662
797,1992.8236279885937,476.55749999999944
798,1994.8538210979857,490.1366666666663
799,1996.8811343909813,484.7824999999998
800,1998.9083867689908,473.5449999999996
801,2000.9341703618416,487.2074999999995
802,2002.9584863987373,456.9575
803,2004.9820393300624,473.3574999999996
804,2007.005532544807,475.915833333333
805,2009.027560294055,473.1991666666663
806,2011.048123803183,462.61583333333283
807,2013.0665221323811,465.7075
808,2015.085564894552,459.27416666666613
809,2017.1031460275283,464.11999999999944
810,2019.1199681235807,483.3824999999997
811,2021.1346293956003,497.728333333333
812,2023.1499352295325,434.2783333333323
813,2025.1630821485796,470.41166666666595
814,2027.1747724768,474.4991666666665
815,2029.1871075934034,458.4283333333333
816,2031.1972871791857,430.18666666666604
817,2033.2060127651696,460.4741666666664
818,2035.2139848301993,437.46166666666613
819,2037.221902802867,429.0949999999998
820,2039.226971350058,473.7824999999998
821,2041.2319871755637,427.92833333333283
822,2043.236949916345,437.77416666666613
823,2045.239765337244,435.3908333333329
824,2047.2418308212702,443.978333333333
825,2049.2424493543913,459.2158333333332
826,2051.2430164887787,417.58666666666613
827,2053.241441121812,438.18666666666604
828,2055.2391185430342,427.0116666666663
829,2057.236745563922,447.478333333333
830,2059.2322334257187,445.28666666666595
831,2061.2269758520356,440.93249999999944
832,2063.2209732604924,455.28666666666595
833,2065.214226068398,409.71583333333274
834,2067.2060395996587,427.94499999999925
835,2069.1957202150857,432.2074999999995
836,2071.186742759255,422.39916666666613
837,2073.174939421446,421.7366666666662
838,2075.1617010605014,441.31166666666604
839,2077.1491102618625,410.56166666666604
840,2079.1350852680584,399.103333333333
841,2081.1196272679517,425.8283333333329
842,2083.103430472746,428.1533333333332
843,2085.0858025290545,445.85333333333347
844,2087.0674371303767,430.7324999999996
845,2089.047642437425,396.02
846,2091.0264196332587,413.353333333333
847,2093.005845108754,442.99499999999944
848,2094.983151814207,398.8158333333331
849,2096.9604153683745,411.5949999999998
850,2098.935562512775,413.9824999999996
851,2100.9099766142353,400.7199999999998
852,2102.883658080762,420.2699999999995
853,2104.8559171229335,387.1408333333329
854,2106.8274448571747,424.7199999999998
855,2108.7975520045943,428.64916666666613
856,2110.7676185983037,412.39916666666613
857,2112.735576753847,441.0825
858,2114.702806247171,411.5449999999996
859,2116.6693074828977,414.603333333333
860,2118.6343924556404,409.8158333333331
861,2120.5994386435636,399.99916666666604
862,2122.5630698853274,420.71166666666613
863,2124.5252873474274,414.74499999999944
864,2126.4867795871214,420.7616666666663
865,2128.447547006388,435.5116666666663
866,2130.4069031225663,422.3324999999995
867,2132.364162466974,433.4699999999998
868,2134.3220724707035,395.5533333333333
869,2136.2785736409714,400.4241666666662
870,2138.2350388794366,376.7074999999995
871,2140.188725353984,412.4033333333332
872,2142.1423772007224,412.5908333333332
873,2144.0939387208973,410.30749999999944
874,2146.045466408842,395.603333333333
875,2147.996275296343,410.81166666666604
876,2149.9456814240034,404.2533333333331
877,2151.8943700488558,414.0741666666663
878,2153.8416577139974,396.1949999999997
879,2155.7882291712344,415.22416666666595
880,2157.7334014654293,417.4408333333331
881,2159.677858843891,414.4491666666663
882,2161.6216017006795,425.53666666666595
883,2163.563265234873,408.3824999999997
884,2165.5055807307713,388.5199999999995
885,2167.4458186927113,412.30749999999944
886,2169.384662861363,389.97416666666595
887,2171.324159166805,412.91166666666595
888,2173.261581116272,416.37416666666604
889,2175.1982927926656,430.41166666666595
890,2177.133613739824,467.24499999999944
891,2179.068225693548,430.2366666666662
892,2181.001448695267,429.5491666666662
893,2182.934644079557,459.8033333333333
894,2184.865092087539,440.4533333333329
895,2186.796872955402,437.31999999999925
896,2188.7259087155453,439.5533333333333
897,2190.65491840994,449.2324999999996
898,2192.5832228241165,490.9491666666663
899,2194.509465128281,501.540833333333
900,2196.4350039170317,485.3949999999995
901,2198.359839575715,509.8824999999997
902,2200.283972489392,491.12833333333265
903,2202.206725424934,433.1074999999996
904,2204.128099508426,464.7074999999995
905,2206.0494501123408,437.7949999999996
906,2207.9687462483184,462.76583333333247
907,2209.8880196706987,448.0741666666663
908,2211.8052408705116,474.33666666666613
909,2213.7224401207795,469.16166666666595
910,2215.6382652813036,518.4283333333333
911,2217.554068762353,542.0574999999994
912,2219.4684994078398,524.3199999999993
913,2221.380883181757,574.6408333333329
914,2223.2925717540124,578.474166666666
915,2225.2035655036293,666.8783333333331
916,2227.113864809343,788.02
917,2229.023470049626,911.8074999999994
918,2230.93103374597,1105.3116666666665
919,2232.8392524791766,1449.224166666666
920,2234.7454314021097,2032.5574999999994
921,2236.6502455530513,2859.4575
922,2238.5543689915426,3917.3075000000003
923,2240.4584748001516,5373.886666666666
924,2242.3605452334054,6531.815833333333
925,2244.2625987872075,6579.307499999999
926,2246.163291153471,6219.611666666666
927,2248.061951703958,5077.028333333333
928,2249.960596740273,3563.5699999999993
929,2251.8578834128084,2219.6366666666668
930,2253.7544838268936,1452.8699999999994
931,2255.6503983547937,1095.6241666666665
932,2257.545627368507,891.8824999999997
933,2259.43950096321,819.6408333333329
934,2261.3320202368413,741.8866666666663
935,2263.22385607865,671.5658333333331
936,2265.1136697570655,668.6116666666658
937,2267.00414032874,642.8699999999994
938,2268.893259510191,637.099166666666
939,2270.7816972212604,643.5033333333331
940,2272.6687852453247,645.911666666666
941,2274.5545246737615,644.8158333333331
942,2276.4395847003534,766.0283333333327
943,2278.3232978291308,804.0908333333332
944,2280.207000393581,839.7116666666661
945,2282.0893572743034,959.874166666666
946,2283.971036700287,997.1616666666664
947,2285.8513721350478,971.6449999999995
948,2287.7303646634455,894.728333333333
949,2289.6086817919245,799.0324999999998
950,2291.48632388458,705.0824999999995
951,2293.3632913052375,614.436666666666
952,2295.2382530077316,551.9283333333333
953,2297.1138726530257,520.7075
954,2298.986823034918,459.8908333333329
955,2300.8597666180385,422.9908333333333
956,2302.7313735482526,439.21583333333274
957,2304.6029739254423,413.56166666666604
958,2306.472574575462,408.7074999999995
959,2308.342169393899,420.5033333333331
960,2310.2097666342524,382.1949999999997
961,2312.0766952026797,380.1783333333333
962,2313.942955458233,400.7366666666662
963,2315.8078846745443,362.0033333333331
964,2317.672809617737,382.3449999999998
965,2319.535742101755,371.74916666666604
966,2321.398008654099,380.3324999999995
967,2323.2602717691625,358.7074999999995
968,2325.120545391538,399.6574999999998
969,2326.9801546254544,346.38666666666677
970,2328.8384383985076,358.7408333333333
971,2330.6967201589523,360.8324999999995
972,2332.5530166850845,354.5158333333329
973,2334.4086511876862,335.1116666666662
974,2336.2642845058926,337.2574999999997
975,2338.1185957880093,329.40333333333274
976,2339.970926079607,336.5658333333331
977,2341.822596703099,334.8408333333332
978,2343.674267555236,334.4199999999996
979,2345.5246196644694,325.77416666666613
980,2347.3743131619526,369.6533333333332
981,2349.2226895587974,328.8158333333331
982,2351.0704085155153,316.16166666666595
983,2352.91615363865,308.3241666666663
984,2354.7612429587534,304.6116666666662
985,2356.606334729711,330.7949999999996
986,2358.4501132582022,317.4449999999997
987,2360.292579594143,319.4574999999995
988,2362.1350491941603,293.7824999999998
989,2363.9762077652736,288.2991666666662
990,2365.815399617171,316.9866666666662
991,2367.6545960092863,308.2158333333332
992,2369.493140317858,311.81166666666604
993,2371.3310328896205,305.4699999999998
994,2373.1669624567503,292.84916666666595
995,2375.0022419089487,308.18249999999944
996,2376.8368715914644,297.86999999999944
997,2378.67019673828,318.3324999999995
998,2380.5028732687783,285.9658333333332
999,2382.334901527114,303.68666666666604
1000,2384.164973024659,299.1366666666663
1001,2385.995052047911,291.3283333333329
1002,2387.82448429219,296.27416666666613
1003,2389.652616377456,332.05749999999944
1004,2391.4794493388317,299.3824999999997
1005,2393.305637471742,324.9658333333332
1006,2395.1311811175387,320.18249999999944
1007,2396.9554278167425,291.68666666666604
1008,2398.779031171294,298.0824999999995
1009,2400.601991521462,310.90749999999935
1010,2402.423657096829,304.5491666666662
1011,2404.243377045574,311.7824999999998
1012,2406.063759689406,286.8574999999996
1013,2407.882849724335,304.4033333333332
1014,2409.6999969843205,307.6408333333329
1015,2411.517807036311,302.96166666666613
1016,2413.333675905249,288.8033333333333
1017,2415.14890631328,275.6741666666662
1018,2416.962848319844,286.58666666666613
1019,2418.7761529955883,285.8616666666662
1020,2420.5894704967745,293.31999999999925
1021,2422.4008516977046,299.4533333333329
1022,2424.2122463950323,282.5074999999997
1023,2426.0217068309134,273.9074999999998
1024,2427.8298836151653,258.8574999999996
1025,2429.637426445486,286.05749999999944
1026,2431.4449841090545,244.49083333333328
1027,2433.2519080305606,268.6283333333331
1028,2435.0562545451044,278.1949999999997
1029,2436.861264890778,289.02416666666613
1030,2438.664995401262,294.1116666666662
1031,2440.4667997697006,286.8616666666662
1032,2442.268620964471,260.14916666666613
1033,2444.069164904534,294.10333333333347
1034,2445.8690792394023,244.21166666666613
1035,2447.6677178850787,276.1324999999997
1036,2449.4670204140334,279.11999999999944
1037,2451.263110025961,254.04916666666622
1038,2453.0592184426123,290.5033333333331
1039,2454.8546998042993,255.853333333333
1040,2456.6495544393406,281.43666666666604
1041,2458.4431376146,246.36166666666622
1042,2460.2360951692103,244.1824999999999
1043,2462.027782818997,287.3199999999997
1044,2463.8182015650145,274.8824999999997
1045,2465.607996569618,288.68249999999944
1046,2467.3971681586963,271.165833333333
1047,2469.1857166579093,277.4449999999997
1048,2470.972998902931,242.5866666666666
1049,2472.7590158907287,253.01583333333292
1050,2474.5450547015926,258.09916666666595
1051,2476.329829351567,273.2533333333331
1052,2478.112698240118,283.0199999999995
1053,2479.8955901462873,233.11999999999944
1054,2481.6785047232265,260.353333333333
1055,2483.4588739218607,255.6283333333331
1056,2485.239266882462,234.01999999999953
1057,2487.019041778327,246.49499999999944
1058,2488.796275158288,223.11166666666622
1059,2490.5741745220694,269.63249999999925
1060,2492.3508164171226,268.56583333333265
1061,2494.126842421604,255.38666666666631
1062,2495.900972117632,272.1324999999997
1063,2497.6751275978722,266.7949999999996
1064,2499.4486685907236,263.2158333333332
1065,2501.220955711315,237.70333333333292
1066,2502.9919899427855,243.34916666666595
1067,2504.762411528758,222.57833333333247
1068,2506.531581746511,250.290833333333
1069,2508.300140396079,221.67416666666622
1070,2510.067449195527,241.2158333333332
1071,2511.8354242586497,262.55333333333283
1072,2513.600873789458,254.57416666666631
1073,2515.3657139003803,249.228333333333
1074,2517.1299449069124,242.42416666666622
1075,2518.893567124336,239.26583333333292
1076,2520.65594359015,244.14499999999953
1077,2522.417712336304,225.93666666666695
1078,2524.178873677084,221.16999999999962
1079,2525.9381546889244,247.24499999999944
1080,2527.6974662001853,257.5449999999996
1081,2529.454899324957,236.8158333333331
1082,2531.2129995363402,243.67416666666622
1083,2532.9685871200804,235.00333333333265
1084,2534.7242064531288,220.68666666666604
1085,2536.4792218857515,246.9074999999998
1086,2538.232998642498,235.47416666666595
1087,2539.985537689555,248.290833333333
1088,2541.7368399919787,216.12416666666604
1089,2543.4888098122974,224.93249999999944
1090,2545.238909293303,219.415833333333
1091,2546.987774048599,208.0949999999998
1092,2548.737306379387,216.02416666666613
1093,2550.4849710404533,226.51583333333247
1094,2552.2314029897334,197.01999999999953
1095,2553.9766031867266,224.22416666666595
1096,2555.7224713235205,219.67416666666622
1097,2557.4664756289726,199.14499999999953
1098,2559.2098826662195,214.56166666666604
1099,2560.952692742028,217.2158333333332
1100,2562.6936420733937,199.45749999999953
1101,2564.4339959212184,229.24499999999944
1102,2566.1737545909696,215.13666666666631
1103,2567.912918387909,214.040833333333
1104,2569.6508564362093,220.4074999999998
1105,2571.388831618211,213.6949999999997
1106,2573.1249513425064,212.55749999999944
1107,2574.8604782745547,218.42833333333328
1108,2576.5947823987253,254.12416666666604
1109,2578.328494767738,223.3158333333331
1110,2580.0616156844035,219.7533333333331
1111,2581.793515776887,207.91166666666595
1112,2583.525454911203,194.0949999999998
1113,2585.255545009802,180.99083333333328
1114,2586.9850457228317,218.66999999999962
1115,2588.712699717805,196.41999999999962
1116,2590.4410229911205,218.71166666666613
1117,2592.168129392628,220.87833333333265
1118,2593.893391689224,190.20333333333292
1119,2595.619951269979,186.96166666666613
1120,2597.3440400248724,197.35749999999962
1121,2599.0669152433225,202.8199999999997
1122,2600.789832506445,188.74916666666604
1123,2602.5109101481653,200.80333333333328
1124,2604.232657326148,196.82416666666631
1125,2605.9525663304853,199.78666666666595
1126,2607.671891675088,172.3824999999997
1127,2609.390007399532,195.96166666666613
1128,2611.1075404829317,198.48666666666622
1129,2612.8244912216096,199.34916666666595
1130,2614.540234290887,203.04916666666622
1131,2616.2553960314767,211.74499999999944
1132,2617.96872634454,203.46166666666613
1133,2619.68272673723,188.3824999999997
1134,2621.3955219127556,179.09916666666595
1135,2623.1064882376836,178.9074999999998
1136,2624.816875976411,210.56166666666604
1137,2626.5266854223714,186.17833333333328
1138,2628.2365407981324,204.95749999999953
1139,2629.944570608741,222.89499999999998
1140,2631.651399919385,207.45333333333292
1141,2633.3582762486835,172.49499999999944
1142,2635.0639530833223,192.8158333333331
1143,2636.7678084693225,218.728333333333
1144,2638.472957291942,192.11583333333328
1145,2640.1756632120205,175.73249999999962
1146,2641.877172903152,206.43249999999944
1147,2643.5793533960828,207.27416666666613
1148,2645.2797164126905,197.97416666666595
1149,2646.9795067360856,175.4074999999998
1150,2648.6781032466547,197.13666666666631
1151,2650.3767492604807,201.08666666666613
1152,2652.0735814668433,189.29916666666622
1153,2653.769842971519,175.5033333333331
1154,2655.4661546355424,169.5241666666666
1155,2657.160655027105,185.05333333333328
1156,2658.8539658409413,157.12416666666604
1157,2660.547327884683,182.32416666666631
1158,2662.2401210805047,162.7158333333332
1159,2663.93048712024,191.0324999999998
1160,2665.6215247801883,191.99499999999944
1161,2667.3113757509354,191.05333333333328
1162,2669.000040941194,180.86166666666622
1163,2670.6881399595472,206.35749999999962
1164,2672.3750545971448,208.14083333333292
1165,2674.06140404651,154.67833333333328
1166,2675.747188591643,155.7741666666666
1167,2677.431790644026,196.20333333333292
1168,2679.115828773304,172.0324999999998
1169,2680.798685803726,198.103333333333
1170,2682.480979890223,175.83666666666613
1171,2684.1620942692375,188.64499999999953
1172,2685.842646681564,167.5074999999997
1173,2687.522020775278,191.5658333333331
1174,2689.2008338776,179.3449999999998
1175,2690.8797024914,170.96166666666613
1176,2692.55677823207,192.08249999999998
1177,2694.2332942352773,180.39083333333292
1178,2695.9086351761257,201.57416666666631
1179,2697.5834173503627,166.3199999999997
1180,2699.2576410374822,171.3824999999997
1181,2700.9306915272446,177.54499999999962
1182,2702.6031844982363,186.10749999999962
1183,2704.2745056491995,182.86583333333328
1184,2705.944655872494,187.45749999999998
1185,2707.614250230398,185.58249999999953
1186,2709.2839029668835,216.59916666666686
1187,2710.951158697379,185.4449999999997
1188,2712.619700885471,204.228333333333
1189,2714.285847846285,218.85749999999962
1190,2715.9514411426794,226.92416666666622
1191,2717.6158681038232,254.22416666666595
1192,2719.279742359351,257.1283333333331
1193,2720.9436767243337,262.5074999999997
1194,2722.6052215178347,303.6408333333329
1195,2724.2680516439013,270.1408333333329
1196,2725.927882036808,258.21166666666613
1197,2727.5883857711,311.68249999999944
1198,2729.2471158046374,291.978333333333
1199,2730.9052962713613,237.69916666666631
1200,2732.563538564007,244.0074999999997
1201,2734.2200095964963,259.26583333333247
1202,2735.875932285464,221.01166666666631
1203,2737.530696390138,208.20749999999953
1204,2739.184913099534,225.27416666666613
1205,2740.838582685225,193.89499999999998
1206,2742.4904856034027,175.61583333333328
1207,2744.1430621589634,150.978333333333
1208,2745.793873395123,193.96166666666613
1209,2747.4447487006532,185.11583333333328
1210,2749.093860435687,204.74916666666604
1211,2750.741818977787,193.26999999999953
1212,2752.3898425996467,164.92416666666622
1213,2754.036713968802,160.60749999999962
1214,2755.6824339562604,166.97416666666595
1215,2757.328219629039,170.26999999999953
1216,2758.973462755965,164.32833333333292
1217,2760.6169482098608,192.44916666666677
1218,2762.2592849571884,165.74083333333328
1219,2763.9010811628855,155.78666666666595
1220,2765.5429441917354,161.2574999999997
1221,2767.1830530164984,165.43249999999944
1222,2768.8226224988543,148.38666666666631
1223,2770.4616529047985,162.0074999999997
1224,2772.1001445001534,173.57416666666631
1225,2773.7368853491857,170.23666666666622
1226,2775.3730887151173,154.9699999999998
1227,2777.0093605654465,143.6283333333331
1228,2778.6444895603086,170.7533333333331
1229,2780.2778712552245,181.05749999999944
1230,2781.9113224259804,164.89499999999953
1231,2783.5442378323373,162.2533333333331
1232,2785.1754083177284,151.39916666666613
1233,2786.806044358394,158.08666666666613
1234,2788.4367505309133,186.56166666666604
1235,2790.0657141558504,159.16999999999962
1236,2791.6941445190696,159.4658333333332
1237,2793.3214381616685,187.47416666666595
1238,2794.9488029842737,169.44916666666631
1239,2796.574428678364,173.94499999999925
1240,2798.19952294601,151.2824999999998
1241,2799.824688979279,170.91999999999962
1242,2801.4481182439936,165.41166666666595
1243,2803.0710172572703,165.3116666666674
1244,2804.6927839378955,152.5949999999998
1245,2806.3146234240257,160.91166666666595
1246,2807.934127593693,163.63666666666631
1247,2809.553705479652,157.0949999999998
1248,2811.172755196017,156.915833333333
1249,2812.7906756417533,167.6908333333331
1250,2814.4086699897716,172.2199999999998
1251,2816.0249350075715,167.64916666666613
1252,2817.640673671042,156.26999999999953
1253,2819.255285660953,196.48666666666622
1254,2820.869972582341,174.45333333333292
1255,2822.4829335490213,180.79499999999962
1256,2824.0959699599275,179.81166666666604
1257,2825.7078818950713,190.49083333333283
1258,2827.3186701953455,185.22416666666595
1259,2828.928935106271,215.94083333333265
1260,2830.538077672035,226.74916666666604
1261,2832.14669774756,187.5908333333332
1262,2833.7535979433405,235.54499999999962
1263,2835.3611741902614,225.10749999999962
1264,2836.9682287095775,228.5033333333331
1265,2838.5735652765807,220.18249999999944
1266,2840.1783813997117,185.5949999999998
1267,2841.782079480357,234.42833333333328
1268,2843.3846603524084,244.63666666666677
1269,2844.987319778013,234.76166666666631
1270,2846.5894601577106,231.47416666666595
1271,2848.189887588155,198.8158333333331
1272,2849.790394134253,217.08666666666613
1273,2851.3891893933837,251.57833333333292
1274,2852.987467771783,219.69916666666631
1275,2854.5846332141286,247.0283333333332
1276,2856.1812826621476,219.26583333333292
1277,2857.778012286623,241.33666666666613
1278,2859.373630303421,254.7783333333332
1279,2860.9675420035255,247.01583333333292
1280,2862.5615348211563,230.540833333333
1281,2864.1538229733414,263.5074999999997
1282,2865.7461927405084,279.5949999999998
1283,2867.337454259011,264.7949999999996
1284,2868.929392081802,262.1158333333333
1285,2870.5184389977708,267.7033333333329
1286,2872.107568520107,281.0741666666663
1287,2873.69618631964,276.6908333333331
1288,2875.2831050213204,264.02416666666613
1289,2876.8695132585763,292.6533333333332
1290,2878.4554112776664,264.34916666666595
1291,2880.0413925631124,265.21166666666613
1292,2881.625677645613,276.8324999999995
1293,2883.209453629061,261.915833333333
1294,2884.7921280920677,284.81166666666604
1295,2886.3737018507313,249.4408333333331
1296,2887.955360293059,241.08666666666613
1297,2889.536510996837,257.7616666666663
1298,2891.1165623002853,241.84916666666595
1299,2892.6955150172903,239.12416666666604
1300,2894.2733699608175,260.8949999999995
1301,2895.850719280258,273.5033333333331
1302,2897.426972070722,275.5908333333332
1303,2899.0027201015923,253.87416666666604
1304,2900.5779636152884,279.4408333333331
1305,2902.1532934343722,306.2658333333329
1306,2903.726938060045,282.6949999999997
1307,2905.299489070225,297.9199999999996
1308,2906.8715372864003,272.6574999999998
1309,2908.4424931243807,306.81999999999925
1310,2910.0129470273523,307.7324999999996
1311,2911.5834886843318,314.13249999999925
1312,2913.1529392504303,352.28666666666595
1313,2914.720710458505,355.6741666666662
1314,2916.2879814448534,403.9824999999996
1315,2917.8547524488417,436.3866666666663
1316,2919.4204352010215,465.4866666666662
1317,2920.9856188243834,532.5449999999996
1318,2922.5497154239365,630.7158333333332
1319,2924.1144896390665,788.7533333333331
1320,2925.6770017893728,1001.2449999999994
1321,2927.239016513184,1308.7324999999996
1322,2928.800534047998,1744.2283333333335
1323,2930.3609674331647,2250.790833333333
1324,2931.9209044774634,2862.27
1325,2933.4809322422384,3324.724166666666
1326,2935.0392904904134,3398.8241666666663
1327,2936.5965670289706,3223.2949999999996
1328,2938.153348918198,2756.5408333333335
1329,2939.7090503144773,2153.3408333333327
1330,2941.2642579046606,1576.4449999999993
1331,2942.8189719238285,1117.5199999999995
1332,2944.3726070853595,862.1491666666661
1333,2945.926334852879,709.8449999999998
1334,2947.478984603423,558.478333333333
1335,2949.0299721631504,502.978333333333
1336,2950.58046843712,405.00333333333265
1337,2952.130473658724,403.4699999999998
1338,2953.6805724704745,343.8241666666663
1339,2955.2284276533246,351.3824999999997
1340,2956.7763772621433,333.59916666666595
1341,2958.323253265422,346.6283333333331
1342,2959.8696401196144,308.3783333333331
1343,2961.4155380566995,303.3033333333333
1344,2962.9597807058917,285.33666666666613
1345,2964.503535638609,265.915833333333
1346,2966.046220152785,312.3574999999996
1347,2967.5901660275213,351.290833333333
1348,2969.1318764473504,310.0699999999997
1349,2970.6731004416333,318.11999999999944
1350,2972.212673845256,307.24499999999944
1351,2973.7523440319205,314.61999999999944
1352,2975.2921106806066,298.3949999999995
1353,2976.829065233985,355.30749999999944
1354,2978.3666989053495,359.4699999999998
1355,2979.9038482622204,376.33666666666613
1356,2981.4381891405383,385.4533333333329
1357,2982.974371286465,400.1908333333331
1358,2984.507746872846,410.603333333333
1359,2986.041801620275,431.1783333333333
1360,2987.574213190213,441.93249999999944
1361,2989.1073036457783,450.6408333333329
1362,2990.638752108089,465.3574999999996
1363,2992.1685598974027,481.7658333333329
1364,2993.6978876101653,499.30749999999944
1365,2995.2278943865235,507.1991666666663
1366,2996.7562622603405,484.68666666666604
1367,2998.2841507351955,470.540833333333
1368,2999.8115600366077,482.3325
1369,3001.3361754675684,437.665833333333
1370,3002.861470725067,449.80749999999944
1371,3004.38744494594,407.14916666666613
1372,3005.9094717712555,388.47416666666595
1373,3007.433334745139,367.728333333333
1374,3008.9555649681392,331.7616666666663
1375,3010.4784743273503,337.49916666666604
1376,3011.9997521064415,307.24499999999944
1377,3013.5193996125167,293.7199999999998
1378,3015.0385723570976,309.4574999999995
1379,3016.5572705626346,246.89083333333292
1380,3018.0754944514388,278.478333333333
1381,3019.59324424568,247.478333333333
1382,3021.1093674020144,268.5033333333331
1383,3022.6250176271055,239.790833333333
1384,3024.1401951422063,234.77416666666613
1385,3025.653748480949,238.89499999999953
1386,3027.1679815983225,228.5866666666666
1387,3028.680591698652,226.228333333333
1388,3030.192730689614,189.33249999999953
1389,3031.704398791268,194.3449999999998
1390,3033.214446328292,203.8449999999998
1391,3034.725173668905,206.77416666666613
1392,3036.2342815996067,206.66999999999962
1393,3037.741771411926,179.68666666666604
1394,3039.2510897929155,180.42833333333328
1395,3040.7576423845885,205.14916666666613
1396,3042.263727050231,222.82416666666631
1397,3043.76934400781,187.37833333333265
1398,3045.2744934751586,167.55333333333328
1399,3046.778028986432,185.33666666666613
1400,3048.2810981542743,173.12833333333265
1401,3049.7837011956144,149.9074999999998
1402,3051.2869839443915,184.94499999999925
1403,3052.787509765846,193.98249999999962
1404,3054.288715727926,173.52416666666613
1405,3055.787167324626,175.60749999999962
1406,3057.286299493616,184.01583333333292
1407,3058.7838236987673,157.33666666666613
1408,3060.2820281985387,161.54916666666622
1409,3061.779769009628,160.70749999999953
1410,3063.274760780816,194.76583333333292
1411,3064.770433137124,167.83666666666613
1412,3066.265643156222,158.66999999999962
1413,3067.7592493281686,147.0283333333332
1414,3069.2512529247356,171.57833333333292
1415,3070.745078275596,142.5699999999997
1416,3072.237301478116,131.87416666666604
1417,3073.7279238022,151.17416666666622
1418,3075.218086479953,152.46583333333228
1419,3076.7077897239474,155.18666666666604
1420,3078.197033746622,159.54916666666622
1421,3079.685818760285,134.84916666666595
1422,3081.1730064177723,143.86166666666622
1423,3082.6597361917807,157.61583333333328
1424,3084.1448704350028,138.64499999999953
1425,3085.6306854264117,118.6241666666665
1426,3087.1149060093067,136.36999999999944
1427,3088.598670252982,142.1324999999997
1428,3090.080841907869,144.93666666666604
1429,3091.5636944535386,93.76583333333292
1430,3093.046091290721,117.7533333333331
1431,3094.528032629455,128.05333333333328
1432,3096.0072485511846,129.915833333333
1433,3097.4871455039083,124.3408333333332
1434,3098.965453915847,136.89083333333292
1435,3100.4444430801964,122.52416666666613
1436,3101.9218448172333,130.82833333333292
1437,3103.398793703317,144.41166666666595
1438,3104.874156968755,119.99083333333328
1439,3106.3490684934927,123.17416666666622
1440,3107.823528484977,114.73249999999962
1441,3109.2975371505268,119.77416666666613
1442,3110.769963105758,142.64499999999953
1443,3112.2430700871287,112.69499999999971
1444,3113.7157263636004,101.7533333333331
1445,3115.186801588396,101.41166666666595
1446,3116.656297004706,107.3741666666665
1447,3118.12647358066,101.54083333333301
1448,3119.5950714502715,103.8408333333332
1449,3121.06435020058,103.5324999999998
1450,3122.5309225168317,88.2158333333332
1451,3123.9970476395747,84.19916666666631
1452,3125.4638539138377,105.3491666666664
1453,3126.9290849191,76.5283333333332
1454,3128.3938693441632,124.76999999999953
1455,3129.857080283771,102.27416666666613
1456,3131.3198457378535,95.79083333333301
1457,3132.7821659098263,115.01166666666631
1458,3134.246293163656,70.20749999999953
1459,3135.706596958293,69.07416666666631
1460,3137.166456765385,114.23666666666622
1461,3138.625872787383,92.12416666666604
1462,3140.0848452266164,95.9408333333331
1463,3141.544498654811,98.44499999999971
1464,3143.0014601654952,93.86583333333328
1465,3144.4579793824837,81.19083333333265
1466,3145.9140565071466,117.1574999999998
1467,3147.369691740733,93.82833333333292
1468,3148.8248852843717,74.14083333333292
1469,3150.2785150153427,84.89916666666613
1470,3151.73058215501,106.32416666666631
1471,3153.1844528551524,76.91999999999962
1472,3154.6378826681735,90.56999999999971
1473,3156.088629866829,77.8783333333331
1474,3157.537817312452,89.01999999999953
1475,3158.9888070793745,84.24083333333283
1476,3160.437117544948,98.0991666666664
1477,3161.887229373963,97.17833333333283
1478,3163.3346636553065,85.49083333333283
1479,3164.7816604809163,92.98666666666622
1480,3166.2271014557505,95.41166666666595
1481,3167.6732243025776,84.07833333333247
1482,3169.117792370164,78.20333333333292
1483,3170.563042029788,112.71166666666613
1484,3172.0056207373564,58.553333333333285
1485,3173.449998337732,75.26166666666677
1486,3174.8917067289826,62.83666666666613
1487,3176.3329805938997,79.4699999999998
1488,3177.7738201289017,67.24916666666604
1489,3179.213109969817,77.07416666666631
1490,3180.6530817698163,120.16999999999962
1491,3182.0926198282928,98.02833333333228
1492,3183.5306097881503,52.45749999999998
1493,3184.968167069184,65.59916666666595
1494,3186.4041779838662,69.11583333333328
1495,3187.8408708279294,85.11583333333328
1496,3189.2749051519118,61.46166666666613
1497,3190.709621794292,85.97416666666595
1498,3192.1439074013942,92.16583333333301
1499,3193.577762167433,83.86999999999944
1500,3195.0100744098386,59.96166666666613
1501,3196.4419568667413,48.64083333333292
1502,3197.872298521698,81.7783333333332
1503,3199.3033223210364,74.7158333333332
1504,3200.7339169146217,48.91166666666595
1505,3202.16297228488,78.21166666666613
1506,3203.591599500868,76.24499999999944
1507,3205.018689209126,124.89499999999998
1508,3206.4453518121186,69.01166666666631
1509,3207.871587501559,66.45333333333247
1510,3209.296287918623,57.72416666666595
1511,3210.7216706872227,96.45749999999998
1512,3212.1466271165627,69.69499999999971
1513,3213.5711573978947,83.48249999999962
1514,3214.9930472717465,82.5283333333332
1515,3216.415619597678,90.06583333333265
1516,3217.8366604454814,87.07416666666677
1517,3219.257277230496,70.56166666666695
1518,3220.678576046621,95.34083333333228
1519,3222.0972393712145,79.86166666666622
1520,3223.516585106165,74.95333333333292
1521,3224.9344026217054,83.0033333333331
1522,3226.3517976809435,127.54916666666622
1523,3227.768770472665,65.22833333333301
1524,3229.1853211855446,62.928333333333285
1525,3230.5992428089694,101.84083333333228
1526,3232.014950586956,68.64916666666613
1527,3233.429133908259,90.36999999999944
1528,3234.8428965603753,99.6574999999998
1529,3236.2551364438073,90.0949999999998
1530,3237.666956688571,86.01166666666677
1531,3239.0783574816796,84.69499999999971
1532,3240.4893390100337,99.9074999999998
1533,3241.899901460422,72.48249999999962
1534,3243.3089443682065,103.21166666666613
1535,3244.7175692245874,71.41999999999962
1536,3246.125776215586,66.7158333333332
1537,3247.532465854694,101.91583333333301
1538,3248.938738652065,83.7199999999998
1539,3250.344594792954,75.70333333333292
1540,3251.750034462507,77.2199999999998
1541,3253.15615621569,106.71583333333274
1542,3254.55966512764,78.17833333333283
1543,3255.961661053099,56.57416666666677
1544,3257.3643399411776,95.7824999999998
1545,3258.7655068600984,80.18666666666604
1546,3260.1684532069803,74.08666666666613
1547,3261.568791530406,79.06166666666695
1548,3262.9687161555707,87.48249999999962
1549,3264.3671314908506,94.06999999999971
1550,3265.7662295928862,33.861666666666224
1551,3267.1638194179777,90.29083333333301
1552,3268.560996923591,97.44499999999925
1553,3269.9566678097835,77.99916666666695
1554,3271.353021546429,121.93249999999944
1555,3272.7489635104453,89.10749999999962
1556,3274.143400369215,107.32833333333247
1557,3275.5374264639267,90.43249999999944
1558,3276.931041976054,93.40333333333228
1559,3278.323154537839,113.41583333333301
1560,3279.715949750458,87.72833333333301
1561,3281.106151111524,107.75749999999925
1562,3282.495943899227,70.97416666666595
1563,3283.88641955846,104.49083333333328
1564,3285.275395419,112.36166666666622
1565,3286.66396324627,79.42416666666622
1566,3288.052123220042,93.80333333333283
1567,3289.4387855367313,80.60333333333301
1568,3290.8239513352482,82.4074999999998
1569,3292.2119791296213,63.924166666666224
1570,3293.597421100456,109.55749999999944
1571,3294.9813680488046,87.49499999999944
1572,3296.364909496541,71.80333333333328
1573,3297.74804562186,57.89499999999953
1574,3299.13186435132,90.89499999999953
1575,3300.5131026174904,76.5324999999998
1576,3301.8939367319053,84.84499999999935
1577,3303.274366871923,103.4658333333332
1578,3304.654393214795,80.4074999999998
1579,3306.034015937673,96.29499999999962
1580,3307.411063535813,64.69916666666677
1581,3308.788794660853,85.62416666666604
1582,3310.168293744058,85.36583333333328
1583,3311.5441346119005,88.5324999999998
1584,3312.919574010849,96.10333333333347
1585,3314.2946121165996,88.16583333333301
1586,3315.669249104745,57.51583333333292
1587,3317.0434851507794,96.24499999999944
1588,3318.4173204300905,74.8408333333332
1589,3319.789672125373,63.45333333333292
1590,3321.1616240355884,69.49499999999944
1591,3322.533176335407,98.09083333333228
1592,3323.904329199394,68.55749999999944
1593,3325.272919338173,73.92416666666622
1594,3326.6421930662527,68.80749999999944
1595,3328.0110685106292,58.06583333333265
1596,3329.380626633505,69.31999999999971
1597,3330.747625243173,73.20749999999998
1598,3332.114226718211,69.45333333333292
1599,3333.4804312316564,73.81583333333265
1600,3334.8451594232074,62.51999999999953
1601,3336.210570845635,69.4033333333332
1602,3337.5745069181403,69.99499999999944
1603,3338.938047346186,76.8783333333331
1604,3340.3011923018953,52.182499999999436
1605,3341.6628639887695,63.14499999999998
1606,3343.0241411720785,73.23249999999962
1607,3344.3850240232423,110.12833333333265
1608,3345.7444356812584,58.51999999999998
1609,3347.1045306938704,87.86166666666622
1610,3348.4642318878605,86.66999999999962
1611,3349.8224633369177,98.33249999999953
1612,3351.179226145644,62.72833333333301
1613,3352.536672368261,67.05333333333283
1614,3353.8926509129556,86.69916666666677
1615,3355.249312589875,68.85749999999962
1616,3356.6045075503444,56.653333333333194
1617,3357.9582368953124,87.02833333333228
1618,3359.3126495709275,72.02416666666659
1619,3360.664523976314,75.08666666666659
1620,3362.017082050294,67.34916666666595
1621,3363.3681770438293,69.39083333333292
1622,3364.7188827387545,65.8491666666664
1623,3366.069199303302,82.27833333333228
1624,3367.420198973138,87.80749999999944
1625,3368.7697374724935,96.48666666666622
1626,3370.1188873457186,86.26583333333292
1627,3371.4665776189613,59.786666666666406
1628,3372.812809384273,74.51583333333292
1629,3374.1607953104253,72.9408333333331
1630,3375.5062528450176,69.82833333333247
1631,3376.8513238221444,41.1574999999998
1632,3378.197078011631,62.611666666666224
1633,3379.54030677018,54.132499999999254
1634,3380.883150084685,48.54499999999962
1635,3382.2266768035934,53.7533333333331
1636,3383.567681045004,37.18666666666604
1637,3384.909369022297,43.76583333333292
1638,3386.2517399818116,44.47833333333301
1639,3387.590523341753,75.74916666666604
1640,3388.9310577782385,52.703333333332466
1641,3390.2690742380623,70.50333333333265
1642,3391.607774340872,49.16583333333301
1643,3392.9460910997877,55.93666666666695
1644,3394.282958749409,39.76583333333292
1645,3395.6194439943206,48.0658333333331
1646,3396.9544816779326,59.81999999999971
1647,3398.2902029101174,71.80749999999944
1648,3399.6244775175655,41.01583333333292
1649,3400.958370984306,76.99916666666604
1650,3402.2908193697103,67.07416666666631
1651,3403.622887548361,55.29499999999962
1652,3404.9556391797873,53.361666666666224
1653,3406.2880103228385,76.31166666666604
1654,3407.6178753606814,71.07416666666631
1655,3408.9484240354104,68.29083333333301
1656,3410.276468747551,71.56583333333265
1657,3411.6062594022137,63.00333333333265
1658,3412.9346093079093,60.74083333333283
1659,3414.2615195337094,46.007499999999254
1660,3415.588052222392,53.2199999999998
1661,3416.9142075350615,79.10749999999962
1662,3418.2399856327297,43.94916666666677
1663,3419.56538667632,64.68666666666604
1664,3420.888291088966,39.736666666666224
1665,3422.2129391094372,79.76999999999953
1666,3423.5361512910945,55.87416666666695
1667,3424.858987663075,47.869999999999436
1668,3426.179331054391,72.62833333333265
1669,3427.5003585229756,44.76999999999953
1670,3428.82206932736,59.11166666666577
1671,3430.142347196645,50.840833333333194
1672,3431.4611931903773,79.4033333333332
1673,3432.7807226978384,76.5324999999998
1674,3434.097764381201,42.01583333333292
1675,3435.4144333287413,36.26583333333292
1676,3436.731785966715,34.41583333333301
1677,3438.047709618322,56.37416666666604
1678,3439.363261008595,66.9741666666664
1679,3440.678440295475,31.457499999999982
1680,3441.993247636812,55.761666666666315
1681,3443.305573639792,36.91999999999962
1682,3444.618583682181,29.778333333332284
1683,3445.9312228476947,40.578333333332466
1684,3447.243491293448,73.17833333333328
1685,3448.554335591889,61.7199999999998
1686,3449.8648100792016,40.057499999999436
1687,3451.1749149118577,57.740833333333285
1688,3452.4846502462433,73.0908333333332
1689,3453.791911444972,48.5949999999998
1690,3455.1009088450364,54.803333333333285
1691,3456.407433607159,28.34916666666595
1692,3457.7135906803023,55.95333333333292
1693,3459.021482644022,38.932499999999436
1694,3460.3269042132333,42.51166666666677
1695,3461.630907938316,64.34083333333274
1696,3462.935595511122,50.153333333332284
1697,3464.238866140054,29.065833333333103
1698,3465.5428203353335,65.21166666666659
1699,3466.8443090459086,22.91166666666595
1700,3468.146481631337,42.661666666666406
1701,3469.44723965952,51.01999999999953
1702,3470.7476327243676,19.490833333333285
1703,3472.0476609794578,34.52416666666613
1704,3473.346276609356,22.682499999999436
1705,3474.644528323944,39.2199999999998
1706,3475.9424162761734,37.66166666666595
1707,3477.2409877072378,35.136666666666315
1708,3478.537101504924,13.307499999999436
1709,3479.833899086919,33.76583333333292
1710,3481.129287308416,47.682499999999436
1711,3482.4243131166177,34.115833333333285
1712,3483.7200222874344,6.299166666666224
1713,3485.0132781013153,29.07833333333292
1714,3486.3061725423586,26.478333333333012
1715,3487.598705762009,31.682499999999436
1716,3488.88983345584,33.0324999999998
1717,3490.1816449784133,28.549166666666224
1718,3491.4720518605714,45.66583333333301
1719,3492.7620987088458,34.182499999999436
1720,3494.0507423832632,41.22416666666595
1721,3495.3411129062883,13.728333333333012
1722,3496.629037847736,23.524166666666588
1723,3497.915561520164,49.79499999999962
1724,3499.2027692009337,36.615833333333285
1725,3500.4896183309042,43.0324999999998
1726,3501.7750675119096,52.6574999999998
1727,3503.06015902142,48.6574999999998
1728,3504.3448930086943,2.299166666666224
1729,3505.629269622912,55.94916666666677
1730,3506.9122486233987,34.73249999999962
1731,3508.1938310263745,49.924166666666224
1732,3509.4760974712194,29.724166666666406
1733,3510.7580077164157,-1.413333333333867
1734,3512.038522675684,-3.896666666666988
1735,3513.3186823089663,13.590833333332284
1736,3514.5984867641423,18.86583333333283
1737,3515.877936189005,55.10333333333301
1738,3517.1559926490468,41.81583333333265
1739,3518.433694949635,13.940833333332648
1740,3519.712080745016,31.88666666666677
1741,3520.9880376611272,44.111666666666224
1742,3522.2636414335607,5.9699999999998
1743,3523.538892208904,28.049166666666224
1744,3524.8137901336645,31.78666666666595
1745,3526.0883353542667,37.87416666666695
1746,3527.360456445156,32.99083333333283
1747,3528.634297269305,42.869999999999436
1748,3529.907785827851,40.57416666666677
1749,3531.1788524120752,19.211666666666588
1750,3532.450602808174,50.21166666666659
1751,3533.7199332356977,0.3783333333326482
1752,3534.9899477654776,22.38666666666677
1753,3536.2585781147527,41.486666666666224
1754,3537.527892285545,48.45124999999962
1755,3538.7958231355856,55.41583333333301
1756,3540.0634045952875,24.0324999999998
1757,3541.330636809047,16.203333333332466
1758,3542.59751992118,35.424166666666224
1759,3543.861989919433,42.861666666666224
1760,3545.1271440350247,26.18666666666695
1761,3546.3909185384823,23.794999999999618
1762,3547.6564081056385,47.078333333332466
1763,3548.9194874045456,34.45749999999998
1764,3550.1822195995696,28.107499999999618
1765,3551.443574456673,41.08249999999998
1766,3552.7045830618217,-6.246666666667352
1767,3553.9673051804525,4.4074999999998
1768,3555.2276211440817,6.42833333333283
1769,3556.486562037161,11.069999999999254
1770,3557.7461867768798,-4.196666666666715
1771,3559.004437294867,48.73249999999962
1772,3560.2623429791934,15.269999999999982
1773,3561.5188758531717,21.482499999999618
1774,3562.776092576979,44.39499999999953
1775,3564.0319373365523,35.328333333332466
1776,3565.2884656657047,15.80333333333283
1777,3566.542595882828,13.182499999999436
1778,3567.7974099516127,36.840833333333194
1779,3569.050854307224,2.636666666666315
1780,3570.3039560833045,17.019999999999527
1781,3571.556715420279,43.799166666666224
1782,3572.809132458498,22.444999999999254
1783,3574.0601820278453,20.932499999999436
1784,3575.3108901387895,28.169999999999618
1785,3576.5602321800266,57.324166666666315
1786,3577.8102580730165,41.64083333333292
1787,3579.0589187343585,-11.8425000000002
1788,3580.3072390543402,35.182499999999436
1789,3581.554195537798,27.569999999999254
1790,3582.8028592266605,33.10749999999962
1791,3584.0491362804487,40.17833333333283
1792,3585.294051307719,25.307499999999436
1793,3586.5396503220118,14.0324999999998
1794,3587.7849103849235,46.494999999999436
1795,3589.0298316347894,35.33249999999953
1796,3590.272370837845,14.215833333332284
1797,3591.5166154320946,30.394999999999982
1798,3592.758479366013,22.440833333333103
1799,3594.0000061489764,-3.142500000000382
1800,3595.241195918264,16.590833333332284
1801,3596.4820488110836,19.69499999999971
1802,3597.721544941565,31.49916666666695
1803,3598.9617247695173,36.72833333333301
1804,3600.2005486622284,6.0949999999998
1805,3601.439036779267,10.1574999999998
1806,3602.676170339564,19.857499999999618
1807,3603.913987590751,49.79083333333301
1808,3605.149432743696,14.328333333332466
1809,3606.386579949831,36.56583333333265
1810,3607.622374247093,56.494999999999436
1811,3608.856816597817,12.065833333332648
1812,3610.09092522751,-0.5966666666677156
1813,3611.3236832818393,62.640833333332466
1814,3612.557125150166,42.87416666666695
1815,3613.7892172627644,35.828333333332466
1816,3615.0209767440306,-13.263333333333776
1817,3616.2524037286503,-30.313333333333958
1818,3617.483498351233,2.478333333333012
1819,3618.714260746318,40.41999999999962
1820,3619.94266090881,10.194999999999254
1821,3621.171745003619,49.20333333333292
1822,3622.3994832981116,33.08249999999953
1823,3623.6289194952237,22.165833333333012
1824,3624.8559961834453,-6.596666666666806
1825,3626.0827425420043,4.107499999999618
1826,3627.30814527349,29.328333333332466
1827,3628.533218487204,-14.796666666667534
1828,3629.757962316042,6.482499999999618
1829,3630.982376892828,9.415833333333012
1830,3632.205450008647,35.49083333333283
1831,3633.4302188211873,27.036666666666406
1832,3634.652634640393,24.990833333333285
1833,3635.87371075532,19.299166666666224
1834,3637.095470622151,8.999166666666952
1835,3638.3158915914814,32.70749999999953
1836,3639.535985321249,13.461666666666133
1837,3640.7557519430534,25.894999999999527
1838,3641.9751915884244,2.0158333333324663
1839,3643.193294488609,8.4074999999998
1840,3644.4110712162383,41.411666666666406
1841,3645.628521902304,25.778333333333194
1842,3646.8456466777284,35.786666666666406
1843,3648.061436853891,44.2199999999998
1844,3649.2769019207603,1.7741666666665878
1845,3650.493050288813,-10.7175000000002
1846,3651.706857248099,33.778333333332284
1847,3652.920340027773,32.01999999999998
1848,3654.1334987576865,-9.767500000000382
1849,3655.3463335676247,22.336666666666588
1850,3656.558844587304,38.703333333332466
1851,3657.7710319463695,34.74083333333283
1852,3658.980882979757,4.69916666666677
1853,3660.191417814259,12.590833333333194
1854,3661.400624052017,8.828333333332466
1855,3662.610513812404,55.661666666666406
1856,3663.819075769867,20.665833333333012
1857,3665.0263108563504,16.45333333333292
1858,3666.234229583443,19.34916666666595
1859,3667.4418267541714,-1.2508333333330484
1860,3668.6480982413404,41.7199999999998
1861,3669.8540489631223,37.19916666666677
1862,3671.0586753255952,30.503333333333103
1863,3672.2639851671347,6.549166666666224
1864,3673.4679714382128,9.19916666666677
1865,3674.671637988084,-0.4716666666677156
1866,3675.8739822879734,34.099166666666406
1867,3677.077010043544,10.124166666666952
1868,3678.2787163355088,23.05333333333283
1869,3679.480103946797,0.08249999999952706
1870,3680.6801714112016,2.894999999999527
1871,3681.8799209791896,37.64499999999998
1872,3683.079352777059,25.361666666666224
1873,3684.2794677284064,16.81166666666695
1874,3685.477263567306,30.415833333333012
1875,3686.6757428119467,32.12416666666604
1876,3687.872904788058,0.9324999999994361
1877,3689.0687504149564,42.70749999999953
1878,3690.2662790343516,54.153333333333194
1879,3691.4614923455124,1.411666666666406
1880,3692.6553910043467,-0.47583333333341216
1881,3693.8499732925884,31.069999999999254
1882,3695.0442401248984,4.9699999999998
1883,3696.237193470689,22.03666666666595
1884,3697.4288342446666,-16.900833333333594
1885,3698.62215624873,28.415833333333012
1886,3699.8131685636768,-2.588333333333594
1887,3701.0048642017537,39.244999999999436
1888,3702.1952488173442,37.75333333333265
1889,3703.385319900593,4.619999999999436
1890,3704.574081259492,-5.096666666667716
1891,3705.7635259118874,11.186666666666952
1892,3706.9516616116803,43.099166666666406
1893,3708.1394847980814,33.569999999999254
1894,3709.3260003263363,53.59916666666686
1895,3710.5131991174408,25.536666666666406
1896,3711.6980962745533,38.890833333332466
1897,3712.8836769401414,9.440833333332648
1898,3714.0679520073927,13.9074999999998
1899,3715.2519163438374,2.228333333333012
1900,3716.4355700717556,-16.950833333333776
1901,3717.6199067540906,4.015833333332921
1902,3718.8029393709926,13.67833333333283
1903,3719.9836759061986,-6.730000000000018
1904,3721.1660886818454,28.48666666666668
1905,3722.3462066598327,14.415833333333012
1906,3723.52700794131,20.982499999999618
1907,3724.707499987948,23.4074999999998
1908,3725.8866913005786,25.453333333332466
1909,3727.064582778765,20.99916666666695
1910,3728.243157525733,11.682499999999436
1911,3729.4204331983983,-22.4050000000002
1912,3730.596410694259,3.5283333333322844
1913,3731.773071561724,24.494999999999436
1914,3732.950415144974,-15.284166666667716
1915,3734.1244815542364,12.411666666666406
1916,3735.300220987283,-10.417500000000018
1917,3736.4736748453265,0.982499999999618
1918,3737.6468228653366,13.474166666665951
1919,3738.819665166865,-4.546666666667534
1920,3739.9931903886345,2.1241666666669516
1921,3741.1654213540783,1.8408333333322844
1922,3742.336358955124,43.75333333333265
1923,3743.5069918297895,27.619999999999436
1924,3744.677320097014,25.728333333333012
1925,3745.8473438756723,6.465833333332284
1926,3747.015089330959,-19.325833333333776
1927,3748.1845050022725,40.432499999999436
1928,3749.353616541078,39.37416666666695
1929,3750.520451651128,23.524166666666588
1930,3751.6869838906096,9.040833333333012
1931,3752.8532133774283,13.986666666666224
1932,3754.019140229431,-10.146666666666988
1933,3755.185749748668,8.403333333332284
1934,3756.350086500063,23.515833333332466
1935,3757.5141214806395,3.265833333332921
1936,3758.6768703892,9.065833333332648
1937,3759.840302435044,37.79499999999962
1938,3761.0024491529985,0.3824999999992542
1939,3762.1642950783853,22.38666666666677
1940,3763.32584032797,12.482499999999163
1941,3764.486101873176,49.849166666666406
1942,3765.648029266487,-2.6883333333330484
1943,3766.8076905519583,-26.963333333333594
1944,3767.967052136163,2.2033333333324663
1945,3769.12513200614,13.757499999999254
1946,3770.282912914385,2.190833333332648
1947,3771.441376598831,55.01583333333292
1948,3772.5985596774817,-9.042500000000018
1949,3773.7544630259504,-7.367500000000746
1950,3774.91006838148,23.51166666666677
1951,3776.0653758592916,17.711666666666588
1952,3777.2203855745456,-17.355000000000018
1953,3778.375097642342,-2.084166666666988
1954,3779.528532325486,19.640833333332466
1955,3780.6806904956006,21.9074999999998
1956,3781.8345110680266,24.332499999999982
1957,3782.9860762605244,34.390833333332466
1958,3784.138324231966,7.215833333332284
1959,3785.289297156118,-6.434166666667352
1960,3786.4389959019154,13.76166666666677
1961,3787.5893775173563,-4.184166666667352
1962,3788.7384856848994,-8.275833333333594
1963,3789.887298859452,9.211666666666588
1964,3791.035817154591,1.603333333333012
1965,3792.1840406838387,28.07416666666677
1966,3793.3300158894417,-0.4841666666675337
1967,3794.4776507284814,-17.817500000000564
1968,3795.6230384718815,16.349166666666406
1969,3796.769108988554,24.72416666666595
1970,3797.9148858061344,35.93666666666695
1971,3799.0593934526687,21.703333333332466
1972,3800.202632790131,30.915833333333012
1973,3801.3455797653655,27.932499999999436
1974,3802.4892093271214,15.507499999999254
1975,3803.63157166503,18.482499999999618
1976,3804.7736419770395,22.707499999999982
1977,3805.9134721963965,0.12416666666695164
1978,3807.054959290298,6.836666666666588
1979,3808.1942075097922,1.111666666666224
1980,3809.3341384886226,-7.146666666666533
1981,3810.4737784974923,15.05333333333283
1982,3811.612154800754,46.899166666664314
1983,3812.750240853054,12.603333333333467
1984,3813.887064414101,-9.930000000000746
1985,3815.0245705452417,17.06166666666695
1986,3816.1608149022277,-4.609166666667534
1987,3817.295798338201,5.978333333333012
1988,3818.4314644283536,41.2574999999988
1989,3819.566841426992,-2.4841666666675337
1990,3820.700958577348,5.361666666666224
1991,3821.8347873507896,15.586666666666588
1992,3822.9683278572925,25.582499999999982
1993,3824.1006100796953,13.19916666666677
1994,3825.2316348669365,19.844999999999345
1995,3826.3633423366778,-22.450833333333776
1996,3827.494762471095,34.06583333333265
1997,3828.62492623697,13.528333333332284
1998,3829.754803378055,-9.955000000000382
1999,3830.8843940033717,-3.32166666666717
2000,3832.013698221889,-6.142500000000382
2001,3833.1417479822044,24.515833333332466
2002,3834.2695120440785,-9.25916666666717
2003,3835.396990516035,-0.16333333333341216
2004,3836.524183506544,-12.50916666666717
2005,3837.649156763139,10.211666666666588
2006,3838.7748126696306,-28.671666666667534
2007,3839.9001839088005,8.807499999999436
2008,3841.024304141403,11.049166666666224
2009,3842.148140411017,8.169999999999618
2010,3843.2716928252253,-2.267500000000382
2011,3844.394961491558,40.51999999999998
2012,3845.5179465174906,34.569999999999254
2013,3846.6396827826825,17.315833333332648
2014,3847.7601711248435,-4.221666666667716
2015,3848.8813418634054,5.474166666666406
2016,3850.0022298773843,-18.463333333333594
2017,3851.1218710187627,3.144999999999982
2018,3852.240266123023,21.63666666666677
2019,3853.359343564056,-13.971666666667716
2020,3854.4771756661703,1.7158333333322844
2021,3855.5947265478135,22.732499999999618
2022,3856.7119963150944,10.899166666666588
2023,3857.828022273713,-10.250833333333048
2024,3858.943767814044,-7.409166666667716
2025,3860.060195358401,10.124166666666952
2026,3861.175380137406,4.494999999998981
2027,3862.2893229817914,5.057499999998981
2028,3863.4039479051908,38.2533333333331
2029,3864.516370236916,48.453333333332466
2030,3865.630435967557,25.215833333332284
2031,3866.7432611500362,3.6949999999987995
2032,3867.854846612561,-18.721666666667716
2033,3868.966153569202,24.965833333332284
2034,3870.076221978108,14.17833333333283
2035,3871.1860125711582,17.93666666666695
2036,3872.2955254526314,-39.463333333333594
2037,3873.405720152695,-22.617500000000746
2038,3874.5137184977084,6.132499999999254
2039,3875.6223988696115,15.169999999999618
2040,3876.729843240149,32.599166666666406
2041,3877.8370108989993,-23.380000000000564
2042,3878.9429437222425,44.174166666666224
2043,3880.0486005196417,26.36583333333283
2044,3881.1558968931527,-5.917500000000018
2045,3882.2610014708557,8.044999999999618
2046,3883.3639157897755,-37.680000000000746
