,Rshift,20250201_132741_145
0,-27.28431624923972,13.426874999999654
1,-24.137810440559743,14.34770833333414
2,-20.992855305911224,15.072708333333594
3,-17.849449699264277,-4.468958333333376
4,-14.709577990190768,-15.098124999999982
5,-11.570259296931825,3.543541666667352
6,-8.432485724277697,2.651875000000018
7,-5.297247424298958,-7.627291666666224
8,-2.163550990117585,-5.314791666666224
9,0.9686047153885033,-20.885625000000346
10,4.098230996806874,15.476874999999836
11,7.226319793020991,-7.493958333333012
12,10.351883377225125,17.672708333333958
13,13.47690108550667,5.293541666667352
14,16.599396813964887,-7.243958333333012
15,19.71937314585023,32.447708333333594
16,22.838806501711186,145.37270833333378
17,25.95572368194708,176.256041666667
18,29.070127261761424,188.18520833333378
19,32.18399075351902,164.04354166666735
20,35.29534385461391,160.12687500000038
21,38.40517363784589,171.06020833333378
22,41.51249719788232,163.52270833333432
23,44.61928418112446,138.66854166666735
24,47.72258507542738,139.25187500000038
25,50.82535162225085,151.92270833333396
26,53.926601392168415,116.08937500000002
27,57.02437225535298,114.98104166666735
28,60.12063048208482,148.8310416666668
29,63.215377180019566,115.41437499999984
30,66.30959363994587,136.40187500000002
31,69.40034041471665,152.5143750000002
32,72.48860070466732,134.28937499999984
33,75.57731329740307,110.11437499999965
34,78.66256333475965,139.56020833333378
35,81.74631037256418,145.6352083333336
36,84.82855550884238,157.7602083333336
37,87.90929984055099,169.79354166666735
38,90.98756809333871,144.8893750000002
39,94.06433868236475,169.90187500000002
40,97.1405881209893,158.506041666667
41,100.21339123894579,161.3227083333336
42,103.28470091617095,96.10604166666735
43,106.35354424187857,148.71020833333432
44,109.42187077517436,145.74770833333378
45,112.48676102238159,133.11020833333396
46,115.55113664681949,160.08520833333432
47,118.61402520538982,152.05187499999965
48,121.67445614213274,148.65604166666662
49,124.73243195142234,126.78937499999984
50,127.78989651750489,136.48520833333396
51,130.84490905385366,159.49354166666717
52,133.89844180364437,143.256041666667
53,136.94952655484522,151.04354166666735
54,139.9991346065499,124.61854166666717
55,143.04726703056593,132.84770833333414
56,146.09295701676533,155.3310416666668
57,149.13717445172796,127.33937500000002
58,152.18088734856704,136.29770833333396
59,155.22216241584337,171.3852083333336
60,158.26003610937104,159.6393750000002
61,161.29740892735327,161.193541666667
62,164.33331545412594,145.43104166666717
63,167.36679213777288,202.27687500000002
64,170.39880558285302,177.24770833333378
65,173.42839316438452,210.9477083333336
66,176.45652055224213,190.96854166666662
67,179.48318880184246,209.6977083333336
68,182.50936125878457,173.55187499999965
69,185.532152102855,215.55604166666717
70,188.5525265301561,209.99770833333378
71,191.57336968606344,218.11437499999965
72,194.59083808475233,216.42687499999965
73,197.60685550341933,209.60604166666735
74,200.6195039541193,198.16854166666735
75,203.6335825290436,216.74354166666717
76,206.64429514705586,233.15187500000002
77,209.6516456142998,245.443541666667
78,212.66042610825713,247.49770833333378
79,215.66584745221635,225.97270833333414
80,218.6688701982906,252.71020833333432
81,221.6704530579928,247.58937500000002
82,224.67155290628202,243.318541666667
83,227.67025864025692,252.24770833333378
84,230.66561774334488,241.17270833333396
85,233.66145185846995,278.9477083333336
86,236.65489724395556,250.256041666667
87,239.64595629990657,277.97687499999984
88,242.63558452041616,270.66854166666735
89,245.62378293194837,257.026875
90,248.60960037381219,289.2060416666668
91,251.59399096676356,288.2477083333338
92,254.57695573333737,257.11854166666717
93,257.5584956950971,287.4560416666668
94,260.5367111357406,314.97270833333414
95,263.51445554100974,347.8935416666668
96,266.4907791062013,331.93104166666717
97,269.4647338389515,341.1268750000004
98,272.4372706690054,453.1893750000004
99,275.40839061015055,560.5352083333341
100,278.3771470222574,715.5310416666666
101,281.34354227106166,981.6810416666672
102,284.3104189718883,1360.5935416666666
103,287.27304392780604,1791.5435416666674
104,290.2342597498509,2239.631041666667
105,293.19501284369574,2630.189375
106,296.15435791399693,3062.426874999999
107,299.11135146313717,3384.0477083333335
108,302.06599584060206,3615.0602083333342
109,305.020180602477,3818.856041666667
110,307.97107593352354,3922.247708333334
111,310.9205709374285,3982.272708333334
112,313.8696088729118,3991.5060416666665
113,316.81630576431763,4007.8393749999996
114,319.7616053156739,4039.626875
115,322.70362667554014,4094.9435416666665
116,325.6461354188213,4141.126875
117,328.5863097684562,4224.776875
118,331.5232124643944,4415.910208333333
119,334.4596645888623,4507.2560416666665
120,337.3956657948935,4629.039375
121,340.32746272332156,4891.0060416666665
122,343.2588115920873,4937.022708333334
123,346.18877468724133,5070.760208333333
124,349.1164160675589,5340.7352083333335
125,352.0426745233984,5583.814375
126,354.9666149953233,5902.243541666666
127,357.89011098210506,6301.664375
128,360.810356668617,6944.1102083333335
129,363.730159822777,7837.868541666666
130,366.64858582226634,8602.839375
131,369.5647018076031,9200.406041666665
132,372.47851007211335,9345.551875
133,375.3909458601356,8264.672708333334
134,378.3020101411441,7897.418541666667
135,381.2107718077643,6807.310208333334
136,384.1190964182033,6212.656041666666
137,387.0260524242806,5784.489374999999
138,389.92977926968416,5530.9227083333335
139,392.8321411918916,5350.3185416666665
140,395.73313915306505,5207.851875
141,398.63277411446904,5201.972708333333
142,401.53011802317604,5120.406041666666
143,404.42610172424645,5090.439375
144,407.32072617531486,5065.976875
145,410.21306462703984,5050.606041666667
146,413.10404661153893,4890.581041666667
147,415.99274624637286,5018.035208333333
148,418.88101859200884,4948.101875
149,421.7670113614339,4830.431041666666
150,424.6507268069978,4974.614374999999
151,427.534017380677,4910.526875
152,430.4150333946642,4884.301874999999
153,433.29377709457617,4902.497708333334
154,436.171174526634,4870.460208333334
155,439.0481500067328,4885.2352083333335
156,441.9219343629885,4815.339375
157,444.7943761439507,4799.910208333333
158,447.6663983684335,4834.376875
159,450.53615738925754,4788.806041666666
160,453.4036554368587,4718.764374999999
161,456.2698155263778,4690.014374999999
162,459.13371823570486,4620.972708333333
163,461.99720564598897,4572.8602083333335
164,464.85751890297826,4521.722708333333
165,467.71741872718127,4516.222708333333
166,470.57598612114396,4572.8810416666665
167,473.4313855832414,4600.376875
168,476.28729176382114,4627.176874999999
169,479.1400335802938,4563.601875
170,481.9905314565158,4489.197708333333
171,484.84062061516414,4379.151875
172,487.68846853613957,4231.239374999999
173,490.5359087351512,4012.793541666667
174,493.3792799303744,3667.781041666666
175,496.22407571145703,3611.6352083333327
176,499.06480688058537,3360.3935416666673
177,501.90513400978284,3176.551874999999
178,504.742316141402,3043.1018750000007
179,507.58092228765565,2919.0768750000007
180,510.41547342909644,2803.651875
181,513.2477988173791,2704.276875
182,516.0815480007475,2634.564375
183,518.9103381523065,2522.306041666667
184,521.7387302367048,2495.4685416666666
185,524.5667238977102,2428.3310416666673
186,527.3915883150893,2427.3602083333335
187,530.2151463911312,2304.3268750000007
188,533.0383083453657,2257.697708333333
189,535.8592560354984,2289.3060416666676
190,538.6770831531306,2236.0560416666676
191,541.4945172807625,2184.197708333333
192,544.3106504268214,2161.2060416666673
193,547.1254834922145,2198.6435416666673
194,549.9372037825524,2134.306041666667
195,552.7476274645466,2138.7810416666666
196,555.557661396232,2107.031041666666
197,558.3654941332069,2105.672708333334
198,561.1711278231132,2100.835208333334
199,563.9763740302524,2042.1643750000003
200,566.7785195179079,1997.3518749999998
201,569.5802793070004,2031.0018750000008
202,572.3789426562782,2021.2352083333335
203,575.1781251319061,1973.5935416666666
204,577.9742146080273,1973.381041666667
205,580.7690188937156,2002.489375
206,583.5634406759264,1982.0102083333331
207,586.3547754365092,2002.426875
208,589.1448284899731,1975.3227083333336
209,591.9336007189041,2044.0185416666668
210,594.7210930050775,2021.2018750000007
211,597.5055067627944,1969.6560416666666
212,600.2895433101347,1956.9893749999997
213,603.0732022878761,1954.0768750000007
214,605.8537878481096,1888.5352083333346
215,608.6322014233208,1935.7643750000002
216,611.4093427963033,2003.068541666667
217,614.1861101036463,1961.7352083333335
218,616.9598124291359,1950.6977083333331
219,619.7331424337686,1895.3852083333331
220,622.505203725734,1807.9310416666672
221,625.2742059305338,1771.301875
222,628.0419428000752,1769.589375
223,630.8075203969969,1751.776875
224,633.5736240010797,1732.2810416666666
225,636.3366760769657,1752.693541666667
226,639.098467097401,1738.3227083333331
227,641.8589979255039,1758.9810416666674
228,644.6182694236076,1775.3352083333339
229,647.3744977383801,1728.356041666667
230,650.1303620232678,1776.9102083333337
231,652.8849703729016,1780.9852083333335
232,655.6365413689031,1835.3685416666672
233,658.3877505014291,1832.276875
234,661.1377070819738,1925.6893750000008
235,663.8855220435962,1905.2602083333336
236,666.6320869725545,1940.006041666667
237,669.3765136087061,1824.6185416666676
238,672.1196927253785,1825.3518749999998
239,674.8607368678764,1852.5185416666668
240,677.6005359979608,1809.8268750000002
241,680.3408659606193,1784.8435416666666
242,683.0772897079983,1756.3977083333339
243,685.8124717904553,1767.9977083333333
244,688.545526761953,1739.256041666667
245,691.2782284505098,1743.4310416666672
246,694.0088055188429,1729.6560416666666
247,696.7381450997262,1759.0560416666672
248,699.4662480342079,1744.1727083333335
249,702.1922308778788,1757.6352083333331
250,704.9169795556986,1734.901875
251,707.6404949056167,1736.5768750000007
252,710.3618946801053,1783.4560416666668
253,713.0811809136846,1773.3602083333335
254,715.7992379247568,1795.131041666667
255,718.5178303221388,1794.7018750000007
256,721.232549101209,1814.1060416666674
257,723.946923043364,1850.8518750000003
258,726.6591903985808,1935.4393750000008
259,729.3702334856129,1985.2893750000003
260,732.0791732343926,2021.1602083333337
261,734.7860116633555,2093.197708333333
262,737.4933881052642,2202.0352083333337
263,740.1986648794762,2255.926875
264,742.9009656863793,2216.5060416666665
265,745.6038053949877,2199.389375
266,748.3027948427829,2152.189375000001
267,751.0023240452123,2058.4852083333335
268,753.6997612549775,2024.4352083333333
269,756.3951084757753,2004.0768750000007
270,759.0883677085873,1924.7935416666674
271,761.7804165027665,1992.8227083333336
272,764.4730059891978,2008.131041666667
273,767.161760802308,1996.6560416666666
274,769.8493084081631,2046.0810416666668
275,772.5373975778823,2069.135208333333
276,775.2225324226614,2065.6727083333335
277,777.9055893020778,2014.0143749999988
278,780.5865702013685,2083.756041666667
279,783.2680943403964,2140.239375
280,785.94754411685,2202.7893750000003
281,788.6249215114218,2178.176874999999
282,791.301099742469,2231.3435416666666
283,793.9752087651893,2166.001875000001
284,796.6481210140968,2117.581041666667
285,799.3198372924204,2068.2268750000003
286,801.9903584026715,2034.4185416666674
287,804.6588158534753,1980.481041666667
288,807.3260805162536,1976.2227083333337
289,809.9921531905816,1980.5393750000003
290,812.6552984182088,1974.5727083333331
291,815.3172548048767,1964.3560416666674
292,817.9788905003605,1938.3852083333331
293,820.6393381718575,1977.0477083333335
294,823.2968654545798,1955.4643750000005
295,825.953207848906,1930.9310416666672
296,828.6092319547788,1931.9852083333335
297,831.2623411407403,1881.9643750000005
298,833.9142685842397,1808.5852083333339
299,836.5650150746521,1779.3352083333339
300,839.214581400652,1769.6393750000007
301,841.8621044684179,1757.6102083333335
302,844.5084497156973,1719.6352083333331
303,847.1536179282938,1736.9810416666674
304,849.7967471614515,1736.3477083333337
305,852.4387016963278,1705.4310416666672
306,855.0786203523927,1691.2977083333335
307,857.7182282217098,1715.9352083333333
308,860.3549413428963,1680.6685416666674
309,862.9904844220963,1727.7768750000005
310,865.6265791063319,1727.8227083333331
311,868.2589236210457,1730.0727083333331
312,870.8901011907012,1740.5602083333333
313,873.5201125911036,1782.9602083333339
314,876.1489585973727,1758.9143750000003
315,878.7757814546823,1775.6268750000004
316,881.401441226342,1779.1435416666668
317,884.0267964539792,1764.1643750000003
318,886.6492746012391,1829.3227083333331
319,889.2705927365037,1887.3352083333339
320,891.889894997582,1930.8143750000008
321,894.5080395422766,2039.8268750000007
322,897.1250271379771,2195.960208333334
323,899.7400030545731,2442.7185416666666
324,902.3555345485436,3124.2102083333334
325,904.9673464118688,5254.226875
326,907.578860262243,7927.639374999999
327,910.1875137688562,9423.047708333334
328,912.7967243978754,9503.376875
329,915.4030777129715,8120.272708333334
330,918.008282448971,5596.397708333334
331,920.6131918479454,3740.839375
332,923.2152492193081,2622.2643750000007
333,925.8153093048101,2005.3977083333343
334,928.4150767007262,1760.3935416666673
335,931.0137000550731,1630.1060416666674
336,933.6094789049918,1553.7685416666668
337,936.2049669537362,1491.7268750000003
338,938.7993139710164,1449.8435416666666
339,941.3916712212085,1463.6268750000008
340,943.9820405752965,1443.2977083333335
341,946.5721213861391,1392.2268750000003
342,949.1602165457788,1368.6018750000003
343,951.7471759172602,1359.1810416666672
344,954.3321526227504,1367.1185416666672
345,956.915995777856,1312.3310416666668
346,959.4978592456448,1311.568541666667
347,962.0785913955167,1302.818541666667
348,964.6581929708851,1285.5393750000003
349,967.2366647145176,1285.4560416666668
350,969.8123165688366,1275.2518750000008
351,972.3885316148301,1263.4685416666666
352,974.9619297326224,1219.318541666667
353,977.5342024606138,1208.3560416666674
354,980.1053505368706,1203.5435416666674
355,982.6745311457491,1211.0268750000005
356,985.2425893142037,1182.7977083333335
357,987.8095257776441,1206.8602083333335
358,990.3753412708345,1201.7810416666666
359,992.9383523664881,1191.9352083333333
360,995.5010871426232,1170.2060416666668
361,998.0610211902117,1184.2268750000003
362,1000.6215213600577,1161.4227083333335
363,1003.180064343015,1166.2102083333339
364,1005.735811721452,1198.8768750000008
365,1008.291286062632,1182.6518750000005
366,1010.8456474810134,1188.4935416666672
367,1013.3972184038389,1185.5977083333337
368,1015.9493568871053,1211.9560416666668
369,1018.4987077862389,1211.3518750000003
370,1021.0469501244125,1212.8102083333342
371,1023.5932469334166,1307.506041666667
372,1026.1392746818394,1333.9185416666674
373,1028.68419603592,1478.2477083333333
374,1031.2263385170504,1550.6893750000008
375,1033.7673774982072,1515.5227083333339
376,1036.307313697748,1548.5602083333333
377,1038.8461478334082,1445.2768750000005
378,1041.3830454733454,1370.4602083333339
379,1043.918843207229,1278.610208333334
380,1046.4527073250108,1313.0643750000008
381,1048.984639625617,1304.9810416666674
382,1051.5163093112349,1370.4643750000005
383,1054.047716010783,1468.3477083333337
384,1056.5763604113001,1521.0310416666666
385,1059.1022453872818,1492.3227083333331
386,1061.6295351123408,1496.4935416666672
387,1064.15406755211,1337.3893750000007
388,1066.6766771148937,1237.1685416666674
389,1069.1981967679412,1196.131041666667
390,1071.7186272174504,1146.989375
391,1074.2379691690155,1112.3685416666676
392,1076.755393221889,1144.6810416666672
393,1079.272560650206,1116.401875
394,1081.7869829144095,1080.2768749999996
395,1084.2994918955026,1130.4227083333335
396,1086.8117467162267,1067.0185416666668
397,1089.3229186874332,1087.3310416666668
398,1091.8321805482885,1064.4810416666674
399,1094.3395340678335,1031.9977083333333
400,1096.8466355091525,1057.2727083333339
401,1099.3518307167656,1050.5435416666674
402,1101.8551214547995,1022.2143750000005
403,1104.3573356661466,1018.506041666667
404,1106.8592998708855,1006.5310416666666
405,1109.3585372853117,1039.5185416666668
406,1111.8567009636618,1000.5435416666674
407,1114.3546163596102,987.3018750000001
408,1116.8498098787786,989.6227083333333
409,1119.3447564973785,1009.5102083333331
410,1121.8361610425645,998.1810416666672
411,1124.3289674661858,1009.4560416666668
412,1126.819058307148,1026.6102083333335
413,1129.3072590118054,997.0768750000002
414,1131.7952159016595,996.5185416666668
415,1134.2812847317573,1035.989375
416,1136.765467243167,996.6602083333337
417,1139.248586407842,988.2518750000008
418,1141.7314637900306,1003.3935416666668
419,1144.2116374268019,1014.6810416666672
420,1146.6907504649155,1010.9102083333337
421,1149.1696234135359,1025.9393750000008
422,1151.6457974652753,1072.1518750000005
423,1154.1209136575835,1060.8727083333333
424,1156.594153889389,1120.443541666667
425,1159.0671567451252,1230.4102083333337
426,1161.5382856927909,1250.2310416666674
427,1164.0075424555425,1264.3977083333339
428,1166.4765635190067,1178.3393750000005
429,1168.9437144436115,1124.8393750000005
430,1171.408996947761,1056.256041666667
431,1173.8740454230053,1055.6518750000005
432,1176.3372275174995,1037.4643750000005
433,1178.7985449449166,1055.3352083333339
434,1181.2596300074379,975.1435416666668
435,1183.7188524362593,1052.7060416666668
436,1186.1753993385187,1012.1977083333336
437,1188.6317162263829,1038.4977083333333
438,1191.0878027271572,1070.568541666667
439,1193.5412177787307,1101.5602083333333
440,1195.9935905564976,1112.439375
441,1198.4449217244953,1097.7477083333333
442,1200.8943994187837,1116.3435416666666
443,1203.3428375194246,1096.2893750000003
444,1205.789424849979,1100.4393750000008
445,1208.234974598328,1133.172708333334
446,1210.6794874243822,1213.1643750000003
447,1213.1229639874857,1204.5602083333333
448,1215.5654049464306,1166.2602083333331
449,1218.0051907210802,1135.3727083333333
450,1220.4439435796855,1126.8143750000008
451,1222.8816641780545,1059.2935416666674
452,1225.318353171446,1053.5852083333343
453,1227.7532024656482,1077.7977083333335
454,1230.1862137406779,1051.4352083333333
455,1232.6198128706674,1075.7727083333339
456,1235.0507675630085,1057.551875
457,1237.4806952829103,1038.8768750000008
458,1239.907982597396,1047.4560416666668
459,1242.335859005302,1063.0560416666672
460,1244.7610976691485,1058.381041666667
461,1247.1861193409281,1029.6560416666666
462,1249.6101179672248,1045.1352083333331
463,1252.0314835133897,1056.0560416666672
464,1254.451828665863,1066.9518750000007
465,1256.8711540695176,1039.568541666667
466,1259.2894603686862,1084.4852083333335
467,1261.7051402369893,1068.5393750000003
468,1264.1206072882194,1084.3102083333333
469,1266.5358611493111,1098.4643750000005
470,1268.9484925359866,1096.2810416666666
471,1271.3593067488612,1104.3685416666672
472,1273.76910773559,1148.4560416666668
473,1276.1786980935606,1131.1685416666674
474,1278.585672584594,1143.506041666667
475,1280.9916364371838,1154.7352083333335
476,1283.3965902877176,1142.2685416666668
477,1285.8005347720432,1197.5727083333331
478,1288.202670248408,1224.739375
479,1290.603798299963,1195.9352083333333
480,1293.0031199541122,1227.1852083333333
481,1295.4014361203854,1255.9727083333337
482,1297.7979484942825,1229.9560416666668
483,1300.1950545164614,1233.2018750000007
484,1302.588761473702,1259.0727083333331
485,1304.9822647374833,1300.193541666667
486,1307.3739687356235,1286.9227083333335
487,1309.764672363619,1353.6852083333333
488,1312.154376248969,1348.4060416666666
489,1314.5422844190539,1357.0227083333339
490,1316.929194765707,1338.3935416666668
491,1319.3143119799881,1425.7143750000005
492,1321.6984332856466,1438.5602083333333
493,1324.0807640363764,1442.7852083333337
494,1326.4628957270668,1454.7185416666666
495,1328.843238771792,1452.4727083333341
496,1331.2217947867287,1500.2227083333337
497,1333.6001532744083,1523.5810416666668
498,1335.9767266354406,1541.426875
499,1338.3515164816333,1558.1518750000005
500,1340.7253173751865,1628.489375
501,1343.0989225559927,1653.6685416666674
502,1345.4691624819095,1681.489375
503,1347.8392085880812,1742.9268749999992
504,1350.2082688677153,1852.0227083333339
505,1352.5763439357713,1961.9518750000007
506,1354.9418524556834,2156.7935416666674
507,1357.3063783070354,2404.439375000001
508,1359.6715027392402,2796.272708333334
509,1362.0332744428533,3241.6893750000004
510,1364.3940659691382,3560.514375000001
511,1366.7546672631227,3651.6352083333327
512,1369.1127109294603,3525.0518749999997
513,1371.4697769016548,3219.4852083333335
514,1373.8266541411804,2879.956041666667
515,1376.1809781948443,2601.4102083333337
516,1378.5343270297335,2373.9060416666666
517,1380.887488625941,2262.614375
518,1383.2381014659552,2176.7810416666666
519,1385.5877415547866,2127.431041666667
520,1387.9356230988735,2112.397708333334
521,1390.2841058932147,2083.9977083333333
522,1392.629259854741,2069.010208333333
523,1394.9742301983156,2097.5268750000005
524,1397.3174463552004,2077.447708333333
525,1399.660479446045,2130.9143750000003
526,1402.0009757495511,2136.347708333334
527,1404.3397219337714,2098.831041666667
528,1406.679070974446,2073.0352083333337
529,1409.015887612105,2085.493541666667
530,1411.351740694853,2073.0393750000003
531,1413.6866308185267,2093.689375000001
532,1416.0197760677709,2076.335208333334
533,1418.35196019289,1992.9977083333333
534,1420.6824019212766,2056.6727083333335
535,1423.0126659008947,2080.081041666667
536,1425.3411893131893,2091.8560416666674
537,1427.667973714704,2124.693541666667
538,1429.9945818209708,2146.5143750000007
539,1432.318672480819,2132.818541666667
540,1434.6425880252157,2189.206041666667
541,1436.9639892259745,2183.1602083333337
542,1439.2859957862674,2155.426875
543,1441.6047114814605,2156.0602083333333
544,1443.9232544115312,2139.2310416666674
545,1446.240845864226,2064.431041666667
546,1448.5567084051524,2016.5852083333339
547,1450.8708435764338,1932.7727083333339
548,1453.184807683062,1886.3143750000008
549,1455.497046224754,1875.4352083333333
550,1457.8083374850673,1817.7643750000007
551,1460.1179056185897,1753.4227083333335
552,1462.4265282700144,1690.2435416666672
553,1464.734206019806,1650.7810416666666
554,1467.0401639733043,1620.7518750000008
555,1469.3436285036719,1569.1185416666672
556,1471.648476294783,1528.6102083333335
557,1473.9508324525793,1551.6643750000003
558,1476.2514736616265,1510.9685416666666
559,1478.55194923011,1465.9560416666668
560,1480.8507116342894,1458.7268750000003
561,1483.1477623969392,1422.2893750000003
562,1485.4438759834406,1438.2143750000005
563,1487.7390529672195,1407.4560416666668
564,1490.032521606992,1402.3935416666668
565,1492.3258274185912,1378.9060416666666
566,1494.617426659945,1390.2310416666674
567,1496.9073208457532,1384.4810416666674
568,1499.1955114887794,1153.8435416666666
569,1501.4827708427101,1355.0768750000007
570,1503.7698699051386,1324.8518750000003
571,1506.0552680723179,1354.3268750000007
572,1508.3389668519696,1336.1268750000008
573,1510.6225067292403,1302.1268750000008
574,1512.903579801272,1289.8852083333336
575,1515.1837262380227,1280.8518750000003
576,1517.4629466040146,1269.8977083333339
577,1519.7412414633127,1263.5102083333331
578,1522.0178434510929,1282.3310416666668
579,1524.2927540651958,1213.9727083333337
580,1526.5682767186565,1235.9935416666672
581,1528.8405751333053,1215.0727083333331
582,1531.1119527198114,1209.9310416666672
583,1533.3831764109293,1193.4310416666672
584,1535.653479771775,1216.3518750000003
585,1537.9213318569384,1211.8227083333331
586,1540.1882659700668,1181.7560416666665
587,1542.454282668405,1195.3852083333336
588,1544.7186176854627,1216.6518750000005
589,1546.9820370194939,1156.9893750000006
590,1549.2445412258314,1174.3227083333336
591,1551.5053669631798,1202.6060416666674
592,1553.7652792994438,1178.1477083333334
593,1556.0235155087598,1159.0352083333337
594,1558.2816030108968,1165.2268750000003
595,1560.5380161075582,1196.9685416666666
596,1562.7927562740572,1265.5185416666668
597,1565.0473490800296,1237.1268750000008
598,1567.299508931409,1242.6810416666672
599,1569.550761088168,1247.4018750000005
600,1571.8018672259618,1282.2727083333339
601,1574.050544511929,1305.4352083333333
602,1576.2975558465782,1405.0602083333333
603,1578.5444231111983,1549.3518750000003
604,1580.7903860315885,1673.9185416666674
605,1583.0346855571577,1691.7310416666674
606,1585.2773231497633,1589.7143750000005
607,1587.5198182413344,1438.7768750000005
608,1589.760653098501,1264.3352083333339
609,1591.9998291792917,1132.5852083333339
610,1594.2381060115424,1073.4227083333335
611,1596.4762419040592,1046.068541666667
612,1598.7112066332265,1016.1143750000006
613,1600.9467892716768,980.7810416666666
614,1603.1799611141394,947.6185416666672
615,1605.4122376255682,909.7227083333337
616,1607.6436193442958,970.4310416666672
617,1609.873350862231,964.9227083333335
618,1612.1029449116838,910.4352083333333
619,1614.3301350994652,952.0102083333336
620,1616.5564338529678,921.2977083333335
621,1618.7825964435165,882.5185416666668
622,1621.0063591970566,934.7810416666671
623,1623.2292327238813,924.3477083333337
624,1625.4512175572513,899.2852083333337
625,1627.6730677599032,935.6143750000001
626,1629.8917700456498,900.3518750000003
627,1632.1095864386525,922.7810416666666
628,1634.3272700970203,891.8893750000007
629,1636.543315995183,908.8352083333339
630,1638.757725563858,873.8143750000004
631,1640.9712519592479,871.3143750000008
632,1643.1846471370643,904.3060416666672
633,1645.3949062147228,904.318541666667
634,1647.6050357286647,879.5977083333337
635,1649.8150353075596,900.4352083333333
636,1652.0226538884017,921.4935416666672
637,1654.2293936536882,907.1018750000003
638,1656.433755860365,933.3685416666672
639,1658.6387401646318,934.8643750000006
640,1660.8420981880593,939.6727083333335
641,1663.043831347487,1032.6560416666666
642,1665.245437942886,1042.676875
643,1667.444673168544,1101.0352083333337
644,1669.6430350248065,1155.5810416666668
645,1671.839776480645,1158.4185416666674
646,1674.0371407093237,1107.6435416666668
647,1676.231391660734,1119.6435416666668
648,1678.4247725059502,1118.3393750000005
649,1680.618776494006,1132.906041666667
650,1682.8104180871246,1134.0018750000004
651,1685.000445351215,1106.443541666667
652,1687.1896051676117,1070.7768750000005
653,1689.3778980515885,1073.5018750000004
654,1691.5645796292015,1049.2143750000005
655,1693.7503958933055,1050.7143750000005
656,1695.9353473574374,987.9935416666672
657,1698.1186905294871,966.7227083333337
658,1700.3011705157312,929.276875
659,1702.482044410687,942.5560416666672
660,1704.662799854055,906.7768750000005
661,1706.8412079854625,880.1810416666672
662,1709.0187561488963,874.1477083333334
663,1711.196187097351,838.8143750000004
664,1713.3712746079727,840.3477083333337
665,1715.5455042622843,813.6393750000007
666,1717.7188765676908,838.693541666667
667,1719.8913920312016,814.3602083333335
668,1722.0623103776884,794.3268750000007
669,1724.2316329887778,791.1393750000007
670,1726.400101442966,810.8060416666672
671,1728.5677162446298,777.256041666667
672,1730.7337382817082,779.4935416666672
673,1732.8996475808926,789.2310416666669
674,1735.0632266694843,765.3310416666668
675,1737.2266940251332,771.9685416666666
676,1739.388572371105,760.5893750000005
677,1741.5496012427536,756.4143750000003
678,1743.7090432671623,759.4685416666671
679,1745.8668998136025,764.2352083333335
680,1748.0239095442068,742.1060416666669
681,1750.1800729573572,776.3393750000005
682,1752.33612726718,761.381041666667
683,1754.4898628228623,756.2060416666668
684,1756.642017992768,753.2268750000003
685,1758.79406583904,739.8727083333333
686,1760.944534868283,742.9935416666672
687,1763.09342644014,759.9852083333335
688,1765.2422118852319,745.6393750000002
689,1767.3894214371273,693.8893750000007
690,1769.5365252743886,717.631041666667
691,1771.680586532549,723.9727083333337
692,1773.8238097986377,728.9393750000004
693,1775.9669291142022,724.2060416666668
694,1778.1077443189777,732.5810416666668
695,1780.249189531852,710.0268750000005
696,1782.3876000690555,700.2435416666672
697,1784.5266410210204,747.6518750000005
698,1786.663382683214,715.5102083333336
699,1788.799290925959,716.2268750000003
700,1790.934366236762,701.3852083333336
701,1793.068609102751,711.5393750000003
702,1795.2005580535997,730.1768750000006
703,1797.3316766718099,722.9227083333335
704,1799.4634262611178,715.3643750000006
705,1801.5921549749944,699.1018750000003
706,1803.7200553786513,707.6977083333336
707,1805.847127955445,701.3018750000006
708,1807.9733731883662,698.5977083333337
709,1810.0973335803424,701.2352083333335
710,1812.2211974332115,681.5768750000007
711,1814.3449643784033,709.9727083333337
712,1816.4664496266178,721.0393750000003
713,1818.5856553552858,708.3518750000003
714,1820.7047664653007,727.2185416666671
715,1822.8237825881681,693.4268750000006
716,1824.940522322895,707.5852083333339
717,1827.0564412979597,690.2893750000003
718,1829.1722664381039,682.9060416666671
719,1831.2858188778434,695.2143750000005
720,1833.3978266667261,669.9185416666669
721,1835.5090167273127,661.0602083333333
722,1837.6208401800466,680.6768750000006
723,1839.7296706046743,623.7477083333333
724,1841.8376852856595,638.4768749999998
725,1843.9456091775912,661.1893750000004
726,1846.0512693092542,658.9018750000005
727,1848.1561156758332,655.7435416666672
728,1850.2594251071673,660.7102083333334
729,1852.3633689999517,622.2310416666669
730,1854.4643307337765,653.4810416666669
731,1856.5652045073457,636.5810416666668
732,1858.665267428087,637.8685416666672
733,1860.7630754727245,591.610208333334
734,1862.8607966849004,621.6477083333339
735,1864.9562656284854,632.0602083333333
736,1867.0516486745573,624.1393750000007
737,1869.1455031884284,633.0977083333337
738,1871.238551325845,608.568541666667
739,1873.3315141310106,619.6560416666666
740,1875.4222303338945,612.381041666667
741,1877.5107020627015,587.5477083333335
742,1879.5990906846928,589.4643750000005
743,1881.6873958326275,603.3560416666669
744,1883.7741787517411,573.6560416666666
745,1885.8587218165178,611.1227083333333
746,1887.943901712581,596.1602083333337
747,1890.0268437823806,586.881041666667
748,1892.1089863219772,581.0393749999998
749,1894.1896119771302,578.6268750000004
750,1896.2701571121374,582.1893750000004
751,1898.349186832543,610.4810416666669
752,1900.4274194115637,580.7060416666668
753,1902.5041385933448,565.7893750000003
754,1904.5793456596302,571.4310416666672
755,1906.6537580561126,592.6560416666671
756,1908.7266603478063,528.4768750000003
757,1910.799485047457,544.6518750000005
758,1912.8715164452187,535.6977083333331
759,1914.9413248565304,552.068541666667
760,1917.0110567666713,579.4352083333333
761,1919.078568239402,570.9268750000006
762,1921.14600411799,549.0518750000006
763,1923.2112221034392,559.3227083333336
764,1925.277079104547,546.9185416666669
765,1927.3407202073547,546.5852083333339
766,1929.4035738182395,557.7852083333337
767,1931.4649274994495,525.2435416666672
768,1933.5254951334773,538.6477083333334
769,1935.585277169844,530.6268750000008
770,1937.643561984194,552.5602083333333
771,1939.7010626415147,536.0518750000006
772,1941.757779589837,547.4768750000003
773,1943.8137132768495,541.5935416666671
774,1945.8674421707453,537.3060416666672
775,1947.920389779869,510.61854166666717
776,1949.9725565499666,499.5102083333336
777,1952.0239429264368,532.8518750000003
778,1954.0738394455072,534.3727083333333
779,1956.122957000317,487.8393750000005
780,1958.171296034799,512.2352083333335
781,1960.218147892365,485.6602083333337
782,1962.2635138238334,516.1602083333337
783,1964.3081036407102,506.6727083333335
784,1966.351209491215,503.0185416666668
785,1968.3949566970111,474.51437500000065
786,1970.4358053059998,516.5852083333334
787,1972.4772956144468,508.2518750000004
788,1974.5158903526562,470.7727083333334
789,1976.5551271330337,500.7352083333335
790,1978.5921780490723,498.6727083333335
791,1980.6284579790236,476.9852083333335
792,1982.6639673605102,491.3602083333335
793,1984.6980007479283,487.5643750000004
794,1986.7312649950175,497.55187500000056
795,1988.7637605379505,449.17687499999965
796,1990.7940776469723,491.30604166666717
797,1992.8236279885937,486.1435416666668
798,1994.8538210979857,480.11854166666717
799,1996.8811343909813,495.2227083333337
800,1998.9083867689908,450.11437500000056
801,2000.9341703618416,500.1727083333335
802,2002.9584863987373,473.49354166666717
803,2004.9820393300624,474.2810416666671
804,2007.005532544807,443.63937500000065
805,2009.027560294055,466.9227083333335
806,2011.048123803183,463.22687499999984
807,2013.0665221323811,437.1143750000001
808,2015.085564894552,454.7893750000003
809,2017.1031460275283,465.7185416666671
810,2019.1199681235807,468.4102083333337
811,2021.1346293956003,465.8435416666671
812,2023.1499352295325,456.3310416666668
813,2025.1630821485796,444.43104166666717
814,2027.1747724768,452.88520833333314
815,2029.1871075934034,463.5185416666668
816,2031.1972871791857,453.3935416666668
817,2033.2060127651696,452.443541666667
818,2035.2139848301993,450.36854166666717
819,2037.221902802867,452.3352083333334
820,2039.226971350058,454.0435416666669
821,2041.2319871755637,416.41020833333414
822,2043.236949916345,444.1560416666671
823,2045.239765337244,435.4810416666669
824,2047.2418308212702,425.0727083333336
825,2049.2424493543913,431.1352083333336
826,2051.2430164887787,427.3102083333333
827,2053.241441121812,435.381041666667
828,2055.2391185430342,443.6560416666671
829,2057.236745563922,464.7685416666668
830,2059.2322334257187,426.5435416666669
831,2061.2269758520356,433.70187500000065
832,2063.2209732604924,440.5977083333337
833,2065.214226068398,422.52270833333387
834,2067.2060395996587,411.56437500000084
835,2069.1957202150857,475.13937500000065
836,2071.186742759255,399.0185416666668
837,2073.174939421446,405.9727083333337
838,2075.1617010605014,379.9393750000004
839,2077.1491102618625,404.4602083333334
840,2079.1350852680584,399.9852083333335
841,2081.1196272679517,432.4685416666671
842,2083.103430472746,427.0935416666671
843,2085.0858025290545,421.33520833333387
844,2087.0674371303767,431.5477083333335
845,2089.047642437425,430.5643750000004
846,2091.0264196332587,426.7477083333333
847,2093.005845108754,401.7477083333333
848,2094.983151814207,380.3727083333333
849,2096.9604153683745,390.1435416666668
850,2098.935562512775,408.8477083333337
851,2100.9099766142353,409.5602083333333
852,2102.883658080762,411.2310416666669
853,2104.8559171229335,405.3310416666668
854,2106.8274448571747,418.2977083333335
855,2108.7975520045943,424.01437500000065
856,2110.7676185983037,397.7727083333334
857,2112.735576753847,418.2518750000004
858,2114.702806247171,405.006041666667
859,2116.6693074828977,412.45187500000065
860,2118.6343924556404,388.9018750000005
861,2120.5994386435636,439.6352083333336
862,2122.5630698853274,436.2893750000003
863,2124.5252873474274,401.3393750000005
864,2126.4867795871214,430.49354166666717
865,2128.447547006388,413.61854166666717
866,2130.4069031225663,418.381041666667
867,2132.364162466974,422.0810416666668
868,2134.3220724707035,410.61437500000056
869,2136.2785736409714,402.568541666667
870,2138.2350388794366,383.0852083333334
871,2140.188725353984,404.30604166666717
872,2142.1423772007224,419.5352083333337
873,2144.0939387208973,408.6643750000003
874,2146.045466408842,385.6477083333334
875,2147.996275296343,400.4768750000003
876,2149.9456814240034,410.55604166666717
877,2151.8943700488558,415.7102083333334
878,2153.8416577139974,412.92687500000056
879,2155.7882291712344,403.2810416666671
880,2157.7334014654293,387.99354166666717
881,2159.677858843891,395.6227083333333
882,2161.6216017006795,404.2185416666671
883,2163.563265234873,405.55604166666717
884,2165.5055807307713,393.5643750000004
885,2167.4458186927113,439.4143750000003
886,2169.384662861363,414.96020833333387
887,2171.324159166805,402.76437500000065
888,2173.261581116272,411.693541666667
889,2175.1982927926656,422.756041666667
890,2177.133613739824,409.2810416666666
891,2179.068225693548,404.6560416666671
892,2181.001448695267,415.3393750000005
893,2182.934644079557,400.3768750000004
894,2184.865092087539,420.8102083333333
895,2186.796872955402,477.52270833333387
896,2188.7259087155453,443.7352083333335
897,2190.65491840994,467.3518750000003
898,2192.5832228241165,463.61854166666717
899,2194.509465128281,505.86437500000056
900,2196.4350039170317,521.7602083333336
901,2198.359839575715,512.4018750000005
902,2200.283972489392,452.61020833333396
903,2202.206725424934,446.4893750000001
904,2204.128099508426,452.9477083333336
905,2206.0494501123408,449.23937500000056
906,2207.9687462483184,445.2685416666668
907,2209.8880196706987,444.2310416666669
908,2211.8052408705116,461.76437500000065
909,2213.7224401207795,501.07687500000065
910,2215.6382652813036,487.3393750000005
911,2217.554068762353,550.756041666667
912,2219.4684994078398,542.7435416666672
913,2221.380883181757,553.9060416666671
914,2223.2925717540124,590.7352083333335
915,2225.2035655036293,685.6643750000003
916,2227.113864809343,761.0227083333339
917,2229.023470049626,932.1268750000008
918,2230.93103374597,1119.9352083333333
919,2232.8392524791766,1502.5768750000007
920,2234.7454314021097,2064.272708333334
921,2236.6502455530513,2894.1227083333333
922,2238.5543689915426,4003.926874999999
923,2240.4584748001516,5503.335208333334
924,2242.3605452334054,6697.1727083333335
925,2244.2625987872075,6694.164375
926,2246.163291153471,6382.856041666667
927,2248.061951703958,5196.597708333335
928,2249.960596740273,3649.381041666667
929,2251.8578834128084,2215.1268750000004
930,2253.7544838268936,1479.943541666667
931,2255.6503983547937,1100.1435416666668
932,2257.545627368507,921.9268750000006
933,2259.43950096321,805.2268750000003
934,2261.3320202368413,744.7435416666672
935,2263.22385607865,661.3352083333334
936,2265.1136697570655,670.881041666667
937,2267.00414032874,598.006041666667
938,2268.893259510191,614.818541666667
939,2270.7816972212604,612.2602083333336
940,2272.6687852453247,643.6727083333335
941,2274.5545246737615,702.881041666667
942,2276.4395847003534,732.9643750000005
943,2278.3232978291308,805.1977083333336
944,2280.207000393581,882.4268750000001
945,2282.0893572743034,971.9393750000004
946,2283.971036700287,1002.4518750000002
947,2285.8513721350478,983.5977083333337
948,2287.7303646634455,906.4393750000004
949,2289.6086817919245,805.2602083333336
950,2291.48632388458,684.9852083333335
951,2293.3632913052375,607.2477083333333
952,2295.2382530077316,557.9977083333333
953,2297.1138726530257,506.18937500000084
954,2298.986823034918,458.0102083333336
955,2300.8597666180385,432.6018750000003
956,2302.7313735482526,440.8935416666668
957,2304.6029739254423,405.5352083333337
958,2306.472574575462,419.80604166666717
959,2308.342169393899,399.881041666667
960,2310.2097666342524,385.1018750000003
961,2312.0766952026797,375.5393750000003
962,2313.942955458233,388.7102083333343
963,2315.8078846745443,367.4643750000005
964,2317.672809617737,364.631041666667
965,2319.535742101755,370.1435416666668
966,2321.398008654099,347.256041666667
967,2323.2602717691625,374.2602083333336
968,2325.120545391538,384.1977083333336
969,2326.9801546254544,351.4560416666668
970,2328.8384383985076,336.3602083333335
971,2330.6967201589523,326.1435416666668
972,2332.5530166850845,313.0310416666671
973,2334.4086511876862,351.2602083333336
974,2336.2642845058926,328.4727083333337
975,2338.1185957880093,312.8310416666668
976,2339.970926079607,327.0810416666668
977,2341.822596703099,322.9227083333335
978,2343.674267555236,334.8310416666668
979,2345.5246196644694,285.1018750000003
980,2347.3743131619526,300.5227083333334
981,2349.2226895587974,318.9477083333336
982,2351.0704085155153,292.6268750000004
983,2352.91615363865,310.20187500000065
984,2354.7612429587534,319.91437499999984
985,2356.606334729711,322.93104166666717
986,2358.4501132582022,317.5935416666671
987,2360.292579594143,312.3852083333336
988,2362.1350491941603,320.30187500000056
989,2363.9762077652736,285.7227083333337
990,2365.815399617171,306.73937500000056
991,2367.6545960092863,291.0935416666671
992,2369.493140317858,298.86854166666717
993,2371.3310328896205,300.0977083333337
994,2373.1669624567503,323.1518750000005
995,2375.0022419089487,284.6268750000004
996,2376.8368715914644,301.0977083333337
997,2378.67019673828,291.9185416666669
998,2380.5028732687783,306.4810416666669
999,2382.334901527114,306.1352083333336
1000,2384.164973024659,294.6852083333333
1001,2385.995052047911,312.5393750000003
1002,2387.82448429219,312.4602083333334
1003,2389.652616377456,315.96020833333387
1004,2391.4794493388317,296.7602083333336
1005,2393.305637471742,296.7893750000003
1006,2395.1311811175387,314.2518750000004
1007,2396.9554278167425,304.1227083333333
1008,2398.779031171294,308.3435416666671
1009,2400.601991521462,298.0560416666676
1010,2402.423657096829,297.8477083333337
1011,2404.243377045574,317.43104166666717
1012,2406.063759689406,305.79770833333396
1013,2407.882849724335,308.9352083333333
1014,2409.6999969843205,288.0643750000004
1015,2411.517807036311,280.0435416666669
1016,2413.333675905249,308.74354166666717
1017,2415.14890631328,320.6102083333335
1018,2416.962848319844,286.3102083333333
1019,2418.7761529955883,294.6018750000003
1020,2420.5894704967745,274.4060416666666
1021,2422.4008516977046,295.0477083333335
1022,2424.2122463950323,284.8935416666668
1023,2426.0217068309134,300.2685416666668
1024,2427.8298836151653,270.61854166666717
1025,2429.637426445486,277.193541666667
1026,2431.4449841090545,243.0727083333336
1027,2433.2519080305606,289.5227083333334
1028,2435.0562545451044,292.2602083333336
1029,2436.861264890778,279.006041666667
1030,2438.664995401262,250.96437500000047
1031,2440.4667997697006,277.98937500000056
1032,2442.268620964471,254.70187500000065
1033,2444.069164904534,267.66437499999984
1034,2445.8690792394023,273.9102083333337
1035,2447.6677178850787,282.9560416666668
1036,2449.4670204140334,279.568541666667
1037,2451.263110025961,261.9810416666669
1038,2453.0592184426123,290.1852083333333
1039,2454.8546998042993,267.38937500000065
1040,2456.6495544393406,263.95187500000065
1041,2458.4431376146,237.67687500000056
1042,2460.2360951692103,240.96437500000047
1043,2462.027782818997,244.2727083333334
1044,2463.8182015650145,223.74354166666717
1045,2465.607996569618,279.9810416666669
1046,2467.3971681586963,269.80604166666717
1047,2469.1857166579093,250.02687500000047
1048,2470.972998902931,227.78104166666662
1049,2472.7590158907287,260.98937500000056
1050,2474.5450547015926,273.7185416666671
1051,2476.329829351567,273.86854166666717
1052,2478.112698240118,268.6518750000005
1053,2479.8955901462873,270.131041666667
1054,2481.6785047232265,261.381041666667
1055,2483.4588739218607,267.79354166666735
1056,2485.239266882462,265.6560416666671
1057,2487.019041778327,270.7477083333333
1058,2488.796275158288,261.4393750000004
1059,2490.5741745220694,223.89770833333387
1060,2492.3508164171226,248.02270833333432
1061,2494.126842421604,241.6060416666669
1062,2495.900972117632,231.47270833333369
1063,2497.6751275978722,239.82687500000065
1064,2499.4486685907236,249.82687500000065
1065,2501.220955711315,253.881041666667
1066,2502.9919899427855,259.70187500000065
1067,2504.762411528758,238.21020833333432
1068,2506.531581746511,264.3602083333335
1069,2508.300140396079,243.7602083333336
1070,2510.067449195527,232.3352083333334
1071,2511.8354242586497,203.46854166666662
1072,2513.600873789458,240.9602083333334
1073,2515.3657139003803,224.93937500000038
1074,2517.1299449069124,214.37270833333332
1075,2518.893567124336,227.6977083333336
1076,2520.65594359015,213.7727083333334
1077,2522.417712336304,256.8352083333343
1078,2524.178873677084,229.6018750000003
1079,2525.9381546889244,240.27687500000047
1080,2527.6974662001853,233.15604166666708
1081,2529.454899324957,235.02687500000047
1082,2531.2129995363402,227.32687500000065
1083,2532.9685871200804,230.318541666667
1084,2534.7242064531288,229.80187500000056
1085,2536.4792218857515,236.90604166666708
1086,2538.232998642498,225.2893750000003
1087,2539.985537689555,207.4602083333334
1088,2541.7368399919787,236.96854166666708
1089,2543.4888098122974,214.2935416666669
1090,2545.238909293303,241.09770833333369
1091,2546.987774048599,217.8935416666668
1092,2548.737306379387,228.6018750000003
1093,2550.4849710404533,244.90187500000002
1094,2552.2314029897334,221.943541666667
1095,2553.9766031867266,214.65604166666708
1096,2555.7224713235205,215.76437500000065
1097,2557.4664756289726,219.1727083333335
1098,2559.2098826662195,216.7352083333335
1099,2560.952692742028,216.8227083333336
1100,2562.6936420733937,222.40604166666708
1101,2564.4339959212184,207.4477083333336
1102,2566.1737545909696,201.40604166666708
1103,2567.912918387909,204.74354166666717
1104,2569.6508564362093,190.92687500000056
1105,2571.388831618211,211.61437500000056
1106,2573.1249513425064,217.65187500000047
1107,2574.8604782745547,217.881041666667
1108,2576.5947823987253,197.84770833333369
1109,2578.328494767738,185.11854166666717
1110,2580.0616156844035,202.8560416666669
1111,2581.793515776887,211.93104166666717
1112,2583.525454911203,203.93104166666717
1113,2585.255545009802,194.6435416666668
1114,2586.9850457228317,177.8518750000003
1115,2588.712699717805,227.3310416666668
1116,2590.4410229911205,207.6102083333335
1117,2592.168129392628,222.47270833333414
1118,2593.893391689224,136.65604166666617
1119,2595.619951269979,196.7893750000003
1120,2597.3440400248724,190.26437500000065
1121,2599.0669152433225,185.818541666667
1122,2600.789832506445,201.3518750000003
1123,2602.5109101481653,183.97270833333369
1124,2604.232657326148,214.9602083333334
1125,2605.9525663304853,175.48937500000056
1126,2607.671891675088,188.15604166666708
1127,2609.390007399532,184.5102083333336
1128,2611.1075404829317,189.24354166666717
1129,2612.8244912216096,184.98104166666735
1130,2614.540234290887,192.46854166666708
1131,2616.2553960314767,171.30187500000056
1132,2617.96872634454,205.02687500000047
1133,2619.68272673723,189.90187500000047
1134,2621.3955219127556,187.48937500000056
1135,2623.1064882376836,178.48937500000056
1136,2624.816875976411,167.68937500000038
1137,2626.5266854223714,173.15187500000047
1138,2628.2365407981324,191.50187500000038
1139,2629.944570608741,183.97270833333414
1140,2631.651399919385,175.8602083333335
1141,2633.3582762486835,166.23937499999965
1142,2635.0639530833223,197.0185416666668
1143,2636.7678084693225,187.14770833333432
1144,2638.472957291942,195.43104166666717
1145,2640.1756632120205,158.70187500000065
1146,2641.877172903152,195.6352083333336
1147,2643.5793533960828,198.2893750000003
1148,2645.2797164126905,173.37687500000038
1149,2646.9795067360856,157.3518750000003
1150,2648.6781032466547,182.881041666667
1151,2650.3767492604807,186.8602083333335
1152,2652.0735814668433,178.16020833333369
1153,2653.769842971519,190.6435416666668
1154,2655.4661546355424,151.15604166666662
1155,2657.160655027105,180.41020833333369
1156,2658.8539658409413,162.43104166666717
1157,2660.547327884683,174.83937500000047
1158,2662.2401210805047,175.6643750000003
1159,2663.93048712024,198.62270833333378
1160,2665.6215247801883,175.9477083333336
1161,2667.3113757509354,186.74354166666717
1162,2669.000040941194,182.2102083333334
1163,2670.6881399595472,182.9477083333336
1164,2672.3750545971448,173.93104166666717
1165,2674.06140404651,179.40604166666662
1166,2675.747188591643,165.4518750000002
1167,2677.431790644026,170.21854166666708
1168,2679.115828773304,180.58937500000047
1169,2680.798685803726,201.42687500000056
1170,2682.480979890223,181.4602083333334
1171,2684.1620942692375,161.78520833333369
1172,2685.842646681564,184.67687500000056
1173,2687.522020775278,190.318541666667
1174,2689.2008338776,200.95187500000065
1175,2690.8797024914,164.63937500000065
1176,2692.55677823207,157.131041666667
1177,2694.2332942352773,181.1102083333335
1178,2695.9086351761257,171.1977083333336
1179,2697.5834173503627,176.7935416666669
1180,2699.2576410374822,164.63937500000065
1181,2700.9306915272446,189.568541666667
1182,2702.6031844982363,188.74354166666717
1183,2704.2745056491995,159.09770833333369
1184,2705.944655872494,172.9477083333336
1185,2707.614250230398,206.09354166666708
1186,2709.2839029668835,151.14770833333387
1187,2710.951158697379,206.72270833333369
1188,2712.619700885471,202.8227083333336
1189,2714.285847846285,225.8310416666668
1190,2715.9514411426794,217.80187500000056
1191,2717.6158681038232,240.27687500000047
1192,2719.279742359351,243.37687500000038
1193,2720.9436767243337,279.8477083333337
1194,2722.6052215178347,280.66854166666735
1195,2724.2680516439013,285.0435416666669
1196,2725.927882036808,274.7602083333336
1197,2727.5883857711,278.8143750000004
1198,2729.2471158046374,279.006041666667
1199,2730.9052962713613,250.0102083333336
1200,2732.563538564007,259.8768750000004
1201,2734.2200095964963,230.90604166666662
1202,2735.875932285464,199.1477083333334
1203,2737.530696390138,206.46437500000047
1204,2739.184913099534,200.45187500000065
1205,2740.838582685225,174.54354166666735
1206,2742.4904856034027,180.9227083333335
1207,2744.1430621589634,164.45187500000065
1208,2745.793873395123,164.61854166666717
1209,2747.4447487006532,185.1685416666669
1210,2749.093860435687,173.22270833333369
1211,2750.741818977787,192.2102083333334
1212,2752.3898425996467,171.43937500000038
1213,2754.036713968802,138.40604166666708
1214,2755.6824339562604,162.4810416666669
1215,2757.328219629039,182.256041666667
1216,2758.973462755965,154.9185416666669
1217,2760.6169482098608,158.61020833333396
1218,2762.2592849571884,168.74770833333332
1219,2763.9010811628855,166.3227083333336
1220,2765.5429441917354,170.49770833333332
1221,2767.1830530164984,166.07687500000065
1222,2768.8226224988543,171.8977083333334
1223,2770.4616529047985,163.42687500000056
1224,2772.1001445001534,180.8977083333334
1225,2773.7368853491857,167.78104166666708
1226,2775.3730887151173,187.59770833333369
1227,2777.0093605654465,178.006041666667
1228,2778.6444895603086,166.68520833333332
1229,2780.2778712552245,173.11854166666717
1230,2781.9113224259804,167.41020833333369
1231,2783.5442378323373,176.72270833333369
1232,2785.1754083177284,166.38937500000065
1233,2786.806044358394,166.50187500000038
1234,2788.4367505309133,149.93104166666717
1235,2790.0657141558504,157.8602083333335
1236,2791.6941445190696,136.2727083333334
1237,2793.3214381616685,152.193541666667
1238,2794.9488029842737,190.38937500000065
1239,2796.574428678364,160.9893750000001
1240,2798.19952294601,151.67687500000056
1241,2799.824688979279,170.1477083333334
1242,2801.4481182439936,169.37270833333332
1243,2803.0710172572703,153.9727083333346
1244,2804.6927839378955,160.18520833333332
1245,2806.3146234240257,167.0477083333335
1246,2807.934127593693,147.47270833333369
1247,2809.553705479652,161.3518750000003
1248,2811.172755196017,174.4810416666669
1249,2812.7906756417533,150.06020833333332
1250,2814.4086699897716,161.93104166666717
1251,2816.0249350075715,171.7727083333334
1252,2817.640673671042,194.74770833333332
1253,2819.255285660953,156.2310416666669
1254,2820.869972582341,193.13937500000065
1255,2822.4829335490213,184.45187500000065
1256,2824.0959699599275,196.43520833333332
1257,2825.7078818950713,210.756041666667
1258,2827.3186701953455,206.06437500000038
1259,2828.928935106271,202.5810416666668
1260,2830.538077672035,185.0810416666668
1261,2832.14669774756,237.43520833333332
1262,2833.7535979433405,214.8602083333335
1263,2835.3611741902614,246.693541666667
1264,2836.9682287095775,245.5852083333334
1265,2838.5735652765807,246.2727083333334
1266,2840.1783813997117,220.2893750000003
1267,2841.782079480357,253.9602083333334
1268,2843.3846603524084,228.93520833333378
1269,2844.987319778013,230.17687500000056
1270,2846.5894601577106,214.09354166666708
1271,2848.189887588155,196.09770833333369
1272,2849.790394134253,221.76437500000065
1273,2851.3891893933837,246.9602083333334
1274,2852.987467771783,222.256041666667
1275,2854.5846332141286,236.3518750000003
1276,2856.1812826621476,241.193541666667
1277,2857.778012286623,255.5477083333335
1278,2859.373630303421,248.0477083333335
1279,2860.9675420035255,254.37687500000038
1280,2862.5615348211563,228.31437500000038
1281,2864.1538229733414,228.68104166666717
1282,2865.7461927405084,276.0602083333333
1283,2867.337454259011,278.3477083333337
1284,2868.929392081802,271.8977083333334
1285,2870.5184389977708,276.0810416666668
1286,2872.107568520107,261.2268750000003
1287,2873.69618631964,283.0643750000004
1288,2875.2831050213204,243.31437500000038
1289,2876.8695132585763,274.0018750000004
1290,2878.4554112776664,256.2727083333334
1291,2880.0413925631124,251.09770833333369
1292,2881.625677645613,279.5602083333333
1293,2883.209453629061,273.7227083333337
1294,2884.7921280920677,259.131041666667
1295,2886.3737018507313,258.64354166666726
1296,2887.955360293059,306.6268750000004
1297,2889.536510996837,281.4393750000004
1298,2891.1165623002853,260.95187500000065
1299,2892.6955150172903,279.2352083333335
1300,2894.2733699608175,271.2060416666668
1301,2895.850719280258,286.8602083333335
1302,2897.426972070722,270.4185416666669
1303,2899.0027201015923,272.99354166666717
1304,2900.5779636152884,259.1352083333336
1305,2902.1532934343722,272.6852083333333
1306,2903.726938060045,290.7518750000004
1307,2905.299489070225,278.9977083333333
1308,2906.8715372864003,310.3477083333337
1309,2908.4424931243807,276.6852083333338
1310,2910.0129470273523,330.1518750000005
1311,2911.5834886843318,332.318541666667
1312,2913.1529392504303,339.04354166666735
1313,2914.720710458505,352.318541666667
1314,2916.2879814448534,399.70187500000065
1315,2917.8547524488417,439.5018750000004
1316,2919.4204352010215,494.0602083333338
1317,2920.9856188243834,524.0268750000005
1318,2922.5497154239365,659.9643750000005
1319,2924.1144896390665,783.0185416666668
1320,2925.6770017893728,969.8935416666668
1321,2927.239016513184,1318.293541666667
1322,2928.800534047998,1758.7435416666672
1323,2930.3609674331647,2291.6852083333342
1324,2931.9209044774634,2972.443541666667
1325,2933.4809322422384,3387.9310416666676
1326,2935.0392904904134,3512.8685416666676
1327,2936.5965670289706,3310.018541666667
1328,2938.153348918198,2816.5768750000007
1329,2939.7090503144773,2175.0477083333335
1330,2941.2642579046606,1610.614375
1331,2942.8189719238285,1152.6435416666673
1332,2944.3726070853595,852.4643750000005
1333,2945.926334852879,668.1143750000001
1334,2947.478984603423,557.1268750000004
1335,2949.0299721631504,497.2268750000003
1336,2950.58046843712,435.28520833333414
1337,2952.130473658724,375.0935416666671
1338,2953.6805724704745,376.42687500000056
1339,2955.2284276533246,350.3602083333335
1340,2956.7763772621433,319.8477083333337
1341,2958.323253265422,316.9602083333334
1342,2959.8696401196144,325.0852083333334
1343,2961.4155380566995,320.9227083333335
1344,2962.9597807058917,314.5185416666668
1345,2964.503535638609,317.49354166666717
1346,2966.046220152785,290.9768750000003
1347,2967.5901660275213,305.34770833333414
1348,2969.1318764473504,330.95187500000065
1349,2970.6731004416333,313.1435416666668
1350,2972.212673845256,330.881041666667
1351,2973.7523440319205,345.48937500000056
1352,2975.2921106806066,328.5393750000003
1353,2976.829065233985,325.5102083333336
1354,2978.3666989053495,356.3352083333334
1355,2979.9038482622204,360.8602083333335
1356,2981.4381891405383,397.1685416666669
1357,2982.974371286465,414.631041666667
1358,2984.507746872846,442.8393750000005
1359,2986.041801620275,431.1102083333335
1360,2987.574213190213,462.3602083333335
1361,2989.1073036457783,475.0102083333336
1362,2990.638752108089,494.4143750000003
1363,2992.1685598974027,477.5102083333336
1364,2993.6978876101653,491.4102083333337
1365,2995.2278943865235,493.66854166666735
1366,2996.7562622603405,486.74354166666717
1367,2998.2841507351955,480.5852083333334
1368,2999.8115600366077,464.4977083333333
1369,3001.3361754675684,458.6560416666671
1370,3002.861470725067,441.9102083333337
1371,3004.38744494594,436.3435416666671
1372,3005.9094717712555,402.08520833333387
1373,3007.433334745139,354.3977083333334
1374,3008.9555649681392,356.1893750000004
1375,3010.4784743273503,338.6727083333335
1376,3011.9997521064415,306.214375
1377,3013.5193996125167,283.55604166666717
1378,3015.0385723570976,296.9768750000003
1379,3016.5572705626346,285.506041666667
1380,3018.0754944514388,253.7727083333334
1381,3019.59324424568,299.6685416666669
1382,3021.1093674020144,251.7727083333334
1383,3022.6250176271055,242.5810416666668
1384,3024.1401951422063,218.86437500000056
1385,3025.653748480949,228.32687500000065
1386,3027.1679815983225,220.47687499999984
1387,3028.680591698652,239.381041666667
1388,3030.192730689614,194.6102083333335
1389,3031.704398791268,209.443541666667
1390,3033.214446328292,200.4810416666669
1391,3034.725173668905,198.31437500000038
1392,3036.2342815996067,209.1102083333335
1393,3037.741771411926,171.006041666667
1394,3039.2510897929155,204.93104166666717
1395,3040.7576423845885,208.3560416666669
1396,3042.263727050231,198.4560416666668
1397,3043.76934400781,224.80604166666717
1398,3045.2744934751586,187.07687500000065
1399,3046.778028986432,179.84354166666708
1400,3048.2810981542743,151.8893750000002
1401,3049.7837011956144,197.4518750000002
1402,3051.2869839443915,206.66020833333414
1403,3052.787509765846,174.87687500000038
1404,3054.288715727926,162.81020833333332
1405,3055.787167324626,158.92687500000056
1406,3057.286299493616,191.46437500000047
1407,3058.7838236987673,204.43937500000084
1408,3060.2820281985387,169.5810416666668
1409,3061.779769009628,180.21854166666708
1410,3063.274760780816,176.53520833333369
1411,3064.770433137124,174.9185416666669
1412,3066.265643156222,157.4185416666669
1413,3067.7592493281686,167.0727083333336
1414,3069.2512529247356,161.06020833333332
1415,3070.745078275596,157.7685416666668
1416,3072.237301478116,145.41020833333369
1417,3073.7279238022,144.28104166666708
1418,3075.218086479953,143.34354166666662
1419,3076.7077897239474,150.30187500000056
1420,3078.197033746622,141.1477083333334
1421,3079.685818760285,137.3977083333334
1422,3081.1730064177723,116.10187500000029
1423,3082.6597361917807,151.7268750000003
1424,3084.1448704350028,128.41020833333369
1425,3085.6306854264117,130.5810416666668
1426,3087.1149060093067,125.25187500000038
1427,3088.598670252982,142.62687500000038
1428,3090.080841907869,148.9227083333335
1429,3091.5636944535386,110.1727083333335
1430,3093.046091290721,119.06437500000038
1431,3094.528032629455,114.53104166666708
1432,3096.0072485511846,101.6977083333336
1433,3097.4871455039083,148.06437500000038
1434,3098.965453915847,83.2685416666668
1435,3100.4444430801964,101.49770833333332
1436,3101.9218448172333,129.1685416666669
1437,3103.398793703317,132.9852083333335
1438,3104.874156968755,120.2060416666668
1439,3106.3490684934927,139.46437500000047
1440,3107.823528484977,104.70187500000065
1441,3109.2975371505268,126.4852083333335
1442,3110.769963105758,130.71020833333387
1443,3112.2430700871287,110.09770833333369
1444,3113.7157263636004,114.46020833333341
1445,3115.186801588396,131.631041666667
1446,3116.656297004706,84.30604166666717
1447,3118.12647358066,100.99770833333332
1448,3119.5950714502715,98.4185416666669
1449,3121.06435020058,147.6352083333336
1450,3122.5309225168317,108.37687500000038
1451,3123.9970476395747,87.18937500000038
1452,3125.4638539138377,106.3227083333336
1453,3126.9290849191,102.16020833333369
1454,3128.3938693441632,69.03520833333369
1455,3129.857080283771,107.1102083333335
1456,3131.3198457378535,96.05604166666717
1457,3132.7821659098263,81.46020833333341
1458,3134.246293163656,101.68104166666717
1459,3135.706596958293,119.21854166666708
1460,3137.166456765385,72.12687500000038
1461,3138.625872787383,68.13937500000065
1462,3140.0848452266164,86.31854166666699
1463,3141.544498654811,110.26437500000065
1464,3143.0014601654952,129.631041666667
1465,3144.4579793824837,81.2060416666668
1466,3145.9140565071466,108.2602083333336
1467,3147.369691740733,78.80604166666717
1468,3148.8248852843717,82.22687500000029
1469,3150.2785150153427,101.65604166666708
1470,3151.73058215501,90.1977083333336
1471,3153.1844528551524,71.88937500000065
1472,3154.6378826681735,79.28104166666708
1473,3156.088629866829,92.28104166666708
1474,3157.537817312452,64.80604166666717
1475,3158.9888070793745,88.83520833333432
1476,3160.437117544948,75.2643750000002
1477,3161.887229373963,77.8893750000002
1478,3163.3346636553065,71.6393750000002
1479,3164.7816604809163,73.71854166666708
1480,3166.2271014557505,74.84770833333369
1481,3167.6732243025776,68.81437500000038
1482,3169.117792370164,118.11854166666717
1483,3170.563042029788,91.31854166666699
1484,3172.0056207373564,59.68520833333332
1485,3173.449998337732,51.93937500000038
1486,3174.8917067289826,80.00187500000038
1487,3176.3329805938997,44.50604166666699
1488,3177.7738201289017,92.02270833333341
1489,3179.213109969817,72.24354166666717
1490,3180.6530817698163,44.88104166666699
1491,3182.0926198282928,77.68937500000038
1492,3183.5306097881503,103.61854166666717
1493,3184.968167069184,82.31437500000038
1494,3186.4041779838662,97.2602083333336
1495,3187.8408708279294,70.69354166666699
1496,3189.2749051519118,85.5185416666668
1497,3190.709621794292,87.91437500000029
1498,3192.1439074013942,73.60187500000029
1499,3193.577762167433,71.33520833333341
1500,3195.0100744098386,70.21437500000047
1501,3196.4419568667413,69.08937500000047
1502,3197.872298521698,107.61854166666717
1503,3199.3033223210364,80.40187500000047
1504,3200.7339169146217,67.74354166666717
1505,3202.16297228488,38.78104166666708
1506,3203.591599500868,76.6727083333335
1507,3205.018689209126,81.27270833333432
1508,3206.4453518121186,59.86854166666717
1509,3207.871587501559,62.58937500000002
1510,3209.296287918623,79.3852083333336
1511,3210.7216706872227,48.27687500000002
1512,3212.1466271165627,72.5102083333336
1513,3213.5711573978947,55.44354166666699
1514,3214.9930472717465,73.81854166666699
1515,3216.415619597678,75.3852083333336
1516,3217.8366604454814,74.68104166666717
1517,3219.257277230496,53.83520833333432
1518,3220.678576046621,63.13104166666699
1519,3222.0972393712145,77.46437500000002
1520,3223.516585106165,94.32687500000065
1521,3224.9344026217054,27.035208333333685
1522,3226.3517976809435,92.08520833333432
1523,3227.768770472665,86.93104166666717
1524,3229.1853211855446,77.1435416666668
1525,3230.5992428089694,83.73937499999965
1526,3232.014950586956,74.3560416666669
1527,3233.429133908259,72.9477083333336
1528,3234.8428965603753,68.31437500000038
1529,3236.2551364438073,80.1977083333336
1530,3237.666956688571,56.239374999999654
1531,3239.0783574816796,83.33520833333341
1532,3240.4893390100337,81.87270833333332
1533,3241.899901460422,59.268541666666806
1534,3243.3089443682065,62.77270833333341
1535,3244.7175692245874,69.94354166666699
1536,3246.125776215586,85.44354166666699
1537,3247.532465854694,65.74354166666717
1538,3248.938738652065,65.78104166666708
1539,3250.344594792954,91.03520833333369
1540,3251.750034462507,74.2310416666669
1541,3253.15615621569,66.44354166666653
1542,3254.55966512764,84.91854166666735
1543,3255.961661053099,77.22270833333414
1544,3257.3643399411776,55.04770833333396
1545,3258.7655068600984,52.40604166666708
1546,3260.1684532069803,77.94354166666699
1547,3261.568791530406,103.6393750000002
1548,3262.9687161555707,85.8935416666668
1549,3264.3671314908506,81.74770833333332
1550,3265.7662295928862,80.93520833333332
1551,3267.1638194179777,72.48520833333396
1552,3268.560996923591,74.52687500000002
1553,3269.9566678097835,89.27270833333432
1554,3271.353021546429,103.84354166666708
1555,3272.7489635104453,116.63937500000065
1556,3274.143400369215,107.43104166666717
1557,3275.5374264639267,99.97270833333369
1558,3276.931041976054,94.83520833333432
1559,3278.323154537839,106.39770833333432
1560,3279.715949750458,110.93104166666717
1561,3281.106151111524,81.30187499999965
1562,3282.495943899227,48.03104166666617
1563,3283.88641955846,105.3227083333336
1564,3285.275395419,90.86854166666717
1565,3286.66396324627,89.15187500000047
1566,3288.052123220042,97.53937499999984
1567,3289.4387855367313,69.7977083333335
1568,3290.8239513352482,109.02270833333341
1569,3292.2119791296213,67.40187500000002
1570,3293.597421100456,122.75604166666699
1571,3294.9813680488046,63.89770833333341
1572,3296.364909496541,87.72270833333369
1573,3297.74804562186,100.94354166666699
1574,3299.13186435132,88.59770833333369
1575,3300.5131026174904,93.13104166666699
1576,3301.8939367319053,70.6102083333335
1577,3303.274366871923,87.7060416666668
1578,3304.654393214795,74.72687499999984
1579,3306.034015937673,75.62270833333332
1580,3307.411063535813,106.64770833333432
1581,3308.788794660853,105.94354166666699
1582,3310.168293744058,89.52687500000047
1583,3311.5441346119005,92.06020833333378
1584,3312.919574010849,81.50187500000084
1585,3314.2946121165996,61.61020833333396
1586,3315.669249104745,77.10187500000029
1587,3317.0434851507794,54.91437500000029
1588,3318.4173204300905,70.67687500000056
1589,3319.789672125373,92.13937500000065
1590,3321.1616240355884,77.37270833333332
1591,3322.533176335407,59.456041666666806
1592,3323.904329199394,71.72687500000029
1593,3325.272919338173,83.02687500000002
1594,3326.6421930662527,117.63104166666699
1595,3328.0110685106292,77.43937500000038
1596,3329.380626633505,55.510208333333594
1597,3330.747625243173,66.24354166666717
1598,3332.114226718211,53.33520833333341
1599,3333.4804312316564,67.4518750000002
1600,3334.8451594232074,52.2310416666669
1601,3336.210570845635,72.9560416666668
1602,3337.5745069181403,68.08520833333432
1603,3338.938047346186,64.35187500000029
1604,3340.3011923018953,62.74770833333332
1605,3341.6628639887695,74.4477083333336
1606,3343.0241411720785,79.31020833333378
1607,3344.3850240232423,86.08520833333432
1608,3345.7444356812584,53.3268750000002
1609,3347.1045306938704,65.68104166666717
1610,3348.4642318878605,36.04354166666735
1611,3349.8224633369177,41.014375000000655
1612,3351.179226145644,83.60187500000029
1613,3352.536672368261,87.59770833333414
1614,3353.8926509129556,83.11437499999965
1615,3355.249312589875,67.91437500000029
1616,3356.6045075503444,58.94354166666699
1617,3357.9582368953124,42.05604166666717
1618,3359.3126495709275,49.968541666666624
1619,3360.664523976314,63.622708333333776
1620,3362.017082050294,73.1977083333336
1621,3363.3681770438293,76.8935416666668
1622,3364.7188827387545,51.73104166666735
1623,3366.069199303302,94.91437499999984
1624,3367.420198973138,88.7685416666668
1625,3368.7697374724935,40.0143750000002
1626,3370.1188873457186,61.44354166666699
1627,3371.4665776189613,63.50604166666699
1628,3372.812809384273,66.83520833333341
1629,3374.1607953104253,64.73104166666735
1630,3375.5062528450176,64.60604166666735
1631,3376.8513238221444,81.08937500000047
1632,3378.197078011631,65.77687500000047
1633,3379.54030677018,84.36437500000056
1634,3380.883150084685,51.447708333333594
1635,3382.2266768035934,70.73937500000056
1636,3383.567681045004,49.22687500000029
1637,3384.909369022297,64.2060416666668
1638,3386.2517399818116,49.17270833333396
1639,3387.590523341753,52.285208333333685
1640,3388.9310577782385,83.8227083333336
1641,3390.2690742380623,64.13104166666699
1642,3391.607774340872,59.06020833333332
1643,3392.9460910997877,35.62687500000038
1644,3394.282958749409,79.96020833333341
1645,3395.6194439943206,65.92687500000056
1646,3396.9544816779326,19.201875000000655
1647,3398.2902029101174,80.06854166666699
1648,3399.6244775175655,52.3560416666669
1649,3400.958370984306,25.397708333333412
1650,3402.2908193697103,48.78104166666708
1651,3403.622887548361,34.93104166666717
1652,3404.9556391797873,29.60187500000029
1653,3406.2880103228385,42.28937500000029
1654,3407.6178753606814,27.99770833333332
1655,3408.9484240354104,49.11854166666717
1656,3410.276468747551,28.760208333333594
1657,3411.6062594022137,65.7060416666668
1658,3412.9346093079093,62.247708333333776
1659,3414.2615195337094,30.61854166666717
1660,3415.588052222392,33.760208333333594
1661,3416.9142075350615,27.326875000000655
1662,3418.2399856327297,23.53520833333414
1663,3419.56538667632,53.4185416666669
1664,3420.888291088966,46.101874999999836
1665,3422.2129391094372,68.77270833333341
1666,3423.5361512910945,18.22270833333414
1667,3424.858987663075,14.010208333333594
1668,3426.179331054391,53.54354166666735
1669,3427.5003585229756,30.35187500000029
1670,3428.82206932736,39.60604166666735
1671,3430.142347196645,61.847708333333685
1672,3431.4611931903773,79.4810416666669
1673,3432.7807226978384,45.101874999999836
1674,3434.097764381201,10.339375000000473
1675,3435.4144333287413,27.776875000000018
1676,3436.731785966715,51.260208333333594
1677,3438.047709618322,54.926875000000564
1678,3439.363261008595,42.63104166666699
1679,3440.678440295475,25.018541666666806
1680,3441.993247636812,29.947708333333594
1681,3443.305573639792,65.21854166666708
1682,3444.618583682181,37.18104166666717
1683,3445.9312228476947,46.80604166666717
1684,3447.243491293448,27.818541666666988
1685,3448.554335591889,57.38520833333314
1686,3449.8648100792016,36.62687500000038
1687,3451.1749149118577,54.80604166666717
1688,3452.4846502462433,7.972708333333685
1689,3453.791911444972,33.08520833333387
1690,3455.1009088450364,40.2977083333335
1691,3456.407433607159,45.114375000000564
1692,3457.7135906803023,49.097708333333685
1693,3459.021482644022,42.68937500000038
1694,3460.3269042132333,28.606041666667352
1695,3461.630907938316,22.756041666666988
1696,3462.935595511122,19.918541666667352
1697,3464.238866140054,25.147708333333867
1698,3465.5428203353335,25.78520833333414
1699,3466.8443090459086,36.50604166666699
1700,3468.146481631337,35.031041666666624
1701,3469.44723965952,72.17687500000056
1702,3470.7476327243676,33.614375000000564
1703,3472.0476609794578,36.64770833333341
1704,3473.346276609356,6.55604166666717
1705,3474.644528323944,22.418541666667352
1706,3475.9424162761734,65.19354166666699
1707,3477.2409877072378,18.28104166666708
1708,3478.537101504924,72.6060416666669
1709,3479.833899086919,53.7977083333335
1710,3481.129287308416,27.022708333333412
1711,3482.4243131166177,13.601875000000291
1712,3483.7200222874344,53.635208333333594
1713,3485.0132781013153,35.50187500000038
1714,3486.3061725423586,28.672708333333503
1715,3487.598705762009,27.460208333333412
1716,3488.88983345584,34.86020833333396
1717,3490.1816449784133,53.08520833333432
1718,3491.4720518605714,45.1393750000002
1719,3492.7620987088458,1.4518750000002
1720,3494.0507423832632,20.581041666666806
1721,3495.3411129062883,21.597708333333685
1722,3496.629037847736,46.718541666666624
1723,3497.915561520164,44.08520833333432
1724,3499.2027692009337,13.668541666666897
1725,3500.4896183309042,37.08520833333341
1726,3501.7750675119096,19.43104166666717
1727,3503.06015902142,31.672708333333958
1728,3504.3448930086943,26.997708333333776
1729,3505.629269622912,5.41020833333414
1730,3506.9122486233987,32.206041666666806
1731,3508.1938310263745,36.81437500000038
1732,3509.4760974712194,26.626875000000382
1733,3510.7580077164157,22.481041666666897
1734,3512.038522675684,48.847708333333685
1735,3513.3186823089663,-3.7356249999998
1736,3514.5984867641423,-1.677291666666406
1737,3515.877936189005,30.33520833333432
1738,3517.1559926490468,-8.439791666666224
1739,3518.433694949635,37.18937500000038
1740,3519.712080745016,24.2643750000002
1741,3520.9880376611272,5.376875000000382
1742,3522.2636414335607,31.39770833333432
1743,3523.538892208904,15.926874999999654
1744,3524.8137901336645,11.135208333333594
1745,3526.0883353542667,22.214375000000018
1746,3527.360456445156,5.197708333333594
1747,3528.634297269305,33.60187500000029
1748,3529.907785827851,11.93104166666717
1749,3531.1788524120752,-3.81895833333283
1750,3532.450602808174,8.197708333333594
1751,3533.7199332356977,-1.060624999999618
1752,3534.9899477654776,7.74354166666717
1753,3536.2585781147527,8.176875000000564
1754,3537.527892285545,16.089375000000018
1755,3538.7958231355856,24.001874999999927
1756,3540.0634045952875,27.59354166666708
1757,3541.330636809047,7.122708333333776
1758,3542.59751992118,60.36854166666717
1759,3543.861989919433,7.072708333333594
1760,3545.1271440350247,-8.19395833333283
1761,3546.3909185384823,24.010208333333594
1762,3547.6564081056385,15.289374999999836
1763,3548.9194874045456,35.218541666666624
1764,3550.1822195995696,33.910208333333685
1765,3551.443574456673,33.206041666666806
1766,3552.7045830618217,7.735208333333958
1767,3553.9673051804525,43.58520833333341
1768,3555.2276211440817,10.906041666666624
1769,3556.486562037161,27.985208333333958
1770,3557.7461867768798,17.393541666666806
1771,3559.004437294867,-6.75645833333283
1772,3560.2623429791934,20.914374999999836
1773,3561.5188758531717,37.04354166666735
1774,3562.776092576979,5.114375000000564
1775,3564.0319373365523,33.68104166666717
1776,3565.2884656657047,24.231041666667352
1777,3566.542595882828,11.585208333333412
1778,3567.7974099516127,42.051875000000564
1779,3569.050854307224,2.356041666666897
1780,3570.3039560833045,19.793541666666897
1781,3571.556715420279,-3.543958333333194
1782,3572.809132458498,43.226874999999836
1783,3574.0601820278453,19.360208333333958
1784,3575.3108901387895,-25.698125000000346
1785,3576.5602321800266,29.80604166666717
1786,3577.8102580730165,6.168541666666897
1787,3579.0589187343585,5.41020833333414
1788,3580.3072390543402,1.7685416666668061
1789,3581.554195537798,13.268541666666806
1790,3582.8028592266605,-26.081458333332648
1791,3584.0491362804487,8.276875000000018
1792,3585.294051307719,19.176874999999654
1793,3586.5396503220118,19.272708333333412
1794,3587.7849103849235,29.939375000000382
1795,3589.0298316347894,4.49354166666717
1796,3590.272370837845,21.689375000000382
1797,3591.5166154320946,15.376875000000382
1798,3592.758479366013,-13.427291666666406
1799,3594.0000061489764,8.122708333333776
1800,3595.241195918264,18.331041666666806
1801,3596.4820488110836,14.035208333333685
1802,3597.721544941565,-21.181458333333012
1803,3598.9617247695173,8.622708333333776
1804,3600.2005486622284,43.81437500000038
1805,3601.439036779267,-0.6064583333331939
1806,3602.676170339564,-11.343958333333376
1807,3603.913987590751,-22.77729166666586
1808,3605.149432743696,35.54354166666735
1809,3606.386579949831,37.2018750000002
1810,3607.622374247093,15.697708333333594
1811,3608.856816597817,9.11854166666717
1812,3610.09092522751,14.568541666666988
1813,3611.3236832818393,20.843541666666624
1814,3612.557125150166,11.110208333333958
1815,3613.7892172627644,19.814375000000382
1816,3615.0209767440306,13.547708333333958
1817,3616.2524037286503,29.81020833333332
1818,3617.483498351233,-1.9147916666656783
1819,3618.714260746318,15.6393750000002
1820,3619.94266090881,5.772708333334322
1821,3621.171745003619,-26.448124999999436
1822,3622.3994832981116,-3.893958333333103
1823,3623.6289194952237,17.956041666666806
1824,3624.8559961834453,-16.035624999999527
1825,3626.0827425420043,11.043541666667352
1826,3627.30814527349,13.43104166666717
1827,3628.533218487204,13.4518750000002
1828,3629.757962316042,9.560208333333776
1829,3630.982376892828,9.49354166666717
1830,3632.205450008647,11.943541666666988
1831,3633.4302188211873,-21.143958333332648
1832,3634.652634640393,-23.206458333333103
1833,3635.87371075532,-5.38145833333283
1834,3637.095470622151,4.918541666667352
1835,3638.3158915914814,5.372708333333321
1836,3639.535985321249,36.09354166666708
1837,3640.7557519430534,-3.8189583333323753
1838,3641.9751915884244,22.539374999999836
1839,3643.193294488609,42.91854166666735
1840,3644.4110712162383,-19.35229166666568
1841,3645.628521902304,-7.523124999999709
1842,3646.8456466777284,8.197708333333594
1843,3648.061436853891,37.75187500000038
1844,3649.2769019207603,25.668541666667352
1845,3650.493050288813,20.593541666666624
1846,3651.706857248099,11.956041666666806
1847,3652.920340027773,-7.810624999999618
1848,3654.1334987576865,-10.073125000000346
1849,3655.3463335676247,24.18104166666717
1850,3656.558844587304,12.718541666666624
1851,3657.7710319463695,-8.618958333333012
1852,3658.980882979757,-2.364791666666406
1853,3660.191417814259,-6.143958333333103
1854,3661.400624052017,5.601874999999836
1855,3662.610513812404,-0.931458333333012
1856,3663.819075769867,5.68104166666717
1857,3665.0263108563504,33.1727083333335
1858,3666.234229583443,-20.498124999999163
1859,3667.4418267541714,-13.268958333332648
1860,3668.6480982413404,13.126875000000382
1861,3669.8540489631223,0.14354166666680612
1862,3671.0586753255952,-4.723124999999527
1863,3672.2639851671347,-19.72729166666568
1864,3673.4679714382128,-6.94395833333283
1865,3674.671637988084,26.331041666666806
1866,3675.8739822879734,-4.223124999999982
1867,3677.077010043544,29.156041666666624
1868,3678.2787163355088,-15.510625000000346
1869,3679.480103946797,-22.660624999999527
1870,3680.6801714112016,16.818541666666988
1871,3681.8799209791896,-18.773125000000164
1872,3683.079352777059,-23.993958333333012
1873,3684.2794677284064,-23.4856249999998
1874,3685.477263567306,12.947708333333594
1875,3686.6757428119467,15.289375000000291
1876,3687.872904788058,-1.7272916666665878
1877,3689.0687504149564,23.10187500000029
1878,3690.2662790343516,-2.948124999999436
1879,3691.4614923455124,1.256041666666988
1880,3692.6553910043467,18.0768750000002
1881,3693.8499732925884,-5.46479166666586
1882,3695.0442401248984,-1.69395833333283
1883,3696.237193470689,12.276875000000473
1884,3697.4288342446666,28.622708333333776
1885,3698.62215624873,14.606041666667352
1886,3699.8131685636768,6.5143750000002
1887,3701.0048642017537,-39.60229166666568
1888,3702.1952488173442,-8.593958333333376
1889,3703.385319900593,5.843541666666624
1890,3704.574081259492,5.110208333333958
1891,3705.7635259118874,-9.69395833333283
1892,3706.9516616116803,1.4893749999996544
1893,3708.1394847980814,-10.935624999999618
1894,3709.3260003263363,-8.28145833333383
1895,3710.5131991174408,-5.827291666666042
1896,3711.6980962745533,-44.99395833333301
1897,3712.8836769401414,45.58520833333432
1898,3714.0679520073927,-8.981458333333194
1899,3715.2519163438374,-21.302291666666406
1900,3716.4355700717556,17.714375000000473
1901,3717.6199067540906,-7.073124999999436
1902,3718.8029393709926,1.8935416666668061
1903,3719.9836759061986,-12.231458333333194
1904,3721.1660886818454,-21.089791666665406
1905,3722.3462066598327,-12.789791666665678
1906,3723.52700794131,-9.177291666666406
1907,3724.707499987948,5.251875000000382
1908,3725.8866913005786,5.697708333333594
1909,3727.064582778765,26.66020833333414
1910,3728.243157525733,-25.373124999999618
1911,3729.4204331983983,8.439375000000382
1912,3730.596410694259,-18.018958333332648
1913,3731.773071561724,13.735208333333958
1914,3732.950415144974,3.7643750000002
1915,3734.1244815542364,-4.227291666665678
1916,3735.300220987283,39.039374999999836
1917,3736.4736748453265,0.0018750000003819878
1918,3737.6468228653366,-11.414791666666133
1919,3738.819665166865,-19.073125000000346
1920,3739.9931903886345,15.172708333333958
1921,3741.1654213540783,4.610208333333958
1922,3742.336358955124,-15.302291666666406
1923,3743.5069918297895,10.026875000000018
1924,3744.677320097014,-29.97729166666568
1925,3745.8473438756723,-17.018958333332648
1926,3747.015089330959,-0.2981249999997999
1927,3748.1845050022725,31.885208333333594
1928,3749.353616541078,-8.627291666666224
1929,3750.520451651128,26.051874999999654
1930,3751.6869838906096,-3.060624999999618
1931,3752.8532133774283,-43.968958333333376
1932,3754.019140229431,5.518541666666806
1933,3755.185749748668,5.751875000000382
1934,3756.350086500063,-0.9689583333333758
1935,3757.5141214806395,14.493541666667625
1936,3758.6768703892,36.518541666666806
1937,3759.840302435044,-6.58979166666586
1938,3761.0024491529985,-17.418958333333194
1939,3762.1642950783853,-31.660624999999982
1940,3763.32584032797,-6.118958333333467
1941,3764.486101873176,30.97270833333414
1942,3765.648029266487,-24.268958333332648
1943,3766.8076905519583,-13.723124999999982
1944,3767.967052136163,0.23104166666735182
1945,3769.12513200614,-15.7356249999998
1946,3770.282912914385,-30.802291666666406
1947,3771.441376598831,-31.52312499999789
1948,3772.5985596774817,5.551874999999654
1949,3773.7544630259504,5.131041666666988
1950,3774.91006838148,-49.031458333333376
1951,3776.0653758592916,30.260208333333594
1952,3777.2203855745456,-24.22729166666568
1953,3778.375097642342,-12.206458333332648
1954,3779.528532325486,23.060208333333776
1955,3780.6806904956006,-34.710625000000164
1956,3781.8345110680266,28.693541666666988
1957,3782.9860762605244,54.5768750000002
1958,3784.138324231966,15.301874999999654
1959,3785.289297156118,-31.202291666666042
1960,3786.4389959019154,-1.8272916666660421
1961,3787.5893775173563,-38.64395833333265
1962,3788.7384856848994,-31.302291666666406
1963,3789.887298859452,2.543541666667352
1964,3791.035817154591,-5.348124999999982
1965,3792.1840406838387,3.68104166666717
1966,3793.3300158894417,-18.931458333333012
1967,3794.4776507284814,9.176874999999654
1968,3795.6230384718815,-21.285624999999982
1969,3796.769108988554,-36.96895833333383
1970,3797.9148858061344,3.6393750000002
1971,3799.0593934526687,-5.723124999999982
1972,3800.202632790131,-18.78979166666568
1973,3801.3455797653655,-8.406458333333376
1974,3802.4892093271214,-11.08979166666586
1975,3803.63157166503,24.226874999999836
1976,3804.7736419770395,4.776875000000018
1977,3805.9134721963965,-26.398125000000164
1978,3807.054959290298,-12.898125000000164
1979,3808.1942075097922,-46.33145833333265
1980,3809.3341384886226,-42.1439583333331
1981,3810.4737784974923,-22.3606249999998
1982,3811.612154800754,-47.87729166666577
1983,3812.750240853054,-11.8856250000008
1984,3813.887064414101,8.310208333333776
1985,3815.0245705452417,5.572708333333594
1986,3816.1608149022277,-9.102291666665678
1987,3817.295798338201,-13.848124999999982
1988,3818.4314644283536,-21.18979166666577
1989,3819.566841426992,11.99354166666717
1990,3820.700958577348,-4.96479166666586
1991,3821.8347873507896,13.439375000000382
1992,3822.9683278572925,-0.01895833333264818
1993,3824.1006100796953,10.039374999999836
1994,3825.2316348669365,5.164375000000291
1995,3826.3633423366778,-17.743958333333012
1996,3827.494762471095,-13.473124999999982
1997,3828.62492623697,-17.66479166666568
1998,3829.754803378055,-18.448125000000346
1999,3830.8843940033717,-39.43145833333301
2000,3832.013698221889,27.293541666667352
2001,3833.1417479822044,-15.348124999999982
2002,3834.2695120440785,6.481041666667352
2003,3835.396990516035,-31.60229166666568
2004,3836.524183506544,28.43104166666717
2005,3837.649156763139,-4.764791666666042
2006,3838.7748126696306,10.456041666666806
2007,3839.9001839088005,31.968541666666624
2008,3841.024304141403,-18.598124999999982
2009,3842.148140411017,-13.898125000000164
2010,3843.2716928252253,4.714375000000018
2011,3844.394961491558,-25.27729166666586
2012,3845.5179465174906,-14.139791666666042
2013,3846.6396827826825,2.7393749999996544
2014,3847.7601711248435,24.09770833333414
2015,3848.8813418634054,-10.2356249999998
2016,3850.0022298773843,-10.373124999999618
2017,3851.1218710187627,13.751875000000382
2018,3852.240266123023,4.506041666666988
2019,3853.359343564056,27.672708333333958
2020,3854.4771756661703,-31.035624999999982
2021,3855.5947265478135,-11.739791666666406
2022,3856.7119963150944,2.7268749999998363
2023,3857.828022273713,-6.556458333333012
2024,3858.943767814044,-6.585625000000164
2025,3860.060195358401,-1.31895833333283
2026,3861.175380137406,-12.268958333333103
2027,3862.2893229817914,7.2810416666661695
2028,3863.4039479051908,-21.764791666666497
2029,3864.516370236916,-32.377291666666224
2030,3865.630435967557,-45.24812499999962
2031,3866.7432611500362,1.414375000000291
2032,3867.854846612561,-22.452291666666042
2033,3868.966153569202,-41.385625000000346
2034,3870.076221978108,-27.573125000000346
2035,3871.1860125711582,-16.439791666666224
2036,3872.2955254526314,-20.206458333332648
2037,3873.405720152695,-21.81895833333283
2038,3874.5137184977084,-2.952291666666042
2039,3875.6223988696115,-36.043958333333194
2040,3876.729843240149,-25.573125000000346
2041,3877.8370108989993,-3.06895833333283
2042,3878.9429437222425,0.17270833333395785
2043,3880.0486005196417,-34.06062499999962
2044,3881.1558968931527,-60.31895833333283
2045,3882.2610014708557,-23.393958333332648
2046,3883.3639157897755,-6.02729166666586
