,Rshift,20250201_121923_791
0,-27.28431624923972,0.5133333333324117
1,-24.137810440559743,0.8133333333325936
2,-20.992855305911224,17.6924999999992
3,-17.849449699264277,-18.520000000000437
4,-14.709577990190768,13.729999999999563
5,-11.570259296931825,7.40083333333223
6,-8.432485724277697,6.71333333333223
7,-5.297247424298958,24.559166666666897
8,-2.163550990117585,8.550833333332776
9,0.9686047153885033,-7.3866666666672245
10,4.098230996806874,-22.457500000000437
11,7.226319793020991,-32.95333333333383
12,10.351883377225125,-14.190833333333103
13,13.47690108550667,23.65916666666635
14,16.599396813964887,-22.75750000000062
15,19.71937314585023,33.279999999999745
16,22.838806501711186,186.69666666666672
17,25.95572368194708,160.17583333333278
18,29.070127261761424,196.5633333333326
19,32.18399075351902,149.34666666666635
20,35.29534385461391,135.47999999999956
21,38.40517363784589,117.29666666666617
22,41.51249719788232,109.13416666666672
23,44.61928418112446,126.75916666666672
24,47.72258507542738,113.63833333333241
25,50.82535162225085,131.26749999999993
26,53.926601392168415,134.5008333333326
27,57.02437225535298,134.65916666666635
28,60.12063048208482,122.22583333333296
29,63.215377180019566,150.60499999999956
30,66.30959363994587,140.55083333333278
31,69.40034041471665,160.4508333333324
32,72.48860070466732,195.88416666666672
33,75.57731329740307,122.59666666666635
34,78.66256333475965,126.39666666666653
35,81.74631037256418,118.5674999999992
36,84.82855550884238,115.36333333333278
37,87.90929984055099,142.34666666666635
38,90.98756809333871,153.4383333333326
39,94.06433868236475,115.98416666666617
40,97.1405881209893,131.42583333333278
41,100.21339123894579,129.96749999999975
42,103.28470091617095,138.79666666666617
43,106.35354424187857,124.57583333333241
44,109.42187077517436,140.36333333333278
45,112.48676102238159,125.14666666666653
46,115.55113664681949,147.4424999999992
47,118.61402520538982,170.51749999999993
48,121.67445614213274,178.70916666666653
49,124.73243195142234,151.92999999999938
50,127.78989651750489,137.54249999999956
51,130.84490905385366,124.02999999999975
52,133.89844180364437,159.49249999999938
53,136.94952655484522,160.24249999999938
54,139.9991346065499,133.97166666666635
55,143.04726703056593,154.7466666666669
56,146.09295701676533,153.89666666666653
57,149.13717445172796,148.80083333333278
58,152.18088734856704,157.3174999999992
59,155.22216241584337,174.65916666666635
60,158.26003610937104,177.46333333333223
61,161.29740892735327,149.45499999999993
62,164.33331545412594,194.20499999999993
63,167.36679213777288,158.10499999999956
64,170.39880558285302,188.14666666666653
65,173.42839316438452,188.63416666666672
66,176.45652055224213,211.3716666666669
67,179.48318880184246,203.58416666666653
68,182.50936125878457,200.65083333333223
69,185.532152102855,205.33833333333223
70,188.5525265301561,210.70499999999993
71,191.57336968606344,203.21333333333223
72,194.59083808475233,237.77583333333223
73,197.60685550341933,237.22166666666635
74,200.6195039541193,217.83833333333223
75,203.6335825290436,235.40083333333223
76,206.64429514705586,207.00916666666672
77,209.6516456142998,229.0133333333324
78,212.66042610825713,217.1383333333324
79,215.66584745221635,236.72166666666635
80,218.6688701982906,235.7466666666669
81,221.6704530579928,247.32999999999993
82,224.67155290628202,268.41333333333296
83,227.67025864025692,269.89666666666653
84,230.66561774334488,238.4966666666669
85,233.66145185846995,235.28416666666635
86,236.65489724395556,274.3091666666669
87,239.64595629990657,291.9966666666669
88,242.63558452041616,264.33416666666653
89,245.62378293194837,276.90499999999975
90,248.60960037381219,283.03416666666635
91,251.59399096676356,284.9341666666669
92,254.57695573333737,296.77999999999975
93,257.5584956950971,325.5716666666667
94,260.5367111357406,317.64666666666653
95,263.51445554100974,322.5008333333326
96,266.4907791062013,353.9341666666669
97,269.4647338389515,404.79249999999956
98,272.4372706690054,468.60499999999956
99,275.40839061015055,561.5091666666667
100,278.3771470222574,716.7716666666665
101,281.34354227106166,1015.7633333333324
102,284.3104189718883,1433.6258333333326
103,287.27304392780604,1900.1341666666667
104,290.2342597498509,2369.9591666666665
105,293.19501284369574,2788.2174999999997
106,296.15435791399693,3209.5008333333326
107,299.11135146313717,3556.7216666666664
108,302.06599584060206,3791.946666666666
109,305.020180602477,3976.467499999999
110,307.97107593352354,4095.9174999999996
111,310.9205709374285,4142.821666666666
112,313.8696088729118,4200.904999999999
113,316.81630576431763,4171.717499999999
114,319.7616053156739,4281.8925
115,322.70362667554014,4230.463333333332
116,325.6461354188213,4390.113333333332
117,328.5863097684562,4424.471666666667
118,331.5232124643944,4621.213333333332
119,334.4596645888623,4762.863333333332
120,337.3956657948935,4841.246666666667
121,340.32746272332156,5060.300833333332
122,343.2588115920873,5209.046666666666
123,346.18877468724133,5359.8675
124,349.1164160675589,5593.942499999999
125,352.0426745233984,5878.43
126,354.9666149953233,6177.73
127,357.89011098210506,6608.400833333333
128,360.810356668617,7291.175833333332
129,363.730159822777,8178.1883333333335
130,366.64858582226634,9038.363333333331
131,369.5647018076031,9576.4925
132,372.47851007211335,9812.171666666665
133,375.3909458601356,8642.18
134,378.3020101411441,8316.913333333334
135,381.2107718077643,7171.575833333333
136,384.1190964182033,6513.246666666667
137,387.0260524242806,6052.259166666666
138,389.92977926968416,5804.621666666667
139,392.8321411918916,5604.93
140,395.73313915306505,5475.600833333333
141,398.63277411446904,5444.0425
142,401.53011802317604,5389.692499999999
143,404.42610172424645,5334.071666666666
144,407.32072617531486,5310.2425
145,410.21306462703984,5307.004999999999
146,413.10404661153893,5110.125833333333
147,415.99274624637286,5249.2508333333335
148,418.88101859200884,5122.546666666666
149,421.7670113614339,5056.434166666667
150,424.6507268069978,5177.105
151,427.534017380677,5130.6175
152,430.4150333946642,5073.696666666665
153,433.29377709457617,5061.6675
154,436.171174526634,5090.7091666666665
155,439.0481500067328,5026.2716666666665
156,441.9219343629885,5017.904999999999
157,444.7943761439507,4977.1883333333335
158,447.6663983684335,4993.363333333333
159,450.53615738925754,4956.638333333334
160,453.4036554368587,4888.713333333332
161,456.2698155263778,4782.4925
162,459.13371823570486,4766.342499999999
163,461.99720564598897,4713.721666666666
164,464.85751890297826,4695.779999999999
165,467.71741872718127,4656.738333333332
166,470.57598612114396,4716.975833333334
167,473.4313855832414,4727.446666666666
168,476.28729176382114,4786.663333333334
169,479.1400335802938,4712.659166666667
170,481.9905314565158,4628.317499999999
171,484.84062061516414,4501.484166666666
172,487.68846853613957,4348.155
173,490.5359087351512,4117.955
174,493.3792799303744,3730.455
175,496.22407571145703,3682.4133333333334
176,499.06480688058537,3443.125833333333
177,501.90513400978284,3233.2758333333322
178,504.742316141402,3063.6549999999997
179,507.58092228765565,2919.3966666666665
180,510.41547342909644,2759.6841666666664
181,513.2477988173791,2662.4341666666664
182,516.0815480007475,2578.0424999999996
183,518.9103381523065,2519.1799999999994
184,521.7387302367048,2478.379999999999
185,524.5667238977102,2372.5758333333333
186,527.3915883150893,2347.379999999999
187,530.2151463911312,2309.1799999999994
188,533.0383083453657,2198.955
189,535.8592560354984,2274.2008333333324
190,538.6770831531306,2170.0091666666667
191,541.4945172807625,2163.8841666666663
192,544.3106504268214,2129.9383333333326
193,547.1254834922145,2113.129999999999
194,549.9372037825524,2077.7466666666664
195,552.7476274645466,2053.188333333333
196,555.557661396232,2028.1716666666662
197,558.3654941332069,1998.3591666666662
198,561.1711278231132,2003.9133333333334
199,563.9763740302524,1960.8799999999992
200,566.7785195179079,1940.8424999999997
201,569.5802793070004,1932.7299999999996
202,572.3789426562782,1920.7675
203,575.1781251319061,1934.6133333333332
204,577.9742146080273,1892.8633333333328
205,580.7690188937156,1932.6716666666657
206,583.5634406759264,1949.2549999999992
207,586.3547754365092,1955.375833333333
208,589.1448284899731,1955.6258333333326
209,591.9336007189041,1971.9008333333327
210,594.7210930050775,1953.5133333333329
211,597.5055067627944,1905.8633333333328
212,600.2895433101347,1900.5883333333322
213,603.0732022878761,1873.788333333333
214,605.8537878481096,1834.8633333333328
215,608.6322014233208,1892.58
216,611.4093427963033,1983.08
217,614.1861101036463,2014.4758333333334
218,616.9598124291359,1952.2758333333327
219,619.7331424337686,1872.3383333333327
220,622.505203725734,1754.0341666666664
221,625.2742059305338,1706.0924999999997
222,628.0419428000752,1682.0258333333322
223,630.8075203969969,1684.3758333333326
224,633.5736240010797,1672.3549999999996
225,636.3366760769657,1655.5716666666667
226,639.098467097401,1625.1841666666664
227,641.8589979255039,1625.4716666666664
228,644.6182694236076,1658.284166666666
229,647.3744977383801,1634.413333333333
230,650.1303620232678,1649.7133333333327
231,652.8849703729016,1659.0383333333334
232,655.6365413689031,1679.6133333333332
233,658.3877505014291,1685.2549999999992
234,661.1377070819738,1727.4049999999997
235,663.8855220435962,1794.100833333333
236,666.6320869725545,1838.6508333333327
237,669.3765136087061,1869.7424999999994
238,672.1196927253785,1983.350833333333
239,674.8607368678764,2003.9133333333334
240,677.6005359979608,1931.6299999999992
241,680.3408659606193,1855.8758333333326
242,683.0772897079983,1749.3925
243,685.8124717904553,1711.8925
244,688.545526761953,1675.2466666666664
245,691.2782284505098,1659.6674999999996
246,694.0088055188429,1628.063333333333
247,696.7381450997262,1672.1383333333324
248,699.4662480342079,1690.375833333333
249,702.1922308778788,1638.0924999999997
250,704.9169795556986,1678.205
251,707.6404949056167,1668.938333333333
252,710.3618946801053,1672.6924999999992
253,713.0811809136846,1661.2133333333327
254,715.7992379247568,1707.2924999999996
255,718.5178303221388,1715.9924999999994
256,721.232549101209,1745.959166666666
257,723.946923043364,1804.8716666666664
258,726.6591903985808,1823.4633333333327
259,729.3702334856129,1887.563333333333
260,732.0791732343926,1976.6341666666663
261,734.7860116633555,2060.1799999999994
262,737.4933881052642,2146.521666666666
263,740.1986648794762,2171.8591666666657
264,742.9009656863793,2125.913333333333
265,745.6038053949877,2135.2383333333332
266,748.3027948427829,2080.2466666666664
267,751.0023240452123,2016.1674999999996
268,753.6997612549775,1950.938333333333
269,756.3951084757753,1925.034166666666
270,759.0883677085873,1908.2341666666657
271,761.7804165027665,1897.5883333333322
272,764.4730059891978,1940.625833333333
273,767.161760802308,1948.8716666666664
274,769.8493084081631,1953.9341666666664
275,772.5373975778823,2022.2758333333327
276,775.2225324226614,1990.813333333333
277,777.9055893020778,1989.2425000000003
278,780.5865702013685,2029.1383333333329
279,783.2680943403964,2060.33
280,785.94754411685,2044.1633333333334
281,788.6249215114218,2056.4299999999994
282,791.301099742469,2075.5549999999994
283,793.9752087651893,2026.159166666666
284,796.6481210140968,2009.209166666666
285,799.3198372924204,1953.4341666666664
286,801.9903584026715,1933.2341666666657
287,804.6588158534753,1941.3758333333326
288,807.3260805162536,1948.096666666666
289,809.9921531905816,1981.2383333333332
290,812.6552984182088,1971.0091666666663
291,815.3172548048767,1979.9049999999997
292,817.9788905003605,2033.6674999999996
293,820.6393381718575,2091.500833333333
294,823.2968654545798,2155.942499999999
295,825.953207848906,2161.221666666666
296,828.6092319547788,2073.138333333333
297,831.2623411407403,1933.0258333333327
298,833.9142685842397,1825.3674999999994
299,836.5650150746521,1707.0258333333327
300,839.214581400652,1704.5883333333327
301,841.8621044684179,1696.4758333333334
302,844.5084497156973,1662.83
303,847.1536179282938,1660.3841666666663
304,849.7967471614515,1643.8258333333329
305,852.4387016963278,1618.4633333333322
306,855.0786203523927,1609.021666666666
307,857.7182282217098,1614.1216666666664
308,860.3549413428963,1618.1091666666657
309,862.9904844220963,1610.3424999999997
310,865.6265791063319,1656.455
311,868.2589236210457,1627.1383333333329
312,870.8901011907012,1669.2424999999994
313,873.5201125911036,1703.5758333333329
314,876.1489585973727,1676.5716666666663
315,878.7757814546823,1707.0924999999997
316,881.401441226342,1728.1216666666664
317,884.0267964539792,1686.971666666666
318,886.6492746012391,1750.4216666666657
319,889.2705927365037,1830.0175
320,891.889894997582,1872.1799999999994
321,894.5080395422766,1962.221666666666
322,897.1250271379771,2165.346666666666
323,899.7400030545731,2411.075833333333
324,902.3555345485436,3089.1716666666657
325,904.9673464118688,5369.621666666666
326,907.578860262243,8201.9175
327,910.1875137688562,9768.334166666666
328,912.7967243978754,9919.071666666665
329,915.4030777129715,8535.163333333334
330,918.008282448971,5853.946666666665
331,920.6131918479454,3832.9216666666657
332,923.2152492193081,2596.334166666666
333,925.8153093048101,2005.5549999999994
334,928.4150767007262,1717.0341666666664
335,931.0137000550731,1557.2299999999996
336,933.6094789049918,1497.8424999999997
337,936.2049669537362,1430.2758333333327
338,938.7993139710164,1387.896666666666
339,941.3916712212085,1336.4174999999996
340,943.9820405752965,1342.0049999999992
341,946.5721213861391,1311.8716666666664
342,949.1602165457788,1314.500833333333
343,951.7471759172602,1288.7424999999994
344,954.3321526227504,1245.2966666666657
345,956.915995777856,1271.313333333333
346,959.4978592456448,1203.8424999999997
347,962.0785913955167,1204.834166666666
348,964.6581929708851,1188.709166666666
349,967.2366647145176,1189.521666666666
350,969.8123165688366,1152.534166666666
351,972.3885316148301,1171.9883333333332
352,974.9619297326224,1193.521666666666
353,977.5342024606138,1153.2174999999997
354,980.1053505368706,1118.5716666666663
355,982.6745311457491,1147.1091666666657
356,985.2425893142037,1137.7133333333327
357,987.8095257776441,1147.5466666666657
358,990.3753412708345,1139.08
359,992.9383523664881,1115.0924999999997
360,995.5010871426232,1108.459166666666
361,998.0610211902117,1143.4174999999996
362,1000.6215213600577,1156.7799999999997
363,1003.180064343015,1182.2675
364,1005.735811721452,1154.7675
365,1008.291286062632,1138.4799999999996
366,1010.8456474810134,1110.1091666666657
367,1013.3972184038389,1150.971666666666
368,1015.9493568871053,1153.250833333333
369,1018.4987077862389,1149.955
370,1021.0469501244125,1149.2299999999996
371,1023.5932469334166,1184.146666666666
372,1026.1392746818394,1228.4841666666657
373,1028.68419603592,1284.146666666666
374,1031.2263385170504,1336.5508333333332
375,1033.7673774982072,1321.534166666666
376,1036.307313697748,1306.3258333333329
377,1038.8461478334082,1263.3799999999992
378,1041.3830454733454,1240.6049999999996
379,1043.918843207229,1223.3758333333326
380,1046.4527073250108,1205.3549999999996
381,1048.984639625617,1232.471666666666
382,1051.5163093112349,1351.2966666666657
383,1054.047716010783,1512.096666666666
384,1056.5763604113001,1717.9466666666663
385,1059.1022453872818,1719.000833333333
386,1061.6295351123408,1654.2008333333329
387,1064.15406755211,1443.7591666666663
388,1066.6766771148937,1249.9924999999994
389,1069.1981967679412,1137.9133333333334
390,1071.7186272174504,1119.1299999999992
391,1074.2379691690155,1045.9216666666662
392,1076.755393221889,1065.9924999999994
393,1079.272560650206,1047.2549999999992
394,1081.7869829144095,1039.2966666666662
395,1084.2994918955026,1027.3174999999992
396,1086.8117467162267,1028.2383333333332
397,1089.3229186874332,1013.9924999999994
398,1091.8321805482885,1013.6299999999992
399,1094.3395340678335,973.8883333333329
400,1096.8466355091525,978.938333333333
401,1099.3518307167656,973.8258333333329
402,1101.8551214547995,970.375833333333
403,1104.3573356661466,971.7924999999996
404,1106.8592998708855,969.0299999999997
405,1109.3585372853117,975.9674999999997
406,1111.8567009636618,941.5508333333332
407,1114.3546163596102,926.3049999999994
408,1116.8498098787786,952.7549999999992
409,1119.3447564973785,928.7716666666661
410,1121.8361610425645,967.2591666666663
411,1124.3289674661858,928.2716666666661
412,1126.819058307148,946.7216666666659
413,1129.3072590118054,915.7799999999997
414,1131.7952159016595,936.7549999999992
415,1134.2812847317573,964.3508333333334
416,1136.765467243167,928.7091666666661
417,1139.248586407842,948.7424999999994
418,1141.7314637900306,920.6758333333328
419,1144.2116374268019,952.5299999999997
420,1146.6907504649155,963.1049999999996
421,1149.1696234135359,986.1091666666657
422,1151.6457974652753,1054.2966666666657
423,1154.1209136575835,1174.8549999999996
424,1156.594153889389,1318.1966666666667
425,1159.0671567451252,1455.7133333333327
426,1161.5382856927909,1476.7299999999996
427,1164.0075424555425,1382.8925
428,1166.4765635190067,1231.5424999999996
429,1168.9437144436115,1123.5591666666664
430,1171.408996947761,1038.3049999999994
431,1173.8740454230053,1006.3966666666661
432,1176.3372275174995,980.7799999999997
433,1178.7985449449166,979.6341666666663
434,1181.2596300074379,973.4341666666664
435,1183.7188524362593,1007.688333333333
436,1186.1753993385187,1049.2508333333326
437,1188.6317162263829,1083.0299999999997
438,1191.0878027271572,1222.0716666666663
439,1193.5412177787307,1360.6716666666657
440,1195.9935905564976,1383.7508333333326
441,1198.4449217244953,1404.2966666666657
442,1200.8943994187837,1289.205
443,1203.3428375194246,1188.0674999999992
444,1205.789424849979,1069.0258333333327
445,1208.234974598328,1064.725833333333
446,1210.6794874243822,1051.8549999999996
447,1213.1229639874857,1032.459166666666
448,1215.5654049464306,996.1174999999994
449,1218.0051907210802,1007.7799999999997
450,1220.4439435796855,1005.1383333333329
451,1222.8816641780545,992.6466666666665
452,1225.318353171446,967.2466666666669
453,1227.7532024656482,966.5466666666657
454,1230.1862137406779,985.5299999999997
455,1232.6198128706674,998.4216666666657
456,1235.0507675630085,964.9133333333334
457,1237.4806952829103,1003.1674999999996
458,1239.907982597396,1007.5841666666661
459,1242.335859005302,987.2716666666661
460,1244.7610976691485,994.0508333333332
461,1247.1861193409281,986.438333333333
462,1249.6101179672248,992.9716666666659
463,1252.0314835133897,992.1591666666659
464,1254.451828665863,1003.5424999999996
465,1256.8711540695176,1013.3424999999997
466,1259.2894603686862,1020.1549999999997
467,1261.7051402369893,1015.7633333333329
468,1264.1206072882194,1027.5716666666663
469,1266.5358611493111,1048.4924999999994
470,1268.9484925359866,1053.8008333333332
471,1271.3593067488612,1077.9341666666664
472,1273.76910773559,1061.4216666666657
473,1276.1786980935606,1101.2383333333332
474,1278.585672584594,1093.5175
475,1280.9916364371838,1103.5924999999997
476,1283.3965902877176,1118.5591666666664
477,1285.8005347720432,1137.584166666666
478,1288.202670248408,1173.4508333333329
479,1290.603798299963,1165.188333333333
480,1293.0031199541122,1202.6549999999997
481,1295.4014361203854,1190.1341666666663
482,1297.7979484942825,1186.6758333333332
483,1300.1950545164614,1167.4049999999997
484,1302.588761473702,1262.9341666666664
485,1304.9822647374833,1236.7341666666657
486,1307.3739687356235,1260.0549999999994
487,1309.764672363619,1268.6716666666657
488,1312.154376248969,1299.7883333333334
489,1314.5422844190539,1309.1383333333329
490,1316.929194765707,1292.58
491,1319.3143119799881,1390.7466666666664
492,1321.6984332856466,1390.1716666666657
493,1324.0807640363764,1399.3799999999992
494,1326.4628957270668,1425.4966666666664
495,1328.843238771792,1419.0299999999997
496,1331.2217947867287,1438.2174999999997
497,1333.6001532744083,1479.6299999999992
498,1335.9767266354406,1507.0299999999997
499,1338.3515164816333,1540.2174999999997
500,1340.7253173751865,1575.3174999999992
501,1343.0989225559927,1624.288333333333
502,1345.4691624819095,1654.5299999999997
503,1347.8392085880812,1695.725833333333
504,1350.2082688677153,1839.5549999999994
505,1352.5763439357713,1985.1091666666657
506,1354.9418524556834,2182.4341666666664
507,1357.3063783070354,2435.334166666666
508,1359.6715027392402,2855.7924999999996
509,1362.0332744428533,3305.6216666666664
510,1364.3940659691382,3663.1799999999994
511,1366.7546672631227,3757.000833333333
512,1369.1127109294603,3658.5591666666664
513,1371.4697769016548,3328.4174999999996
514,1373.8266541411804,2933.2591666666663
515,1376.1809781948443,2618.0258333333327
516,1378.5343270297335,2437.6674999999996
517,1380.887488625941,2313.9258333333332
518,1383.2381014659552,2213.1633333333334
519,1385.5877415547866,2161.0424999999996
520,1387.9356230988735,2093.2675
521,1390.2841058932147,2096.1758333333332
522,1392.629259854741,2096.438333333333
523,1394.9742301983156,2115.1425
524,1397.3174463552004,2103.0383333333334
525,1399.660479446045,2159.159166666666
526,1402.0009757495511,2151.3925
527,1404.3397219337714,2176.5299999999997
528,1406.679070974446,2130.750833333333
529,1409.015887612105,2118.0716666666663
530,1411.351740694853,2126.8508333333334
531,1413.6866308185267,2124.721666666666
532,1416.0197760677709,2082.6549999999997
533,1418.35196019289,2023.1674999999996
534,1420.6824019212766,2069.521666666666
535,1423.0126659008947,2109.754999999999
536,1425.3411893131893,2135.2675
537,1427.667973714704,2142.067499999999
538,1429.9945818209708,2179.7758333333327
539,1432.318672480819,2182.909166666666
540,1434.6425880252157,2215.1716666666657
541,1436.9639892259745,2212.8925
542,1439.2859957862674,2202.5258333333327
543,1441.6047114814605,2172.6549999999997
544,1443.9232544115312,2125.8216666666663
545,1446.240845864226,2081.075833333333
546,1448.5567084051524,2040.1216666666664
547,1450.8708435764338,1940.063333333333
548,1453.184807683062,1857.5591666666664
549,1455.497046224754,1845.4841666666657
550,1457.8083374850673,1782.9174999999996
551,1460.1179056185897,1726.4466666666663
552,1462.4265282700144,1698.4633333333327
553,1464.734206019806,1613.9216666666657
554,1467.0401639733043,1585.7591666666663
555,1469.3436285036719,1551.5674999999992
556,1471.648476294783,1533.7258333333334
557,1473.9508324525793,1514.959166666666
558,1476.2514736616265,1497.084166666666
559,1478.55194923011,1473.063333333333
560,1480.8507116342894,1452.4466666666663
561,1483.1477623969392,1416.6508333333327
562,1485.4438759834406,1425.9966666666664
563,1487.7390529672195,1419.8174999999992
564,1490.032521606992,1375.1841666666664
565,1492.3258274185912,1380.1091666666657
566,1494.617426659945,1351.7549999999992
567,1496.9073208457532,1362.9341666666664
568,1499.1955114887794,1149.3925
569,1501.4827708427101,1330.8674999999994
570,1503.7698699051386,1315.5758333333329
571,1506.0552680723179,1288.5049999999992
572,1508.3389668519696,1311.4966666666664
573,1510.6225067292403,1292.813333333333
574,1512.903579801272,1264.6549999999997
575,1515.1837262380227,1273.3883333333329
576,1517.4629466040146,1249.0049999999992
577,1519.7412414633127,1262.9966666666664
578,1522.0178434510929,1239.0383333333334
579,1524.2927540651958,1246.0591666666664
580,1526.5682767186565,1236.8424999999997
581,1528.8405751333053,1222.221666666666
582,1531.1119527198114,1225.563333333333
583,1533.3831764109293,1179.1924999999992
584,1535.653479771775,1193.9174999999996
585,1537.9213318569384,1205.9799999999996
586,1540.1882659700668,1133.0841666666665
587,1542.454282668405,1177.246666666666
588,1544.7186176854627,1160.6133333333332
589,1546.9820370194939,1155.684166666666
590,1549.2445412258314,1176.409166666666
591,1551.5053669631798,1139.8549999999996
592,1553.7652792994438,1181.8424999999997
593,1556.0235155087598,1187.6049999999996
594,1558.2816030108968,1175.4049999999997
595,1560.5380161075582,1251.4799999999996
596,1562.7927562740572,1271.0924999999997
597,1565.0473490800296,1327.284166666666
598,1567.299508931409,1362.0175
599,1569.550761088168,1368.834166666666
600,1571.8018672259618,1384.2591666666663
601,1574.050544511929,1458.7299999999996
602,1576.2975558465782,1650.596666666666
603,1578.5444231111983,1837.5674999999992
604,1580.7903860315885,1994.8549999999996
605,1583.0346855571577,1974.8674999999994
606,1585.2773231497633,1816.896666666666
607,1587.5198182413344,1567.4008333333327
608,1589.760653098501,1335.084166666666
609,1591.9998291792917,1144.5049999999992
610,1594.2381060115424,1079.600833333333
611,1596.4762419040592,992.4258333333332
612,1598.7112066332265,985.5883333333331
613,1600.9467892716768,966.875833333333
614,1603.1799611141394,941.2091666666661
615,1605.4122376255682,892.8966666666661
616,1607.6436193442958,913.934166666666
617,1609.873350862231,902.9883333333332
618,1612.1029449116838,894.3549999999996
619,1614.3301350994652,890.3049999999994
620,1616.5564338529678,892.1966666666663
621,1618.7825964435165,892.4674999999997
622,1621.0063591970566,856.1341666666663
623,1623.2292327238813,898.0466666666662
624,1625.4512175572513,869.4299999999994
625,1627.6730677599032,884.4174999999996
626,1629.8917700456498,868.7924999999996
627,1632.1095864386525,864.5883333333327
628,1634.3272700970203,871.813333333333
629,1636.543315995183,865.2799999999997
630,1638.757725563858,862.9841666666662
631,1640.9712519592479,873.8424999999997
632,1643.1846471370643,875.1591666666659
633,1645.3949062147228,886.2174999999997
634,1647.6050357286647,889.9341666666664
635,1649.8150353075596,887.9591666666661
636,1652.0226538884017,887.625833333333
637,1654.2293936536882,929.0341666666659
638,1656.433755860365,895.2341666666662
639,1658.6387401646318,895.3549999999996
640,1660.8420981880593,919.6591666666659
641,1663.043831347487,917.438333333333
642,1665.245437942886,937.6341666666663
643,1667.444673168544,930.5049999999992
644,1669.6430350248065,960.4466666666663
645,1671.839776480645,936.6758333333332
646,1674.0371407093237,958.7299999999996
647,1676.231391660734,958.8258333333329
648,1678.4247725059502,988.2299999999996
649,1680.618776494006,1028.250833333333
650,1682.8104180871246,1024.1549999999997
651,1685.000445351215,1057.3799999999992
652,1687.1896051676117,1153.1299999999997
653,1689.3778980515885,1235.5549999999994
654,1691.5645796292015,1362.8216666666663
655,1693.7503958933055,1427.0758333333329
656,1695.9353473574374,1413.8841666666663
657,1698.1186905294871,1353.7675
658,1700.3011705157312,1300.2174999999997
659,1702.482044410687,1188.3674999999994
660,1704.662799854055,1149.2258333333334
661,1706.8412079854625,1042.4966666666664
662,1709.0187561488963,969.6674999999996
663,1711.196187097351,921.6466666666661
664,1713.3712746079727,876.4799999999996
665,1715.5455042622843,829.7049999999999
666,1717.7188765676908,799.7424999999994
667,1719.8913920312016,793.9674999999997
668,1722.0623103776884,754.3341666666661
669,1724.2316329887778,776.9216666666662
670,1726.400101442966,747.688333333333
671,1728.5677162446298,743.0883333333331
672,1730.7337382817082,752.7049999999995
673,1732.8996475808926,756.2924999999996
674,1735.0632266694843,768.6716666666662
675,1737.2266940251332,713.8674999999994
676,1739.388572371105,740.1674999999996
677,1741.5496012427536,721.1049999999996
678,1743.7090432671623,757.1299999999997
679,1745.8668998136025,740.371666666666
680,1748.0239095442068,708.1508333333331
681,1750.1800729573572,729.0924999999997
682,1752.33612726718,714.500833333333
683,1754.4898628228623,734.0216666666661
684,1756.642017992768,728.9841666666662
685,1758.79406583904,727.2799999999997
686,1760.944534868283,706.434166666666
687,1763.09342644014,724.621666666666
688,1765.2422118852319,693.8049999999994
689,1767.3894214371273,677.2133333333322
690,1769.5365252743886,697.1799999999994
691,1771.680586532549,692.6133333333332
692,1773.8238097986377,698.1799999999994
693,1775.9669291142022,705.496666666666
694,1778.1077443189777,683.3674999999994
695,1780.249189531852,678.1466666666661
696,1782.3876000690555,698.7091666666661
697,1784.5266410210204,680.871666666666
698,1786.663382683214,655.475833333333
699,1788.799290925959,694.6091666666657
700,1790.934366236762,687.3049999999994
701,1793.068609102751,673.3216666666663
702,1795.2005580535997,674.8299999999995
703,1797.3316766718099,697.0299999999997
704,1799.4634262611178,677.4299999999994
705,1801.5921549749944,685.2799999999997
706,1803.7200553786513,667.1758333333332
707,1805.847127955445,664.4466666666663
708,1807.9733731883662,691.9549999999999
709,1810.0973335803424,657.5466666666662
710,1812.2211974332115,661.9674999999997
711,1814.3449643784033,643.5133333333329
712,1816.4664496266178,656.1674999999996
713,1818.5856553552858,653.3008333333332
714,1820.7047664653007,666.4924999999994
715,1822.8237825881681,672.5341666666659
716,1824.940522322895,640.2716666666661
717,1827.0564412979597,638.600833333333
718,1829.1722664381039,648.913333333333
719,1831.2858188778434,638.7549999999997
720,1833.3978266667261,640.0049999999997
721,1835.5090167273127,650.0758333333329
722,1837.6208401800466,629.4674999999997
723,1839.7296706046743,596.7633333333329
724,1841.8376852856595,625.5216666666665
725,1843.9456091775912,667.7591666666663
726,1846.0512693092542,615.6674999999996
727,1848.1561156758332,598.9424999999992
728,1850.2594251071673,616.3216666666663
729,1852.3633689999517,601.7091666666661
730,1854.4643307337765,634.9508333333329
731,1856.5652045073457,637.788333333333
732,1858.665267428087,624.6716666666662
733,1860.7630754727245,593.725833333333
734,1862.8607966849004,583.0966666666659
735,1864.9562656284854,573.2841666666659
736,1867.0516486745573,588.7216666666659
737,1869.1455031884284,582.100833333333
738,1871.238551325845,594.5966666666664
739,1873.3315141310106,570.0591666666669
740,1875.4222303338945,565.0299999999997
741,1877.5107020627015,598.7341666666662
742,1879.5990906846928,565.0216666666661
743,1881.6873958326275,558.2966666666662
744,1883.7741787517411,566.3383333333327
745,1885.8587218165178,572.3341666666661
746,1887.943901712581,591.1133333333332
747,1890.0268437823806,577.4091666666659
748,1892.1089863219772,557.5966666666664
749,1894.1896119771302,543.313333333333
750,1896.2701571121374,554.288333333333
751,1898.349186832543,550.8008333333332
752,1900.4274194115637,584.8008333333332
753,1902.5041385933448,531.7758333333331
754,1904.5793456596302,517.2883333333334
755,1906.6537580561126,551.184166666666
756,1908.7266603478063,534.3258333333329
757,1910.799485047457,521.0716666666663
758,1912.8715164452187,534.4883333333332
759,1914.9413248565304,518.2383333333332
760,1917.0110567666713,542.6716666666662
761,1919.078568239402,533.7299999999996
762,1921.14600411799,543.4049999999997
763,1923.2112221034392,531.9549999999995
764,1925.277079104547,517.2049999999995
765,1927.3407202073547,526.1674999999996
766,1929.4035738182395,510.11333333333323
767,1931.4649274994495,501.246666666666
768,1933.5254951334773,501.5341666666659
769,1935.585277169844,494.9633333333327
770,1937.643561984194,489.5799999999995
771,1939.7010626415147,516.6508333333331
772,1941.757779589837,485.17166666666617
773,1943.8137132768495,507.93833333333305
774,1945.8674421707453,494.36333333333323
775,1947.920389779869,509.371666666666
776,1949.9725565499666,486.0549999999994
777,1952.0239429264368,488.38416666666626
778,1954.0738394455072,502.9091666666659
779,1956.122957000317,478.3674999999994
780,1958.171296034799,525.5216666666661
781,1960.218147892365,475.3966666666661
782,1962.2635138238334,478.3591666666657
783,1964.3081036407102,512.750833333333
784,1966.351209491215,477.00916666666626
785,1968.3949566970111,459.35083333333296
786,1970.4358053059998,487.4591666666661
787,1972.4772956144468,485.67166666666617
788,1974.5158903526562,445.59249999999975
789,1976.5551271330337,465.8924999999995
790,1978.5921780490723,439.09249999999975
791,1980.6284579790236,465.88416666666626
792,1982.6639673605102,439.10083333333296
793,1984.6980007479283,462.62583333333305
794,1986.7312649950175,454.7091666666661
795,1988.7637605379505,401.7424999999994
796,1990.7940776469723,455.07166666666626
797,1992.8236279885937,448.84249999999975
798,1994.8538210979857,450.06749999999965
799,1996.8811343909813,461.48833333333323
800,1998.9083867689908,445.91333333333296
801,2000.9341703618416,438.50499999999965
802,2002.9584863987373,451.3799999999992
803,2004.9820393300624,438.75499999999965
804,2007.005532544807,440.934166666666
805,2009.027560294055,422.10499999999956
806,2011.048123803183,403.78833333333296
807,2013.0665221323811,402.4424999999992
808,2015.085564894552,413.40083333333314
809,2017.1031460275283,461.996666666666
810,2019.1199681235807,444.434166666666
811,2021.1346293956003,416.67583333333323
812,2023.1499352295325,416.6466666666661
813,2025.1630821485796,419.7674999999995
814,2027.1747724768,409.3924999999999
815,2029.1871075934034,428.59249999999975
816,2031.1972871791857,439.32583333333287
817,2033.2060127651696,402.1924999999992
818,2035.2139848301993,415.25499999999965
819,2037.221902802867,423.31749999999965
820,2039.226971350058,419.434166666666
821,2041.2319871755637,421.5091666666667
822,2043.236949916345,428.27999999999975
823,2045.239765337244,407.46333333333314
824,2047.2418308212702,424.85916666666617
825,2049.2424493543913,411.34249999999975
826,2051.2430164887787,399.6633333333334
827,2053.241441121812,391.60916666666617
828,2055.2391185430342,411.05083333333323
829,2057.236745563922,393.6591666666659
830,2059.2322334257187,416.27999999999975
831,2061.2269758520356,381.2091666666661
832,2063.2209732604924,397.2841666666659
833,2065.214226068398,385.6008333333334
834,2067.2060395996587,370.20083333333287
835,2069.1957202150857,389.309166666666
836,2071.186742759255,405.2091666666661
837,2073.174939421446,387.54666666666617
838,2075.1617010605014,396.73416666666617
839,2077.1491102618625,386.52583333333314
840,2079.1350852680584,364.9549999999995
841,2081.1196272679517,391.2841666666659
842,2083.103430472746,376.07583333333287
843,2085.0858025290545,377.9716666666659
844,2087.0674371303767,391.06333333333305
845,2089.047642437425,382.35499999999956
846,2091.0264196332587,400.07583333333287
847,2093.005845108754,379.54666666666617
848,2094.983151814207,380.97583333333296
849,2096.9604153683745,361.94249999999965
850,2098.935562512775,379.1174999999994
851,2100.9099766142353,385.5216666666661
852,2102.883658080762,374.4549999999995
853,2104.8559171229335,367.16749999999956
854,2106.8274448571747,394.434166666666
855,2108.7975520045943,399.60499999999956
856,2110.7676185983037,392.80083333333323
857,2112.735576753847,365.90083333333314
858,2114.702806247171,358.16749999999956
859,2116.6693074828977,375.35499999999956
860,2118.6343924556404,360.0174999999995
861,2120.5994386435636,346.35916666666617
862,2122.5630698853274,377.77583333333314
863,2124.5252873474274,373.46749999999975
864,2126.4867795871214,371.9924999999994
865,2128.447547006388,376.2841666666659
866,2130.4069031225663,379.78833333333296
867,2132.364162466974,394.97999999999956
868,2134.3220724707035,379.68833333333305
869,2136.2785736409714,396.70083333333287
870,2138.2350388794366,364.93833333333305
871,2140.188725353984,365.00916666666626
872,2142.1423772007224,385.621666666666
873,2144.0939387208973,387.69666666666626
874,2146.045466408842,350.121666666666
875,2147.996275296343,345.934166666666
876,2149.9456814240034,371.58833333333314
877,2151.8943700488558,386.559166666666
878,2153.8416577139974,395.77583333333314
879,2155.7882291712344,373.34249999999975
880,2157.7334014654293,382.15499999999975
881,2159.677858843891,350.66333333333296
882,2161.6216017006795,380.07583333333287
883,2163.563265234873,373.9091666666659
884,2165.5055807307713,374.15499999999975
885,2167.4458186927113,390.87583333333305
886,2169.384662861363,359.9424999999992
887,2171.324159166805,368.6591666666659
888,2173.261581116272,382.1466666666661
889,2175.1982927926656,389.62999999999965
890,2177.133613739824,368.9299999999994
891,2179.068225693548,384.48833333333323
892,2181.001448695267,377.82583333333287
893,2182.934644079557,405.1799999999994
894,2184.865092087539,413.6466666666661
895,2186.796872955402,425.45083333333287
896,2188.7259087155453,443.88833333333287
897,2190.65491840994,447.871666666666
898,2192.5832228241165,469.434166666666
899,2194.509465128281,489.4299999999994
900,2196.4350039170317,512.7424999999994
901,2198.359839575715,475.66333333333296
902,2200.283972489392,436.4549999999999
903,2202.206725424934,461.2716666666661
904,2204.128099508426,447.9591666666661
905,2206.0494501123408,401.121666666666
906,2207.9687462483184,417.29249999999956
907,2209.8880196706987,453.63416666666626
908,2211.8052408705116,459.67583333333323
909,2213.7224401207795,467.85499999999956
910,2215.6382652813036,494.2049999999995
911,2217.554068762353,542.4633333333331
912,2219.4684994078398,528.563333333333
913,2221.380883181757,569.2174999999997
914,2223.2925717540124,574.746666666666
915,2225.2035655036293,666.4424999999992
916,2227.113864809343,773.4341666666664
917,2229.023470049626,903.6174999999994
918,2230.93103374597,1157.3674999999994
919,2232.8392524791766,1550.2174999999997
920,2234.7454314021097,2163.5424999999996
921,2236.6502455530513,3067.334166666666
922,2238.5543689915426,4258.555
923,2240.4584748001516,5832.946666666665
924,2242.3605452334054,7090.342499999999
925,2244.2625987872075,7047.305
926,2246.163291153471,6746.588333333333
927,2248.061951703958,5496.442499999999
928,2249.960596740273,3840.7966666666657
929,2251.8578834128084,2325.2008333333324
930,2253.7544838268936,1533.0383333333334
931,2255.6503983547937,1116.3383333333327
932,2257.545627368507,943.2966666666662
933,2259.43950096321,822.3466666666659
934,2261.3320202368413,720.600833333333
935,2263.22385607865,680.6966666666663
936,2265.1136697570655,654.2841666666659
937,2267.00414032874,612.3883333333324
938,2268.893259510191,645.3841666666663
939,2270.7816972212604,636.5549999999994
940,2272.6687852453247,647.7674999999995
941,2274.5545246737615,685.7174999999997
942,2276.4395847003534,747.4341666666664
943,2278.3232978291308,818.250833333333
944,2280.207000393581,887.7966666666657
945,2282.0893572743034,966.3966666666661
946,2283.971036700287,1014.2008333333324
947,2285.8513721350478,1048.7341666666657
948,2287.7303646634455,961.184166666666
949,2289.6086817919245,808.600833333333
950,2291.48632388458,689.2424999999994
951,2293.3632913052375,609.438333333333
952,2295.2382530077316,536.5466666666662
953,2297.1138726530257,486.67583333333323
954,2298.986823034918,474.8966666666661
955,2300.8597666180385,413.46749999999975
956,2302.7313735482526,404.62166666666644
957,2304.6029739254423,397.85083333333296
958,2306.472574575462,360.76333333333287
959,2308.342169393899,360.52999999999975
960,2310.2097666342524,378.11333333333323
961,2312.0766952026797,357.08833333333314
962,2313.942955458233,348.7049999999999
963,2315.8078846745443,340.35083333333296
964,2317.672809617737,335.8383333333327
965,2319.535742101755,352.5341666666659
966,2321.398008654099,356.7049999999995
967,2323.2602717691625,336.47999999999956
968,2325.120545391538,363.2008333333324
969,2326.9801546254544,325.78833333333296
970,2328.8384383985076,323.82166666666626
971,2330.6967201589523,332.06749999999965
972,2332.5530166850845,320.59249999999975
973,2334.4086511876862,317.1799999999994
974,2336.2642845058926,281.7049999999995
975,2338.1185957880093,341.20083333333287
976,2339.970926079607,296.47583333333296
977,2341.822596703099,287.10499999999956
978,2343.674267555236,294.72999999999956
979,2345.5246196644694,301.76333333333287
980,2347.3743131619526,296.0549999999994
981,2349.2226895587974,294.75916666666626
982,2351.0704085155153,290.65499999999975
983,2352.91615363865,298.2841666666659
984,2354.7612429587534,293.5091666666667
985,2356.606334729711,293.8299999999995
986,2358.4501132582022,313.1174999999994
987,2360.292579594143,306.06333333333305
988,2362.1350491941603,285.41333333333296
989,2363.9762077652736,264.27583333333314
990,2365.815399617171,305.00916666666626
991,2367.6545960092863,287.50916666666626
992,2369.493140317858,294.2424999999994
993,2371.3310328896205,277.84249999999975
994,2373.1669624567503,282.62999999999965
995,2375.0022419089487,288.6341666666667
996,2376.8368715914644,288.28833333333296
997,2378.67019673828,284.2424999999994
998,2380.5028732687783,301.8049999999994
999,2382.334901527114,259.22583333333296
1000,2384.164973024659,278.52999999999975
1001,2385.995052047911,259.0549999999994
1002,2387.82448429219,287.17583333333323
1003,2389.652616377456,269.9216666666657
1004,2391.4794493388317,292.2841666666659
1005,2393.305637471742,253.93833333333305
1006,2395.1311811175387,289.4508333333324
1007,2396.9554278167425,287.25916666666626
1008,2398.779031171294,256.9091666666659
1009,2400.601991521462,251.98833333333278
1010,2402.423657096829,286.7674999999995
1011,2404.243377045574,294.77583333333314
1012,2406.063759689406,283.0716666666667
1013,2407.882849724335,290.54666666666617
1014,2409.6999969843205,254.0341666666659
1015,2411.517807036311,276.3674999999994
1016,2413.333675905249,296.26333333333287
1017,2415.14890631328,254.71749999999975
1018,2416.962848319844,273.21333333333314
1019,2418.7761529955883,285.44666666666626
1020,2420.5894704967745,265.5716666666667
1021,2422.4008516977046,296.03833333333296
1022,2424.2122463950323,278.0966666666659
1023,2426.0217068309134,288.23416666666617
1024,2427.8298836151653,242.42583333333323
1025,2429.637426445486,245.52583333333314
1026,2431.4449841090545,269.1799999999994
1027,2433.2519080305606,269.16333333333296
1028,2435.0562545451044,263.8966666666661
1029,2436.861264890778,284.3674999999994
1030,2438.664995401262,252.94666666666626
1031,2440.4667997697006,256.78833333333296
1032,2442.268620964471,241.83416666666608
1033,2444.069164904534,256.41749999999956
1034,2445.8690792394023,257.32583333333287
1035,2447.6677178850787,240.50499999999965
1036,2449.4670204140334,239.91749999999956
1037,2451.263110025961,244.18833333333305
1038,2453.0592184426123,258.1424999999995
1039,2454.8546998042993,254.50083333333305
1040,2456.6495544393406,252.31333333333305
1041,2458.4431376146,250.79249999999956
1042,2460.2360951692103,220.1966666666649
1043,2462.027782818997,297.55083333333323
1044,2463.8182015650145,258.09249999999975
1045,2465.607996569618,242.70499999999947
1046,2467.3971681586963,228.14666666666608
1047,2469.1857166579093,249.51333333333287
1048,2470.972998902931,233.27999999999975
1049,2472.7590158907287,235.22999999999956
1050,2474.5450547015926,245.57999999999947
1051,2476.329829351567,255.89666666666608
1052,2478.112698240118,243.20916666666608
1053,2479.8955901462873,234.04249999999956
1054,2481.6785047232265,281.2841666666659
1055,2483.4588739218607,229.9716666666659
1056,2485.239266882462,236.2216666666659
1057,2487.019041778327,211.73833333333323
1058,2488.796275158288,247.91749999999956
1059,2490.5741745220694,219.42166666666571
1060,2492.3508164171226,214.77166666666653
1061,2494.126842421604,215.99249999999938
1062,2495.900972117632,242.63416666666626
1063,2497.6751275978722,266.8674999999994
1064,2499.4486685907236,254.02999999999975
1065,2501.220955711315,237.10499999999956
1066,2502.9919899427855,221.16749999999956
1067,2504.762411528758,221.42583333333278
1068,2506.531581746511,225.20499999999947
1069,2508.300140396079,209.92999999999938
1070,2510.067449195527,232.71749999999975
1071,2511.8354242586497,213.0674999999992
1072,2513.600873789458,240.47583333333296
1073,2515.3657139003803,209.88416666666626
1074,2517.1299449069124,214.11333333333323
1075,2518.893567124336,215.621666666666
1076,2520.65594359015,209.96333333333314
1077,2522.417712336304,212.52999999999975
1078,2524.178873677084,228.47999999999956
1079,2525.9381546889244,205.33833333333314
1080,2527.6974662001853,221.42999999999938
1081,2529.454899324957,235.309166666666
1082,2531.2129995363402,198.48416666666617
1083,2532.9685871200804,177.71749999999975
1084,2534.7242064531288,206.42999999999938
1085,2536.4792218857515,217.60499999999956
1086,2538.232998642498,225.26333333333287
1087,2539.985537689555,224.92999999999938
1088,2541.7368399919787,214.04249999999956
1089,2543.4888098122974,211.76333333333287
1090,2545.238909293303,203.34249999999975
1091,2546.987774048599,184.55499999999938
1092,2548.737306379387,186.38416666666626
1093,2550.4849710404533,209.35499999999956
1094,2552.2314029897334,218.97999999999956
1095,2553.9766031867266,206.89249999999947
1096,2555.7224713235205,234.51333333333287
1097,2557.4664756289726,220.5966666666659
1098,2559.2098826662195,219.77166666666608
1099,2560.952692742028,215.50083333333305
1100,2562.6936420733937,188.29249999999956
1101,2564.4339959212184,181.80083333333323
1102,2566.1737545909696,194.54249999999956
1103,2567.912918387909,184.93833333333305
1104,2569.6508564362093,216.80499999999938
1105,2571.388831618211,200.22999999999956
1106,2573.1249513425064,199.97999999999956
1107,2574.8604782745547,219.92166666666617
1108,2576.5947823987253,192.35499999999956
1109,2578.328494767738,214.25083333333305
1110,2580.0616156844035,196.52999999999975
1111,2581.793515776887,201.37583333333305
1112,2583.525454911203,202.8716666666669
1113,2585.255545009802,184.86333333333323
1114,2586.9850457228317,208.11333333333323
1115,2588.712699717805,221.11333333333323
1116,2590.4410229911205,190.77583333333268
1117,2592.168129392628,196.38416666666672
1118,2593.893391689224,145.71749999999975
1119,2595.619951269979,181.10083333333296
1120,2597.3440400248724,178.12999999999965
1121,2599.0669152433225,194.79666666666617
1122,2600.789832506445,189.871666666666
1123,2602.5109101481653,155.83833333333314
1124,2604.232657326148,190.24249999999938
1125,2605.9525663304853,162.92999999999938
1126,2607.671891675088,170.01333333333287
1127,2609.390007399532,192.65499999999975
1128,2611.1075404829317,168.48416666666617
1129,2612.8244912216096,181.86749999999938
1130,2614.540234290887,187.0341666666659
1131,2616.2553960314767,187.42999999999938
1132,2617.96872634454,174.05083333333323
1133,2619.68272673723,175.61333333333323
1134,2621.3955219127556,184.08833333333314
1135,2623.1064882376836,181.20916666666608
1136,2624.816875976411,179.17166666666617
1137,2626.5266854223714,174.80083333333323
1138,2628.2365407981324,191.44666666666626
1139,2629.944570608741,171.20499999999993
1140,2631.651399919385,165.01333333333287
1141,2633.3582762486835,166.60083333333296
1142,2635.0639530833223,158.32999999999947
1143,2636.7678084693225,152.32166666666672
1144,2638.472957291942,193.36333333333323
1145,2640.1756632120205,164.71749999999975
1146,2641.877172903152,159.9716666666659
1147,2643.5793533960828,168.29249999999956
1148,2645.2797164126905,172.31749999999965
1149,2646.9795067360856,161.40499999999975
1150,2648.6781032466547,172.73833333333323
1151,2650.3767492604807,175.93833333333305
1152,2652.0735814668433,162.7216666666659
1153,2653.769842971519,189.75499999999965
1154,2655.4661546355424,165.89249999999993
1155,2657.160655027105,178.82166666666626
1156,2658.8539658409413,144.85916666666617
1157,2660.547327884683,197.809166666666
1158,2662.2401210805047,159.75083333333305
1159,2663.93048712024,153.1216666666669
1160,2665.6215247801883,185.57999999999947
1161,2667.3113757509354,169.74249999999938
1162,2669.000040941194,171.66333333333296
1163,2670.6881399595472,166.27999999999975
1164,2672.3750545971448,178.90083333333314
1165,2674.06140404651,128.17583333333323
1166,2675.747188591643,140.6383333333324
1167,2677.431790644026,163.496666666666
1168,2679.115828773304,186.67583333333323
1169,2680.798685803726,156.246666666666
1170,2682.480979890223,134.14249999999947
1171,2684.1620942692375,199.75083333333305
1172,2685.842646681564,156.55499999999938
1173,2687.522020775278,152.54666666666617
1174,2689.2008338776,184.92583333333323
1175,2690.8797024914,153.62583333333305
1176,2692.55677823207,160.60499999999956
1177,2694.2332942352773,169.88416666666626
1178,2695.9086351761257,169.72999999999956
1179,2697.5834173503627,164.47583333333296
1180,2699.2576410374822,193.2216666666659
1181,2700.9306915272446,146.98833333333323
1182,2702.6031844982363,172.70499999999947
1183,2704.2745056491995,177.77583333333314
1184,2705.944655872494,146.88416666666672
1185,2707.614250230398,174.57583333333287
1186,2709.2839029668835,151.52583333333223
1187,2710.951158697379,186.32999999999947
1188,2712.619700885471,183.95916666666608
1189,2714.285847846285,204.0966666666659
1190,2715.9514411426794,224.9091666666659
1191,2717.6158681038232,253.934166666666
1192,2719.279742359351,261.83833333333314
1193,2720.9436767243337,256.13416666666626
1194,2722.6052215178347,291.4924999999994
1195,2724.2680516439013,301.13833333333287
1196,2725.927882036808,260.94249999999965
1197,2727.5883857711,279.11333333333323
1198,2729.2471158046374,240.55083333333323
1199,2730.9052962713613,246.70083333333287
1200,2732.563538564007,260.08833333333314
1201,2734.2200095964963,231.67999999999938
1202,2735.875932285464,227.43833333333305
1203,2737.530696390138,198.34249999999975
1204,2739.184913099534,217.68833333333305
1205,2740.838582685225,181.8883333333324
1206,2742.4904856034027,157.04666666666617
1207,2744.1430621589634,161.10499999999956
1208,2745.793873395123,162.54249999999956
1209,2747.4447487006532,193.5966666666659
1210,2749.093860435687,181.67583333333323
1211,2750.741818977787,155.42166666666617
1212,2752.3898425996467,170.51333333333287
1213,2754.036713968802,184.45083333333287
1214,2755.6824339562604,156.52583333333314
1215,2757.328219629039,143.94249999999965
1216,2758.973462755965,162.21749999999975
1217,2760.6169482098608,150.9508333333324
1218,2762.2592849571884,149.74249999999938
1219,2763.9010811628855,155.48833333333323
1220,2765.5429441917354,145.57166666666626
1221,2767.1830530164984,155.95083333333287
1222,2768.8226224988543,161.02583333333314
1223,2770.4616529047985,135.12999999999965
1224,2772.1001445001534,153.80499999999938
1225,2773.7368853491857,171.28833333333296
1226,2775.3730887151173,143.77583333333314
1227,2777.0093605654465,188.63416666666626
1228,2778.6444895603086,180.67166666666571
1229,2780.2778712552245,138.09249999999975
1230,2781.9113224259804,147.82999999999947
1231,2783.5442378323373,182.34249999999975
1232,2785.1754083177284,186.19666666666626
1233,2786.806044358394,135.4716666666659
1234,2788.4367505309133,160.94249999999965
1235,2790.0657141558504,136.21749999999975
1236,2791.6941445190696,130.45499999999947
1237,2793.3214381616685,165.88833333333287
1238,2794.9488029842737,150.84249999999975
1239,2796.574428678364,149.33416666666608
1240,2798.19952294601,140.35083333333296
1241,2799.824688979279,131.29666666666617
1242,2801.4481182439936,132.10499999999956
1243,2803.0710172572703,124.50916666666672
1244,2804.6927839378955,158.52999999999975
1245,2806.3146234240257,140.95916666666608
1246,2807.934127593693,141.30499999999938
1247,2809.553705479652,167.88833333333287
1248,2811.172755196017,127.89666666666608
1249,2812.7906756417533,182.13833333333287
1250,2814.4086699897716,181.25916666666626
1251,2816.0249350075715,151.79249999999956
1252,2817.640673671042,149.5966666666659
1253,2819.255285660953,174.27999999999975
1254,2820.869972582341,188.8466666666659
1255,2822.4829335490213,172.45916666666608
1256,2824.0959699599275,194.77583333333314
1257,2825.7078818950713,176.0049999999992
1258,2827.3186701953455,188.14249999999947
1259,2828.928935106271,222.09666666666635
1260,2830.538077672035,198.059166666666
1261,2832.14669774756,234.75499999999965
1262,2833.7535979433405,210.32166666666626
1263,2835.3611741902614,238.33833333333314
1264,2836.9682287095775,204.90499999999975
1265,2838.5735652765807,228.49249999999938
1266,2840.1783813997117,211.40083333333314
1267,2841.782079480357,230.871666666666
1268,2843.3846603524084,218.2466666666669
1269,2844.987319778013,221.26749999999947
1270,2846.5894601577106,241.0966666666659
1271,2848.189887588155,198.48416666666617
1272,2849.790394134253,226.05499999999938
1273,2851.3891893933837,230.11333333333323
1274,2852.987467771783,197.434166666666
1275,2854.5846332141286,248.48833333333323
1276,2856.1812826621476,219.39666666666608
1277,2857.778012286623,205.91333333333296
1278,2859.373630303421,237.39666666666608
1279,2860.9675420035255,265.82583333333287
1280,2862.5615348211563,246.25916666666626
1281,2864.1538229733414,246.8466666666659
1282,2865.7461927405084,250.30499999999938
1283,2867.337454259011,251.27166666666608
1284,2868.929392081802,269.44249999999965
1285,2870.5184389977708,261.9549999999995
1286,2872.107568520107,288.40083333333314
1287,2873.69618631964,316.35499999999956
1288,2875.2831050213204,252.67166666666617
1289,2876.8695132585763,262.34249999999975
1290,2878.4554112776664,267.1799999999994
1291,2880.0413925631124,264.40083333333314
1292,2881.625677645613,297.434166666666
1293,2883.209453629061,271.08833333333314
1294,2884.7921280920677,254.121666666666
1295,2886.3737018507313,236.5008333333326
1296,2887.955360293059,269.81749999999965
1297,2889.536510996837,278.30083333333323
1298,2891.1165623002853,246.02583333333314
1299,2892.6955150172903,273.87999999999965
1300,2894.2733699608175,253.12583333333305
1301,2895.850719280258,242.93833333333305
1302,2897.426972070722,263.8466666666659
1303,2899.0027201015923,226.19249999999965
1304,2900.5779636152884,294.66333333333296
1305,2902.1532934343722,289.746666666666
1306,2903.726938060045,270.29666666666617
1307,2905.299489070225,246.50916666666626
1308,2906.8715372864003,278.7216666666659
1309,2908.4424931243807,268.0133333333324
1310,2910.0129470273523,336.15083333333314
1311,2911.5834886843318,327.5508333333328
1312,2913.1529392504303,330.45083333333287
1313,2914.720710458505,387.40499999999975
1314,2916.2879814448534,395.75083333333305
1315,2917.8547524488417,432.82583333333287
1316,2919.4204352010215,511.1799999999994
1317,2920.9856188243834,559.1758333333332
1318,2922.5497154239365,704.0799999999995
1319,2924.1144896390665,853.5466666666657
1320,2925.6770017893728,1081.7675
1321,2927.239016513184,1423.6633333333334
1322,2928.800534047998,1893.2758333333327
1323,2930.3609674331647,2488.546666666666
1324,2931.9209044774634,3147.2675
1325,2933.4809322422384,3632.250833333333
1326,2935.0392904904134,3713.459166666666
1327,2936.5965670289706,3491.459166666666
1328,2938.153348918198,2956.8216666666663
1329,2939.7090503144773,2310.83
1330,2941.2642579046606,1655.3008333333332
1331,2942.8189719238285,1184.2008333333333
1332,2944.3726070853595,924.309166666666
1333,2945.926334852879,729.2299999999996
1334,2947.478984603423,579.2549999999997
1335,2949.0299721631504,515.5966666666659
1336,2950.58046843712,428.4924999999994
1337,2952.130473658724,370.80083333333323
1338,2953.6805724704745,384.09249999999975
1339,2955.2284276533246,361.09249999999975
1340,2956.7763772621433,345.2716666666661
1341,2958.323253265422,345.72583333333296
1342,2959.8696401196144,317.31749999999965
1343,2961.4155380566995,307.81749999999965
1344,2962.9597807058917,329.96333333333314
1345,2964.503535638609,298.42166666666617
1346,2966.046220152785,302.9716666666659
1347,2967.5901660275213,270.1174999999994
1348,2969.1318764473504,320.25499999999965
1349,2970.6731004416333,326.10083333333296
1350,2972.212673845256,343.496666666666
1351,2973.7523440319205,319.23833333333323
1352,2975.2921106806066,329.69249999999965
1353,2976.829065233985,382.32166666666626
1354,2978.3666989053495,384.0549999999994
1355,2979.9038482622204,364.0216666666661
1356,2981.4381891405383,375.871666666666
1357,2982.974371286465,421.6466666666661
1358,2984.507746872846,451.21333333333314
1359,2986.041801620275,454.871666666666
1360,2987.574213190213,459.40499999999975
1361,2989.1073036457783,496.98416666666617
1362,2990.638752108089,504.9716666666659
1363,2992.1685598974027,495.8341666666661
1364,2993.6978876101653,508.94249999999965
1365,2995.2278943865235,518.5299999999997
1366,2996.7562622603405,497.02999999999975
1367,2998.2841507351955,491.79666666666617
1368,2999.8115600366077,476.0549999999994
1369,3001.3361754675684,457.40499999999975
1370,3002.861470725067,430.69249999999965
1371,3004.38744494594,435.35499999999956
1372,3005.9094717712555,395.5383333333334
1373,3007.433334745139,382.92583333333323
1374,3008.9555649681392,357.15083333333314
1375,3010.4784743273503,340.45083333333287
1376,3011.9997521064415,335.28416666666635
1377,3013.5193996125167,344.13833333333287
1378,3015.0385723570976,307.9591666666661
1379,3016.5572705626346,268.5174999999995
1380,3018.0754944514388,278.85083333333296
1381,3019.59324424568,235.45083333333287
1382,3021.1093674020144,253.31749999999965
1383,3022.6250176271055,225.53833333333296
1384,3024.1401951422063,258.91749999999956
1385,3025.653748480949,232.996666666666
1386,3027.1679815983225,223.98416666666617
1387,3028.680591698652,219.94249999999965
1388,3030.192730689614,213.40499999999975
1389,3031.704398791268,200.54666666666617
1390,3033.214446328292,206.36749999999938
1391,3034.725173668905,188.15083333333314
1392,3036.2342815996067,209.12999999999965
1393,3037.741771411926,151.31749999999965
1394,3039.2510897929155,213.14249999999947
1395,3040.7576423845885,208.34249999999975
1396,3042.263727050231,184.2216666666659
1397,3043.76934400781,191.3883333333324
1398,3045.2744934751586,182.48416666666617
1399,3046.778028986432,154.4716666666659
1400,3048.2810981542743,187.85083333333296
1401,3049.7837011956144,171.60916666666617
1402,3051.2869839443915,152.85499999999956
1403,3052.787509765846,173.41749999999956
1404,3054.288715727926,169.74249999999938
1405,3055.787167324626,187.41333333333296
1406,3057.286299493616,176.35916666666617
1407,3058.7838236987673,219.13833333333287
1408,3060.2820281985387,175.92166666666617
1409,3061.779769009628,165.67583333333323
1410,3063.274760780816,154.42583333333323
1411,3064.770433137124,164.78833333333296
1412,3066.265643156222,162.6591666666659
1413,3067.7592493281686,173.37999999999965
1414,3069.2512529247356,168.32583333333287
1415,3070.745078275596,145.559166666666
1416,3072.237301478116,153.24249999999938
1417,3073.7279238022,165.621666666666
1418,3075.218086479953,85.9966666666669
1419,3076.7077897239474,155.46333333333314
1420,3078.197033746622,138.94249999999965
1421,3079.685818760285,138.6591666666659
1422,3081.1730064177723,131.14666666666608
1423,3082.6597361917807,131.95083333333287
1424,3084.1448704350028,148.70916666666608
1425,3085.6306854264117,128.49249999999938
1426,3087.1149060093067,119.18416666666599
1427,3088.598670252982,142.86749999999938
1428,3090.080841907869,126.93416666666599
1429,3091.5636944535386,108.9716666666659
1430,3093.046091290721,118.33416666666608
1431,3094.528032629455,122.50083333333305
1432,3096.0072485511846,100.19666666666626
1433,3097.4871455039083,95.80916666666599
1434,3098.965453915847,108.10083333333296
1435,3100.4444430801964,97.00499999999965
1436,3101.9218448172333,104.61333333333323
1437,3103.398793703317,101.75916666666626
1438,3104.874156968755,102.92166666666617
1439,3106.3490684934927,114.51333333333287
1440,3107.823528484977,87.38833333333287
1441,3109.2975371505268,111.78833333333296
1442,3110.769963105758,65.0716666666658
1443,3112.2430700871287,94.20499999999947
1444,3113.7157263636004,80.55916666666599
1445,3115.186801588396,115.75916666666626
1446,3116.656297004706,105.37583333333305
1447,3118.12647358066,110.89666666666608
1448,3119.5950714502715,99.15083333333314
1449,3121.06435020058,120.23416666666617
1450,3122.5309225168317,90.79249999999956
1451,3123.9970476395747,84.68833333333305
1452,3125.4638539138377,96.96749999999975
1453,3126.9290849191,105.45916666666608
1454,3128.3938693441632,73.38416666666626
1455,3129.857080283771,93.32583333333287
1456,3131.3198457378535,64.78416666666635
1457,3132.7821659098263,95.37583333333305
1458,3134.246293163656,80.27166666666608
1459,3135.706596958293,70.92583333333323
1460,3137.166456765385,72.06749999999965
1461,3138.625872787383,74.60916666666617
1462,3140.0848452266164,111.07166666666626
1463,3141.544498654811,65.20916666666608
1464,3143.0014601654952,75.34249999999975
1465,3144.4579793824837,60.60916666666617
1466,3145.9140565071466,97.33833333333314
1467,3147.369691740733,56.07166666666626
1468,3148.8248852843717,81.54666666666617
1469,3150.2785150153427,55.17166666666617
1470,3151.73058215501,83.5341666666659
1471,3153.1844528551524,100.67583333333323
1472,3154.6378826681735,98.78833333333296
1473,3156.088629866829,86.65499999999975
1474,3157.537817312452,104.38416666666626
1475,3158.9888070793745,64.0008333333326
1476,3160.437117544948,85.79666666666617
1477,3161.887229373963,52.58416666666653
1478,3163.3346636553065,34.759166666666715
1479,3164.7816604809163,82.75083333333305
1480,3166.2271014557505,73.17999999999938
1481,3167.6732243025776,74.10083333333296
1482,3169.117792370164,74.51749999999947
1483,3170.563042029788,63.88833333333287
1484,3172.0056207373564,85.87166666666644
1485,3173.449998337732,72.00916666666672
1486,3174.8917067289826,59.73416666666617
1487,3176.3329805938997,64.97999999999956
1488,3177.7738201289017,72.27166666666608
1489,3179.213109969817,55.64666666666608
1490,3180.6530817698163,51.654999999999745
1491,3182.0926198282928,86.10083333333296
1492,3183.5306097881503,39.67999999999938
1493,3184.968167069184,68.48833333333323
1494,3186.4041779838662,73.09249999999975
1495,3187.8408708279294,57.56333333333305
1496,3189.2749051519118,62.57583333333287
1497,3190.709621794292,58.71333333333314
1498,3192.1439074013942,53.20083333333287
1499,3193.577762167433,74.38416666666626
1500,3195.0100744098386,77.05083333333323
1501,3196.4419568667413,76.00499999999965
1502,3197.872298521698,65.71333333333314
1503,3199.3033223210364,66.26749999999947
1504,3200.7339169146217,81.45083333333287
1505,3202.16297228488,63.76749999999947
1506,3203.591599500868,65.7216666666659
1507,3205.018689209126,52.259166666666715
1508,3206.4453518121186,49.28833333333296
1509,3207.871587501559,39.509166666666715
1510,3209.296287918623,67.18833333333305
1511,3210.7216706872227,47.47166666666635
1512,3212.1466271165627,54.26749999999947
1513,3213.5711573978947,71.28833333333296
1514,3214.9930472717465,68.08416666666608
1515,3216.415619597678,73.5008333333326
1516,3217.8366604454814,36.58416666666653
1517,3219.257277230496,68.88416666666672
1518,3220.678576046621,72.39666666666653
1519,3222.0972393712145,65.33833333333223
1520,3223.516585106165,39.57999999999947
1521,3224.9344026217054,37.38416666666626
1522,3226.3517976809435,81.95499999999993
1523,3227.768770472665,51.31333333333305
1524,3229.1853211855446,99.55499999999938
1525,3230.5992428089694,69.75916666666672
1526,3232.014950586956,75.31333333333305
1527,3233.429133908259,52.43833333333305
1528,3234.8428965603753,55.2466666666669
1529,3236.2551364438073,45.89249999999947
1530,3237.666956688571,86.85499999999956
1531,3239.0783574816796,54.17999999999938
1532,3240.4893390100337,66.27166666666608
1533,3241.899901460422,60.89249999999947
1534,3243.3089443682065,78.99249999999938
1535,3244.7175692245874,31.442499999999654
1536,3246.125776215586,93.47999999999956
1537,3247.532465854694,88.90083333333314
1538,3248.938738652065,69.63833333333287
1539,3250.344594792954,70.5341666666659
1540,3251.750034462507,84.95499999999947
1541,3253.15615621569,44.196666666666715
1542,3254.55966512764,66.9383333333326
1543,3255.961661053099,90.32999999999993
1544,3257.3643399411776,96.86749999999938
1545,3258.7655068600984,86.23416666666617
1546,3260.1684532069803,74.96333333333314
1547,3261.568791530406,80.61333333333278
1548,3262.9687161555707,82.66749999999956
1549,3264.3671314908506,80.14249999999947
1550,3265.7662295928862,77.43833333333305
1551,3267.1638194179777,73.10499999999956
1552,3268.560996923591,93.36749999999938
1553,3269.9566678097835,98.97583333333296
1554,3271.353021546429,71.51333333333287
1555,3272.7489635104453,77.21333333333314
1556,3274.143400369215,67.55499999999938
1557,3275.5374264639267,86.05499999999938
1558,3276.931041976054,54.27166666666653
1559,3278.323154537839,49.6924999999992
1560,3279.715949750458,77.31333333333305
1561,3281.106151111524,71.34666666666635
1562,3282.495943899227,-2.9033333333336486
1563,3283.88641955846,54.64249999999947
1564,3285.275395419,69.5633333333326
1565,3286.66396324627,89.95083333333287
1566,3288.052123220042,99.8716666666669
1567,3289.4387855367313,96.88833333333287
1568,3290.8239513352482,104.81749999999965
1569,3292.2119791296213,68.97166666666635
1570,3293.597421100456,69.0674999999992
1571,3294.9813680488046,100.48833333333323
1572,3296.364909496541,77.90083333333314
1573,3297.74804562186,88.57999999999947
1574,3299.13186435132,81.54249999999956
1575,3300.5131026174904,68.39666666666653
1576,3301.8939367319053,57.10083333333296
1577,3303.274366871923,60.20499999999947
1578,3304.654393214795,80.45499999999993
1579,3306.034015937673,60.342499999999745
1580,3307.411063535813,55.717499999999745
1581,3308.788794660853,68.32166666666626
1582,3310.168293744058,72.74249999999938
1583,3311.5441346119005,59.300833333332776
1584,3312.919574010849,73.37166666666644
1585,3314.2946121165996,26.1299999999992
1586,3315.669249104745,84.88416666666626
1587,3317.0434851507794,85.37999999999965
1588,3318.4173204300905,79.92166666666617
1589,3319.789672125373,47.15083333333314
1590,3321.1616240355884,82.89249999999947
1591,3322.533176335407,92.98416666666617
1592,3323.904329199394,82.16333333333296
1593,3325.272919338173,58.8716666666669
1594,3326.6421930662527,53.78833333333296
1595,3328.0110685106292,83.11333333333278
1596,3329.380626633505,83.2216666666659
1597,3330.747625243173,64.56333333333305
1598,3332.114226718211,66.12999999999965
1599,3333.4804312316564,42.42166666666617
1600,3334.8451594232074,44.75916666666626
1601,3336.210570845635,50.817499999999654
1602,3337.5745069181403,32.238333333332776
1603,3338.938047346186,48.43416666666599
1604,3340.3011923018953,78.72583333333296
1605,3341.6628639887695,74.29249999999956
1606,3343.0241411720785,60.9341666666669
1607,3344.3850240232423,33.82999999999993
1608,3345.7444356812584,61.54249999999956
1609,3347.1045306938704,65.70916666666608
1610,3348.4642318878605,30.625833333332594
1611,3349.8224633369177,61.54249999999956
1612,3351.179226145644,33.61333333333323
1613,3352.536672368261,12.6299999999992
1614,3353.8926509129556,62.38833333333241
1615,3355.249312589875,91.42166666666617
1616,3356.6045075503444,39.379999999999654
1617,3357.9582368953124,52.10916666666617
1618,3359.3126495709275,60.592499999999745
1619,3360.664523976314,67.71749999999975
1620,3362.017082050294,72.00083333333305
1621,3363.3681770438293,29.075833333332866
1622,3364.7188827387545,66.47999999999956
1623,3366.069199303302,44.09666666666635
1624,3367.420198973138,57.61749999999938
1625,3368.7697374724935,34.40916666666635
1626,3370.1188873457186,36.40083333333223
1627,3371.4665776189613,57.071666666666715
1628,3372.812809384273,91.10083333333296
1629,3374.1607953104253,53.23833333333323
1630,3375.5062528450176,41.24249999999938
1631,3376.8513238221444,38.73416666666617
1632,3378.197078011631,17.479999999999563
1633,3379.54030677018,31.092499999999745
1634,3380.883150084685,52.17999999999938
1635,3382.2266768035934,50.404999999999745
1636,3383.567681045004,58.7216666666659
1637,3384.909369022297,34.77583333333223
1638,3386.2517399818116,25.07583333333241
1639,3387.590523341753,24.71333333333314
1640,3388.9310577782385,34.529999999999745
1641,3390.2690742380623,29.071666666666715
1642,3391.607774340872,48.47583333333296
1643,3392.9460910997877,34.22583333333296
1644,3394.282958749409,43.754999999999654
1645,3395.6194439943206,23.096666666665897
1646,3396.9544816779326,53.07583333333287
1647,3398.2902029101174,54.37166666666599
1648,3399.6244775175655,73.04666666666617
1649,3400.958370984306,21.71333333333314
1650,3402.2908193697103,44.64249999999947
1651,3403.622887548361,67.23833333333323
1652,3404.9556391797873,37.16333333333296
1653,3406.2880103228385,63.15083333333314
1654,3407.6178753606814,10.442499999999654
1655,3408.9484240354104,39.14249999999947
1656,3410.276468747551,58.97166666666635
1657,3411.6062594022137,64.40916666666635
1658,3412.9346093079093,75.44666666666672
1659,3414.2615195337094,31.938333333332594
1660,3415.588052222392,14.346666666666351
1661,3416.9142075350615,43.15083333333314
1662,3418.2399856327297,23.371666666666897
1663,3419.56538667632,55.88833333333287
1664,3420.888291088966,42.02166666666653
1665,3422.2129391094372,51.379999999999654
1666,3423.5361512910945,25.517499999999927
1667,3424.858987663075,41.01333333333287
1668,3426.179331054391,47.259166666666715
1669,3427.5003585229756,41.192499999999654
1670,3428.82206932736,29.20083333333241
1671,3430.142347196645,-1.2033333333338305
1672,3431.4611931903773,38.60499999999956
1673,3432.7807226978384,11.642499999999927
1674,3434.097764381201,1.5674999999996544
1675,3435.4144333287413,27.292499999999563
1676,3436.731785966715,48.92166666666617
1677,3438.047709618322,-8.76166666666677
1678,3439.363261008595,36.571666666666715
1679,3440.678440295475,-15.6825000000008
1680,3441.993247636812,37.3466666666659
1681,3443.305573639792,15.13416666666626
1682,3444.618583682181,54.946666666666715
1683,3445.9312228476947,32.063333333332594
1684,3447.243491293448,34.22583333333341
1685,3448.554335591889,11.450833333332412
1686,3449.8648100792016,26.604999999999563
1687,3451.1749149118577,16.684166666665988
1688,3452.4846502462433,26.888333333332866
1689,3453.791911444972,25.725833333332957
1690,3455.1009088450364,16.46333333333314
1691,3456.407433607159,46.98416666666617
1692,3457.7135906803023,29.954999999999472
1693,3459.021482644022,41.17166666666617
1694,3460.3269042132333,32.14666666666653
1695,3461.630907938316,35.41749999999956
1696,3462.935595511122,2.3883333333324117
1697,3464.238866140054,38.5049999999992
1698,3465.5428203353335,39.1299999999992
1699,3466.8443090459086,28.288333333332957
1700,3468.146481631337,46.42166666666617
1701,3469.44723965952,33.5966666666659
1702,3470.7476327243676,11.600833333332957
1703,3472.0476609794578,-1.0783333333338305
1704,3473.346276609356,35.17166666666617
1705,3474.644528323944,32.65916666666635
1706,3475.9424162761734,23.48416666666617
1707,3477.2409877072378,44.16333333333296
1708,3478.537101504924,53.97583333333296
1709,3479.833899086919,-22.982500000000073
1710,3481.129287308416,33.254999999999654
1711,3482.4243131166177,25.08833333333314
1712,3483.7200222874344,2.9883333333332303
1713,3485.0132781013153,25.754999999999654
1714,3486.3061725423586,17.354999999999563
1715,3487.598705762009,12.767499999999472
1716,3488.88983345584,8.263333333332412
1717,3490.1816449784133,26.42999999999938
1718,3491.4720518605714,18.259166666666715
1719,3492.7620987088458,5.892499999999927
1720,3494.0507423832632,48.5966666666659
1721,3495.3411129062883,56.51749999999947
1722,3496.629037847736,24.27583333333223
1723,3497.915561520164,53.634166666666715
1724,3499.2027692009337,-23.170000000000073
1725,3500.4896183309042,14.842499999999745
1726,3501.7750675119096,5.209166666666533
1727,3503.06015902142,11.675833333332776
1728,3504.3448930086943,16.113333333332776
1729,3505.629269622912,-7.4325000000008
1730,3506.9122486233987,11.892499999999472
1731,3508.1938310263745,17.434166666666897
1732,3509.4760974712194,32.9424999999992
1733,3510.7580077164157,10.621666666665988
1734,3512.038522675684,-11.045000000000528
1735,3513.3186823089663,18.35916666666617
1736,3514.5984867641423,16.417499999999563
1737,3515.877936189005,2.8049999999993815
1738,3517.1559926490468,3.8008333333327755
1739,3518.433694949635,22.634166666666715
1740,3519.712080745016,12.100833333332957
1741,3520.9880376611272,4.204999999999927
1742,3522.2636414335607,2.1091666666661695
1743,3523.538892208904,10.050833333332776
1744,3524.8137901336645,31.792499999999563
1745,3526.0883353542667,26.92999999999938
1746,3527.360456445156,1.8049999999993815
1747,3528.634297269305,33.842499999999745
1748,3529.907785827851,17.27583333333223
1749,3531.1788524120752,25.488333333332776
1750,3532.450602808174,-0.09500000000025466
1751,3533.7199332356977,-1.5158333333338305
1752,3534.9899477654776,29.767499999999927
1753,3536.2585781147527,3.2883333333329574
1754,3537.527892285545,-3.815833333333103
1755,3538.7958231355856,-10.920000000000073
1756,3540.0634045952875,6.0216666666660785
1757,3541.330636809047,33.4424999999992
1758,3542.59751992118,13.413333333332957
1759,3543.861989919433,9.950833333332412
1760,3545.1271440350247,10.284166666666351
1761,3546.3909185384823,-2.6575000000002547
1762,3547.6564081056385,-20.086666666667043
1763,3548.9194874045456,15.313333333332594
1764,3550.1822195995696,-8.690833333334012
1765,3551.443574456673,19.45083333333241
1766,3552.7045830618217,33.063333333332594
1767,3553.9673051804525,25.779999999999745
1768,3555.2276211440817,30.67999999999938
1769,3556.486562037161,-1.9908333333332848
1770,3557.7461867768798,4.36333333333323
1771,3559.004437294867,13.125833333332594
1772,3560.2623429791934,-3.2950000000000728
1773,3561.5188758531717,3.5841666666665333
1774,3562.776092576979,2.2049999999994725
1775,3564.0319373365523,15.642499999999927
1776,3565.2884656657047,-16.67416666666759
1777,3566.542595882828,-1.3116666666669516
1778,3567.7974099516127,-34.682500000000346
1779,3569.050854307224,-16.090833333334103
1780,3570.3039560833045,34.48416666666617
1781,3571.556715420279,-3.4950000000008004
1782,3572.809132458498,-6.840833333333649
1783,3574.0601820278453,3.946666666666715
1784,3575.3108901387895,21.33833333333223
1785,3576.5602321800266,-0.18666666666695164
1786,3577.8102580730165,10.567499999999654
1787,3579.0589187343585,-8.520000000000437
1788,3580.3072390543402,14.084166666666079
1789,3581.554195537798,-24.378333333333103
1790,3582.8028592266605,4.83833333333223
1791,3584.0491362804487,-28.82833333333383
1792,3585.294051307719,-3.0825000000004366
1793,3586.5396503220118,6.629999999999654
1794,3587.7849103849235,-26.636666666667224
1795,3589.0298316347894,4.979999999999563
1796,3590.272370837845,15.888333333332412
1797,3591.5166154320946,-5.436666666667406
1798,3592.758479366013,2.4341666666659876
1799,3594.0000061489764,-24.790833333333467
1800,3595.241195918264,18.1924999999992
1801,3596.4820488110836,-1.8741666666669516
1802,3597.721544941565,26.646666666666533
1803,3598.9617247695173,12.063333333332594
1804,3600.2005486622284,21.08416666666608
1805,3601.439036779267,-24.98666666666759
1806,3602.676170339564,-8.415833333333467
1807,3603.913987590751,8.771666666666533
1808,3605.149432743696,12.696666666666715
1809,3606.386579949831,0.5341666666663514
1810,3607.622374247093,-10.603333333333921
1811,3608.856816597817,-9.178333333333285
1812,3610.09092522751,-3.1658333333334667
1813,3611.3236832818393,-14.053333333333285
1814,3612.557125150166,-5.7616666666672245
1815,3613.7892172627644,-8.040833333333467
1816,3615.0209767440306,4.975833333332957
1817,3616.2524037286503,-10.936666666666952
1818,3617.483498351233,-20.374166666667406
1819,3618.714260746318,0.5924999999997453
1820,3619.94266090881,16.563333333332594
1821,3621.171745003619,24.02166666666608
1822,3622.3994832981116,13.346666666665897
1823,3623.6289194952237,18.267499999999472
1824,3624.8559961834453,32.26333333333287
1825,3626.0827425420043,-8.9950000000008
1826,3627.30814527349,-17.14083333333383
1827,3628.533218487204,17.100833333332957
1828,3629.757962316042,6.3049999999993815
1829,3630.982376892828,-11.061666666667406
1830,3632.205450008647,-18.740833333333285
1831,3633.4302188211873,-33.09083333333365
1832,3634.652634640393,2.3758333333330484
1833,3635.87371075532,-15.26583333333383
1834,3637.095470622151,29.292499999999563
1835,3638.3158915914814,19.200833333332866
1836,3639.535985321249,-14.790833333333921
1837,3640.7557519430534,-5.1825000000008
1838,3641.9751915884244,-15.278333333333649
1839,3643.193294488609,6.9841666666661695
1840,3644.4110712162383,8.259166666666715
1841,3645.628521902304,10.60916666666617
1842,3646.8456466777284,-1.7908333333334667
1843,3648.061436853891,12.029999999999745
1844,3649.2769019207603,-17.436666666667406
1845,3650.493050288813,17.163333333332957
1846,3651.706857248099,-3.6241666666674064
1847,3652.920340027773,-2.7158333333336486
1848,3654.1334987576865,-10.149166666667043
1849,3655.3463335676247,-2.4366666666674064
1850,3656.558844587304,-6.59916666666777
1851,3657.7710319463695,29.08833333333223
1852,3658.980882979757,7.167499999999563
1853,3660.191417814259,-1.1450000000004366
1854,3661.400624052017,-15.570000000000618
1855,3662.610513812404,22.350833333332957
1856,3663.819075769867,0.34249999999974534
1857,3665.0263108563504,6.2424999999993815
1858,3666.234229583443,-42.449166666667224
1859,3667.4418267541714,-21.665833333333467
1860,3668.6480982413404,-32.15333333333365
1861,3669.8540489631223,32.39249999999993
1862,3671.0586753255952,-6.099166666666861
1863,3672.2639851671347,-36.311666666667406
1864,3673.4679714382128,24.884166666666715
1865,3674.671637988084,-1.6200000000008004
1866,3675.8739822879734,3.3299999999999272
1867,3677.077010043544,16.5049999999992
1868,3678.2787163355088,-11.2450000000008
1869,3679.480103946797,1.3133333333330484
1870,3680.6801714112016,4.729999999999563
1871,3681.8799209791896,-15.7450000000008
1872,3683.079352777059,-3.490833333333285
1873,3684.2794677284064,-9.686666666667406
1874,3685.477263567306,0.3883333333324117
1875,3686.6757428119467,-10.78666666666686
1876,3687.872904788058,-15.290833333333921
1877,3689.0687504149564,-12.94916666666677
1878,3690.2662790343516,-10.17833333333374
1879,3691.4614923455124,-8.586666666667043
1880,3692.6553910043467,-13.940833333333103
1881,3693.8499732925884,-16.63250000000062
1882,3695.0442401248984,-20.403333333334103
1883,3696.237193470689,-11.915833333333921
1884,3697.4288342446666,12.717499999999745
1885,3698.62215624873,14.584166666666533
1886,3699.8131685636768,-33.999166666667406
1887,3701.0048642017537,27.246666666666897
1888,3702.1952488173442,-28.232500000000073
1889,3703.385319900593,-20.353333333333467
1890,3704.574081259492,-13.449166666667224
1891,3705.7635259118874,-0.3991666666670426
1892,3706.9516616116803,-63.21583333333365
1893,3708.1394847980814,-16.157500000000255
1894,3709.3260003263363,-17.45333333333383
1895,3710.5131991174408,-21.115833333333285
1896,3711.6980962745533,56.375833333332594
1897,3712.8836769401414,-26.82000000000062
1898,3714.0679520073927,-19.678333333333285
1899,3715.2519163438374,-27.57000000000062
1900,3716.4355700717556,3.0091666666662604
1901,3717.6199067540906,-28.811666666667406
1902,3718.8029393709926,9.059166666666897
1903,3719.9836759061986,-33.678333333333285
1904,3721.1660886818454,-10.424166666667588
1905,3722.3462066598327,-8.874166666667406
1906,3723.52700794131,3.8424999999997453
1907,3724.707499987948,-25.295000000000073
1908,3725.8866913005786,-7.5741666666672245
1909,3727.064582778765,-38.928333333333285
1910,3728.243157525733,-25.274166666667043
1911,3729.4204331983983,-4.128333333333103
1912,3730.596410694259,-15.45333333333383
1913,3731.773071561724,-9.649166666667043
1914,3732.950415144974,-8.586666666667043
1915,3734.1244815542364,-26.17416666666759
1916,3735.300220987283,-23.586666666667043
1917,3736.4736748453265,0.5008333333325936
1918,3737.6468228653366,-7.8575000000005275
1919,3738.819665166865,8.934166666666897
1920,3739.9931903886345,-29.66166666666777
1921,3741.1654213540783,0.9133333333329574
1922,3742.336358955124,14.279999999999745
1923,3743.5069918297895,6.325833333332412
1924,3744.677320097014,-13.41166666666777
1925,3745.8473438756723,-25.295000000000073
1926,3747.015089330959,21.0049999999992
1927,3748.1845050022725,-4.34916666666777
1928,3749.353616541078,-22.011666666667224
1929,3750.520451651128,6.521666666666533
1930,3751.6869838906096,-9.615833333333285
1931,3752.8532133774283,0.8216666666667152
1932,3754.019140229431,-47.69500000000062
1933,3755.185749748668,20.954999999999927
1934,3756.350086500063,14.517499999999927
1935,3757.5141214806395,-9.782500000000255
1936,3758.6768703892,-0.8408333333336486
1937,3759.840302435044,20.26333333333241
1938,3761.0024491529985,-11.978333333333467
1939,3762.1642950783853,-18.728333333333467
1940,3763.32584032797,-40.365833333333285
1941,3764.486101873176,5.279999999999745
1942,3765.648029266487,17.021666666666533
1943,3766.8076905519583,-30.761666666667224
1944,3767.967052136163,-11.595000000000255
1945,3769.12513200614,4.246666666666897
1946,3770.282912914385,-24.532500000000255
1947,3771.441376598831,-56.52416666666613
1948,3772.5985596774817,9.321666666666715
1949,3773.7544630259504,-12.53666666666777
1950,3774.91006838148,-32.8075000000008
1951,3776.0653758592916,-31.107500000000073
1952,3777.2203855745456,-16.749166666667406
1953,3778.375097642342,13.750833333332594
1954,3779.528532325486,-17.240833333333285
1955,3780.6806904956006,17.613333333332776
1956,3781.8345110680266,-23.253333333333103
1957,3782.9860762605244,-26.761666666667224
1958,3784.138324231966,-28.045000000000073
1959,3785.289297156118,-22.353333333333467
1960,3786.4389959019154,-13.136666666667224
1961,3787.5893775173563,-28.970000000000255
1962,3788.7384856848994,-13.511666666667224
1963,3789.887298859452,4.534166666666351
1964,3791.035817154591,-3.5158333333338305
1965,3792.1840406838387,-2.1450000000004366
1966,3793.3300158894417,-21.774166666667043
1967,3794.4776507284814,-4.590833333333649
1968,3795.6230384718815,-22.520000000000437
1969,3796.769108988554,-58.845000000001164
1970,3797.9148858061344,-36.949166666667224
1971,3799.0593934526687,33.188333333332594
1972,3800.202632790131,-4.482500000000073
1973,3801.3455797653655,-13.70333333333383
1974,3802.4892093271214,-11.020000000000437
1975,3803.63157166503,0.4758333333329574
1976,3804.7736419770395,-12.690833333333103
1977,3805.9134721963965,30.354999999999563
1978,3807.054959290298,-7.795000000000073
1979,3808.1942075097922,14.7549999999992
1980,3809.3341384886226,-34.6825000000008
1981,3810.4737784974923,6.334166666666533
1982,3811.612154800754,-30.449166666667224
1983,3812.750240853054,-35.3158333333331
1984,3813.887064414101,-30.149166666667043
1985,3815.0245705452417,8.054999999999382
1986,3816.1608149022277,-14.128333333333103
1987,3817.295798338201,-19.00750000000062
1988,3818.4314644283536,-13.824166666667224
1989,3819.566841426992,-31.04916666666759
1990,3820.700958577348,-11.5575000000008
1991,3821.8347873507896,-52.3783333333331
1992,3822.9683278572925,-16.6825000000008
1993,3824.1006100796953,-7.482500000000073
1994,3825.2316348669365,-35.40333333333365
1995,3826.3633423366778,-44.32833333333383
1996,3827.494762471095,10.392499999999927
1997,3828.62492623697,-56.83250000000044
1998,3829.754803378055,37.5049999999992
1999,3830.8843940033717,-6.365833333333285
2000,3832.013698221889,-31.145000000000437
2001,3833.1417479822044,-40.428333333333285
2002,3834.2695120440785,-4.2033333333338305
2003,3835.396990516035,-23.15333333333365
2004,3836.524183506544,-2.9033333333336486
2005,3837.649156763139,-30.92416666666759
2006,3838.7748126696306,-8.049166666667588
2007,3839.9001839088005,20.871666666666897
2008,3841.024304141403,-19.2450000000008
2009,3842.148140411017,-11.607500000000073
2010,3843.2716928252253,-12.795000000000073
2011,3844.394961491558,-27.103333333333467
2012,3845.5179465174906,-12.407500000000255
2013,3846.6396827826825,-21.9950000000008
2014,3847.7601711248435,-1.6241666666674064
2015,3848.8813418634054,9.167499999999563
2016,3850.0022298773843,1.9091666666663514
2017,3851.1218710187627,-3.378333333333103
2018,3852.240266123023,-18.232500000000073
2019,3853.359343564056,-5.228333333333467
2020,3854.4771756661703,-3.8408333333336486
2021,3855.5947265478135,1.2841666666663514
2022,3856.7119963150944,-8.8700000000008
2023,3857.828022273713,-10.374166666667406
2024,3858.943767814044,-8.303333333333285
2025,3860.060195358401,-11.715833333333649
2026,3861.175380137406,-22.815833333333103
2027,3862.2893229817914,-22.98666666666759
2028,3863.4039479051908,-33.470000000000255
2029,3864.516370236916,-24.690833333333103
2030,3865.630435967557,-13.1200000000008
2031,3866.7432611500362,7.634166666666715
2032,3867.854846612561,-22.440833333333103
2033,3868.966153569202,-37.34916666666777
2034,3870.076221978108,-21.71583333333365
2035,3871.1860125711582,-26.00750000000062
2036,3872.2955254526314,-22.503333333333103
2037,3873.405720152695,-25.207500000000437
2038,3874.5137184977084,-13.470000000000255
2039,3875.6223988696115,-12.9950000000008
2040,3876.729843240149,27.642499999999927
2041,3877.8370108989993,-21.803333333333285
2042,3878.9429437222425,-34.3783333333331
2043,3880.0486005196417,-8.199166666667224
2044,3881.1558968931527,-5.924166666667588
2045,3882.2610014708557,-3.0408333333334667
2046,3883.3639157897755,-51.44500000000062
