,Rshift,20250201_113225_222
0,-27.28431624923972,-19.641666666666424
1,-24.137810440559743,-32.849999999999454
2,-20.992855305911224,-33.691666666666606
3,-17.849449699264277,-30.27916666666715
4,-14.709577990190768,-10.0
5,-11.570259296931825,18.675000000000182
6,-8.432485724277697,-8.608333333332666
7,-5.297247424298958,-24.429166666666788
8,-2.163550990117585,-33.71666666666715
9,0.9686047153885033,-29.8125
10,4.098230996806874,-30.625
11,7.226319793020991,-60.587499999999636
12,10.351883377225125,-52.17916666666679
13,13.47690108550667,-9.412499999999454
14,16.599396813964887,-14.5
15,19.71937314585023,8.52083333333303
16,22.838806501711186,176.69999999999982
17,25.95572368194708,197.17500000000018
18,29.070127261761424,142.0583333333334
19,32.18399075351902,146.75
20,35.29534385461391,150.79583333333358
21,38.40517363784589,124.36250000000018
22,41.51249719788232,117.77500000000055
23,44.61928418112446,127.3083333333334
24,47.72258507542738,135.36250000000018
25,50.82535162225085,134.98750000000018
26,53.926601392168415,95.11666666666679
27,57.02437225535298,139.57499999999982
28,60.12063048208482,115.51249999999982
29,63.215377180019566,134.42083333333358
30,66.30959363994587,142.81666666666752
31,69.40034041471665,102.57083333333321
32,72.48860070466732,123.57083333333321
33,75.57731329740307,109.02916666666715
34,78.66256333475965,119.11666666666679
35,81.74631037256418,123.25416666666752
36,84.82855550884238,115.1875
37,87.90929984055099,96.53333333333285
38,90.98756809333871,147.0708333333332
39,94.06433868236475,143.47500000000036
40,97.1405881209893,113.39583333333303
41,100.21339123894579,109.5583333333334
42,103.28470091617095,142.40416666666715
43,106.35354424187857,146.37916666666752
44,109.42187077517436,136.27500000000055
45,112.48676102238159,98.52916666666715
46,115.55113664681949,149.04166666666697
47,118.61402520538982,120.11250000000018
48,121.67445614213274,103.70833333333303
49,124.73243195142234,185.91250000000036
50,127.78989651750489,143.45833333333303
51,130.84490905385366,99.47083333333285
52,133.89844180364437,133.40000000000055
53,136.94952655484522,151.06666666666752
54,139.9991346065499,120.22500000000036
55,143.04726703056593,163.34583333333285
56,146.09295701676533,141.26249999999982
57,149.13717445172796,179.7583333333332
58,152.18088734856704,146.08333333333303
59,155.22216241584337,157.14166666666733
60,158.26003610937104,143.76666666666733
61,161.29740892735327,159.22916666666697
62,164.33331545412594,172.1791666666668
63,167.36679213777288,161.78750000000036
64,170.39880558285302,174.40416666666715
65,173.42839316438452,173.94166666666752
66,176.45652055224213,187.26666666666733
67,179.48318880184246,210.10833333333358
68,182.50936125878457,206.8708333333334
69,185.532152102855,209.63749999999982
70,188.5525265301561,206.92083333333358
71,191.57336968606344,182.58750000000055
72,194.59083808475233,189.16250000000036
73,197.60685550341933,207.12916666666752
74,200.6195039541193,194.3041666666668
75,203.6335825290436,242.58333333333303
76,206.64429514705586,213.52916666666715
77,209.6516456142998,210.37916666666752
78,212.66042610825713,223.27916666666715
79,215.66584745221635,217.2416666666668
80,218.6688701982906,210.27083333333303
81,221.6704530579928,200.41250000000036
82,224.67155290628202,215.53333333333285
83,227.67025864025692,240.97083333333285
84,230.66561774334488,269.7624999999998
85,233.66145185846995,239.8708333333334
86,236.65489724395556,278.4333333333334
87,239.64595629990657,247.38749999999982
88,242.63558452041616,279.95416666666733
89,245.62378293194837,299.3041666666668
90,248.60960037381219,297.77083333333303
91,251.59399096676356,269.02083333333303
92,254.57695573333737,291.72083333333285
93,257.5584956950971,316.90000000000055
94,260.5367111357406,327.03333333333285
95,263.51445554100974,316.26666666666733
96,266.4907791062013,342.3833333333332
97,269.4647338389515,339.02083333333303
98,272.4372706690054,446.1916666666675
99,275.40839061015055,535.5666666666675
100,278.3771470222574,729.895833333333
101,281.34354227106166,961.7958333333336
102,284.3104189718883,1397.6583333333328
103,287.27304392780604,1876.1583333333328
104,290.2342597498509,2334.8166666666675
105,293.19501284369574,2798.4416666666675
106,296.15435791399693,3185.5
107,299.11135146313717,3552.7041666666673
108,302.06599584060206,3747.7125000000005
109,305.020180602477,3992.7333333333336
110,307.97107593352354,4073.133333333333
111,310.9205709374285,4169.270833333334
112,313.8696088729118,4201.1916666666675
113,316.81630576431763,4243.666666666668
114,319.7616053156739,4253.208333333334
115,322.70362667554014,4238.295833333334
116,325.6461354188213,4401.654166666667
117,328.5863097684562,4387.1208333333325
118,331.5232124643944,4673.125000000001
119,334.4596645888623,4733.654166666667
120,337.3956657948935,4753.683333333333
121,340.32746272332156,5128.925
122,343.2588115920873,5239.916666666668
123,346.18877468724133,5349.1375
124,349.1164160675589,5648.125000000001
125,352.0426745233984,5881.8791666666675
126,354.9666149953233,6228.2541666666675
127,357.89011098210506,6672.425000000001
128,360.810356668617,7330.000000000002
129,363.730159822777,8242.870833333334
130,366.64858582226634,9065.887499999999
131,369.5647018076031,9661.941666666666
132,372.47851007211335,9893.504166666666
133,375.3909458601356,8409.966666666667
134,378.3020101411441,8369.866666666665
135,381.2107718077643,7213.758333333334
136,384.1190964182033,6590.254166666667
137,387.0260524242806,6125.429166666666
138,389.92977926968416,5794.770833333334
139,392.8321411918916,5651.804166666667
140,395.73313915306505,5487.5125
141,398.63277411446904,5488.258333333333
142,401.53011802317604,5429.445833333333
143,404.42610172424645,5308.508333333333
144,407.32072617531486,5319.679166666667
145,410.21306462703984,5292.712500000001
146,413.10404661153893,5105.308333333333
147,415.99274624637286,5254.904166666667
148,418.88101859200884,5148.750000000001
149,421.7670113614339,5032.125000000002
150,424.6507268069978,5163.8791666666675
151,427.534017380677,5159.791666666668
152,430.4150333946642,5126.8791666666675
153,433.29377709457617,5093.141666666666
154,436.171174526634,5062.775000000001
155,439.0481500067328,5065.554166666667
156,441.9219343629885,5046.641666666666
157,444.7943761439507,5004.587500000001
158,447.6663983684335,5004.404166666667
159,450.53615738925754,4984.854166666668
160,453.4036554368587,4800.670833333334
161,456.2698155263778,4852.608333333334
162,459.13371823570486,4779.483333333334
163,461.99720564598897,4731.420833333334
164,464.85751890297826,4698.483333333334
165,467.71741872718127,4673.804166666667
166,470.57598612114396,4732.054166666667
167,473.4313855832414,4722.391666666666
168,476.28729176382114,4819.333333333334
169,479.1400335802938,4718.849999999999
170,481.9905314565158,4631.304166666667
171,484.84062061516414,4478.025000000001
172,487.68846853613957,4331.8166666666675
173,490.5359087351512,4115.175
174,493.3792799303744,3726.1375
175,496.22407571145703,3658.6625000000004
176,499.06480688058537,3425.05
177,501.90513400978284,3210.5666666666675
178,504.742316141402,3010.2083333333335
179,507.58092228765565,2886.5458333333336
180,510.41547342909644,2749.3333333333335
181,513.2477988173791,2665.420833333334
182,516.0815480007475,2539.216666666667
183,518.9103381523065,2489.0958333333333
184,521.7387302367048,2454.2875000000004
185,524.5667238977102,2332.958333333334
186,527.3915883150893,2370.5916666666667
187,530.2151463911312,2263.654166666667
188,533.0383083453657,2169.6833333333334
189,535.8592560354984,2219.575
190,538.6770831531306,2169.270833333333
191,541.4945172807625,2128.004166666667
192,544.3106504268214,2096.8125
193,547.1254834922145,2062.825
194,549.9372037825524,2043.6583333333333
195,552.7476274645466,2049.1875
196,555.557661396232,2023.3458333333328
197,558.3654941332069,1972.1791666666668
198,561.1711278231132,1984.1416666666669
199,563.9763740302524,1924.6791666666663
200,566.7785195179079,1875.3458333333328
201,569.5802793070004,1946.6541666666667
202,572.3789426562782,1902.816666666667
203,575.1781251319061,1923.1208333333338
204,577.9742146080273,1887.3041666666668
205,580.7690188937156,1919.1958333333337
206,583.5634406759264,1875.0333333333333
207,586.3547754365092,1928.8333333333335
208,589.1448284899731,1911.7624999999998
209,591.9336007189041,1915.5916666666667
210,594.7210930050775,1919.816666666667
211,597.5055067627944,1897.1500000000005
212,600.2895433101347,1884.8833333333332
213,603.0732022878761,1809.145833333333
214,605.8537878481096,1776.7541666666675
215,608.6322014233208,1841.1125000000002
216,611.4093427963033,1931.3874999999998
217,614.1861101036463,1902.9083333333333
218,616.9598124291359,1865.3541666666665
219,619.7331424337686,1826.6125000000002
220,622.505203725734,1716.1791666666668
221,625.2742059305338,1693.3249999999998
222,628.0419428000752,1662.166666666667
223,630.8075203969969,1609.0291666666672
224,633.5736240010797,1650.0708333333337
225,636.3366760769657,1589.8416666666672
226,639.098467097401,1608.7166666666667
227,641.8589979255039,1601.5541666666668
228,644.6182694236076,1624.5375000000004
229,647.3744977383801,1553.354166666667
230,650.1303620232678,1650.8833333333337
231,652.8849703729016,1625.858333333334
232,655.6365413689031,1629.9333333333338
233,658.3877505014291,1623.854166666667
234,661.1377070819738,1670.9333333333338
235,663.8855220435962,1664.479166666667
236,666.6320869725545,1714.004166666667
237,669.3765136087061,1773.7541666666675
238,672.1196927253785,1885.9499999999998
239,674.8607368678764,1935.5791666666669
240,677.6005359979608,1858.5166666666673
241,680.3408659606193,1820.1916666666675
242,683.0772897079983,1716.8458333333333
243,685.8124717904553,1690.6625000000004
244,688.545526761953,1636.504166666667
245,691.2782284505098,1620.0166666666673
246,694.0088055188429,1627.045833333334
247,696.7381450997262,1610.4666666666672
248,699.4662480342079,1640.0291666666667
249,702.1922308778788,1658.8666666666663
250,704.9169795556986,1608.0708333333332
251,707.6404949056167,1639.8208333333337
252,710.3618946801053,1608.229166666667
253,713.0811809136846,1687.9708333333333
254,715.7992379247568,1708.4375
255,718.5178303221388,1694.5625
256,721.232549101209,1713.7166666666667
257,723.946923043364,1744.504166666667
258,726.6591903985808,1803.1333333333337
259,729.3702334856129,1847.0375000000004
260,732.0791732343926,1946.9458333333337
261,734.7860116633555,2056.75
262,737.4933881052642,2125.329166666667
263,740.1986648794762,2161.1166666666663
264,742.9009656863793,2136.008333333333
265,745.6038053949877,2114.5875000000005
266,748.3027948427829,2041.7375000000002
267,751.0023240452123,2006.8874999999998
268,753.6997612549775,1929.9333333333338
269,756.3951084757753,1887.5625
270,759.0883677085873,1913.9958333333338
271,761.7804165027665,1835.1791666666668
272,764.4730059891978,1913.1208333333338
273,767.161760802308,1948.9000000000005
274,769.8493084081631,1964.7708333333335
275,772.5373975778823,1988.608333333334
276,775.2225324226614,1993.2833333333328
277,777.9055893020778,1892.5166666666664
278,780.5865702013685,1972.1875
279,783.2680943403964,2019.3000000000002
280,785.94754411685,2025.4125000000004
281,788.6249215114218,1915.4625000000005
282,791.301099742469,1979.3000000000002
283,793.9752087651893,1977.0749999999998
284,796.6481210140968,1967.3916666666669
285,799.3198372924204,1919.1291666666675
286,801.9903584026715,1929.3083333333338
287,804.6588158534753,1924.1083333333336
288,807.3260805162536,1929.1875
289,809.9921531905816,1964.4541666666669
290,812.6552984182088,1950.7458333333338
291,815.3172548048767,1896.2583333333332
292,817.9788905003605,2003.0083333333337
293,820.6393381718575,2055.1958333333337
294,823.2968654545798,2098.491666666667
295,825.953207848906,2094.8125
296,828.6092319547788,2041.25
297,831.2623411407403,1863.0291666666672
298,833.9142685842397,1775.125
299,836.5650150746521,1683.0124999999998
300,839.214581400652,1695.8125
301,841.8621044684179,1683.9499999999998
302,844.5084497156973,1585.6791666666668
303,847.1536179282938,1631.1333333333337
304,849.7967471614515,1596.8000000000002
305,852.4387016963278,1575.1958333333332
306,855.0786203523927,1585.7708333333335
307,857.7182282217098,1595.1625000000004
308,860.3549413428963,1585.3249999999998
309,862.9904844220963,1595.7666666666669
310,865.6265791063319,1649.5500000000002
311,868.2589236210457,1613.6958333333337
312,870.8901011907012,1638.545833333334
313,873.5201125911036,1646.1374999999998
314,876.1489585973727,1667.9875000000002
315,878.7757814546823,1634.9750000000004
316,881.401441226342,1702.8083333333338
317,884.0267964539792,1653.2375000000002
318,886.6492746012391,1737.004166666667
319,889.2705927365037,1795.8708333333338
320,891.889894997582,1850.9708333333333
321,894.5080395422766,1951.3375000000005
322,897.1250271379771,2143.075
323,899.7400030545731,2429.308333333334
324,902.3555345485436,3138.075
325,904.9673464118688,5408.420833333334
326,907.578860262243,8265.300000000001
327,910.1875137688562,9845.699999999999
328,912.7967243978754,9997.679166666665
329,915.4030777129715,8629.404166666667
330,918.008282448971,5896.312500000001
331,920.6131918479454,3864.8625
332,923.2152492193081,2608.4625000000005
333,925.8153093048101,1967.7875000000004
334,928.4150767007262,1671.9041666666672
335,931.0137000550731,1563.9541666666669
336,933.6094789049918,1480.3666666666663
337,936.2049669537362,1398.4958333333334
338,938.7993139710164,1374.0875000000005
339,941.3916712212085,1356.875
340,943.9820405752965,1333.0625
341,946.5721213861391,1291.295833333334
342,949.1602165457788,1283.7250000000004
343,951.7471759172602,1230.4250000000002
344,954.3321526227504,1223.8375000000005
345,956.915995777856,1219.8625000000002
346,959.4978592456448,1206.3958333333335
347,962.0785913955167,1182.2624999999998
348,964.6581929708851,1201.6416666666669
349,967.2366647145176,1166.8000000000002
350,969.8123165688366,1135.2666666666669
351,972.3885316148301,1144.8125
352,974.9619297326224,1120.6458333333335
353,977.5342024606138,1124.3500000000004
354,980.1053505368706,1093.858333333334
355,982.6745311457491,1148.483333333334
356,985.2425893142037,1103.75
357,987.8095257776441,1072.2583333333337
358,990.3753412708345,1125.7708333333335
359,992.9383523664881,1107.0500000000002
360,995.5010871426232,1119.5749999999998
361,998.0610211902117,1092.441666666667
362,1000.6215213600577,1118.4916666666663
363,1003.180064343015,1098.5833333333335
364,1005.735811721452,1129.3416666666667
365,1008.291286062632,1131.5875000000005
366,1010.8456474810134,1085.5166666666669
367,1013.3972184038389,1113.0124999999998
368,1015.9493568871053,1130.254166666667
369,1018.4987077862389,1114.7750000000005
370,1021.0469501244125,1097.9958333333334
371,1023.5932469334166,1184.0541666666663
372,1026.1392746818394,1208.6374999999998
373,1028.68419603592,1203.5875000000005
374,1031.2263385170504,1273.0124999999998
375,1033.7673774982072,1226.2750000000005
376,1036.307313697748,1280.9791666666665
377,1038.8461478334082,1226.670833333334
378,1041.3830454733454,1205.441666666667
379,1043.918843207229,1159.6166666666668
380,1046.4527073250108,1204.5958333333333
381,1048.984639625617,1201.625
382,1051.5163093112349,1272.1000000000004
383,1054.047716010783,1441.8375000000005
384,1056.5763604113001,1576.9499999999998
385,1059.1022453872818,1610.1000000000004
386,1061.6295351123408,1526.8000000000002
387,1064.15406755211,1325.2458333333334
388,1066.6766771148937,1187.858333333334
389,1069.1981967679412,1116.4291666666663
390,1071.7186272174504,1070.1750000000002
391,1074.2379691690155,1011.9833333333336
392,1076.755393221889,1023.1500000000005
393,1079.272560650206,1019.3583333333336
394,1081.7869829144095,992.104166666667
395,1084.2994918955026,1004.0500000000002
396,1086.8117467162267,1006.5250000000005
397,1089.3229186874332,971.8208333333337
398,1091.8321805482885,1009.0
399,1094.3395340678335,960.8916666666669
400,1096.8466355091525,938.3500000000004
401,1099.3518307167656,950.5208333333335
402,1101.8551214547995,971.5416666666665
403,1104.3573356661466,891.041666666667
404,1106.8592998708855,905.3083333333338
405,1109.3585372853117,941.1999999999998
406,1111.8567009636618,925.5
407,1114.3546163596102,925.9083333333333
408,1116.8498098787786,906.8625000000002
409,1119.3447564973785,927.4375
410,1121.8361610425645,898.733333333334
411,1124.3289674661858,900.6458333333335
412,1126.819058307148,914.0875000000005
413,1129.3072590118054,888.75
414,1131.7952159016595,929.295833333334
415,1134.2812847317573,936.5583333333338
416,1136.765467243167,918.6291666666671
417,1139.248586407842,923.983333333334
418,1141.7314637900306,870.6833333333334
419,1144.2116374268019,925.0
420,1146.6907504649155,923.7416666666663
421,1149.1696234135359,952.5333333333333
422,1151.6457974652753,1034.1458333333335
423,1154.1209136575835,1071.3625000000002
424,1156.594153889389,1210.6500000000005
425,1159.0671567451252,1346.7916666666665
426,1161.5382856927909,1386.7291666666665
427,1164.0075424555425,1288.9750000000004
428,1166.4765635190067,1165.358333333334
429,1168.9437144436115,1081.2833333333333
430,1171.408996947761,983.4458333333337
431,1173.8740454230053,985.295833333334
432,1176.3372275174995,937.5416666666665
433,1178.7985449449166,999.8833333333337
434,1181.2596300074379,930.2416666666663
435,1183.7188524362593,981.3500000000004
436,1186.1753993385187,969.1916666666675
437,1188.6317162263829,1075.920833333334
438,1191.0878027271572,1178.9041666666667
439,1193.5412177787307,1279.504166666667
440,1195.9935905564976,1258.9750000000004
441,1198.4449217244953,1351.8291666666669
442,1200.8943994187837,1249.9000000000005
443,1203.3428375194246,1089.1333333333337
444,1205.789424849979,1012.2458333333338
445,1208.234974598328,972.7541666666675
446,1210.6794874243822,1000.8333333333335
447,1213.1229639874857,1020.6291666666671
448,1215.5654049464306,931.8249999999998
449,1218.0051907210802,943.75
450,1220.4439435796855,962.4499999999998
451,1222.8816641780545,944.9125000000004
452,1225.318353171446,957.4708333333328
453,1227.7532024656482,986.8041666666663
454,1230.1862137406779,930.7750000000005
455,1232.6198128706674,961.0041666666671
456,1235.0507675630085,973.5625
457,1237.4806952829103,965.9499999999998
458,1239.907982597396,945.6666666666665
459,1242.335859005302,947.0791666666669
460,1244.7610976691485,995.9625000000005
461,1247.1861193409281,979.1125000000002
462,1249.6101179672248,935.9791666666665
463,1252.0314835133897,990.4916666666663
464,1254.451828665863,982.4958333333338
465,1256.8711540695176,971.2833333333328
466,1259.2894603686862,986.1833333333338
467,1261.7051402369893,975.1374999999998
468,1264.1206072882194,1035.3666666666663
469,1266.5358611493111,1013.0916666666667
470,1268.9484925359866,1033.170833333334
471,1271.3593067488612,1054.1000000000004
472,1273.76910773559,1069.7458333333338
473,1276.1786980935606,1075.979166666667
474,1278.585672584594,1080.6208333333338
475,1280.9916364371838,1084.7458333333338
476,1283.3965902877176,1136.5958333333333
477,1285.8005347720432,1126.4250000000002
478,1288.202670248408,1141.2916666666665
479,1290.603798299963,1151.1583333333333
480,1293.0031199541122,1187.8541666666665
481,1295.4014361203854,1196.3249999999998
482,1297.7979484942825,1204.0708333333337
483,1300.1950545164614,1151.2458333333338
484,1302.588761473702,1227.6583333333333
485,1304.9822647374833,1246.2125000000005
486,1307.3739687356235,1214.4499999999998
487,1309.764672363619,1273.6791666666663
488,1312.154376248969,1271.191666666667
489,1314.5422844190539,1298.5916666666667
490,1316.929194765707,1314.833333333333
491,1319.3143119799881,1366.6416666666669
492,1321.6984332856466,1376.7166666666667
493,1324.0807640363764,1406.8416666666667
494,1326.4628957270668,1378.8208333333337
495,1328.843238771792,1377.8500000000004
496,1331.2217947867287,1456.879166666667
497,1333.6001532744083,1478.5583333333338
498,1335.9767266354406,1489.8500000000004
499,1338.3515164816333,1504.0791666666669
500,1340.7253173751865,1573.5291666666667
501,1343.0989225559927,1581.8375000000005
502,1345.4691624819095,1642.5208333333335
503,1347.8392085880812,1672.6083333333336
504,1350.2082688677153,1836.7458333333338
505,1352.5763439357713,1972.9750000000004
506,1354.9418524556834,2177.3500000000004
507,1357.3063783070354,2420.908333333333
508,1359.6715027392402,2861.4791666666665
509,1362.0332744428533,3286.604166666667
510,1364.3940659691382,3670.754166666667
511,1366.7546672631227,3769.95
512,1369.1127109294603,3679.2625
513,1371.4697769016548,3323.6500000000005
514,1373.8266541411804,2987.266666666667
515,1376.1809781948443,2646.8416666666667
516,1378.5343270297335,2394.8208333333337
517,1380.887488625941,2287.3833333333337
518,1383.2381014659552,2188.7375
519,1385.5877415547866,2146.754166666667
520,1387.9356230988735,2103.933333333334
521,1390.2841058932147,2100.0916666666667
522,1392.629259854741,2090.1875
523,1394.9742301983156,2128.3958333333335
524,1397.3174463552004,2050.5250000000005
525,1399.660479446045,2123.7125000000005
526,1402.0009757495511,2141.4833333333336
527,1404.3397219337714,2174.8125
528,1406.679070974446,2135.2916666666665
529,1409.015887612105,2125.8458333333333
530,1411.351740694853,2122.7625
531,1413.6866308185267,2109.620833333334
532,1416.0197760677709,2088.004166666667
533,1418.35196019289,2008.7541666666675
534,1420.6824019212766,2086.1583333333333
535,1423.0126659008947,2118.7791666666667
536,1425.3411893131893,2126.891666666667
537,1427.667973714704,2139.6458333333335
538,1429.9945818209708,2163.1541666666667
539,1432.318672480819,2155.816666666667
540,1434.6425880252157,2203.9875
541,1436.9639892259745,2182.375
542,1439.2859957862674,2194.358333333334
543,1441.6047114814605,2198.9041666666667
544,1443.9232544115312,2129.558333333334
545,1446.240845864226,2101.6541666666667
546,1448.5567084051524,2006.8083333333338
547,1450.8708435764338,1936.1833333333338
548,1453.184807683062,1880.7208333333328
549,1455.497046224754,1876.5708333333337
550,1457.8083374850673,1775.8208333333337
551,1460.1179056185897,1737.4458333333337
552,1462.4265282700144,1662.3666666666663
553,1464.734206019806,1614.9791666666665
554,1467.0401639733043,1595.0916666666667
555,1469.3436285036719,1557.5416666666665
556,1471.648476294783,1509.7708333333335
557,1473.9508324525793,1513.8333333333335
558,1476.2514736616265,1501.6041666666665
559,1478.55194923011,1479.004166666667
560,1480.8507116342894,1440.7916666666665
561,1483.1477623969392,1404.7083333333335
562,1485.4438759834406,1423.5833333333335
563,1487.7390529672195,1408.004166666667
564,1490.032521606992,1376.4583333333335
565,1492.3258274185912,1335.625
566,1494.617426659945,1348.9583333333335
567,1496.9073208457532,1358.6625000000004
568,1499.1955114887794,1076.0541666666668
569,1501.4827708427101,1316.1999999999998
570,1503.7698699051386,1298.1666666666665
571,1506.0552680723179,1336.3958333333335
572,1508.3389668519696,1295.9125000000004
573,1510.6225067292403,1276.3833333333337
574,1512.903579801272,1195.4958333333334
575,1515.1837262380227,1283.3416666666667
576,1517.4629466040146,1245.3874999999998
577,1519.7412414633127,1228.691666666667
578,1522.0178434510929,1216.4250000000002
579,1524.2927540651958,1242.125
580,1526.5682767186565,1196.7458333333338
581,1528.8405751333053,1228.9499999999998
582,1531.1119527198114,1186.6750000000002
583,1533.3831764109293,1198.2875000000004
584,1535.653479771775,1176.2458333333338
585,1537.9213318569384,1158.7125000000005
586,1540.1882659700668,1113.9833333333336
587,1542.454282668405,1184.6666666666665
588,1544.7186176854627,1155.8541666666665
589,1546.9820370194939,1141.4375
590,1549.2445412258314,1125.3375000000005
591,1551.5053669631798,1153.1583333333333
592,1553.7652792994438,1136.4875000000002
593,1556.0235155087598,1104.5916666666667
594,1558.2816030108968,1122.9458333333337
595,1560.5380161075582,1174.5083333333337
596,1562.7927562740572,1231.2666666666669
597,1565.0473490800296,1259.4791666666665
598,1567.299508931409,1277.4541666666669
599,1569.550761088168,1255.8291666666669
600,1571.8018672259618,1271.2666666666669
601,1574.050544511929,1363.9791666666665
602,1576.2975558465782,1464.1625000000004
603,1578.5444231111983,1623.1416666666669
604,1580.7903860315885,1768.566666666667
605,1583.0346855571577,1765.0333333333333
606,1585.2773231497633,1646.6208333333338
607,1587.5198182413344,1414.7291666666665
608,1589.760653098501,1232.1374999999998
609,1591.9998291792917,1126.6875
610,1594.2381060115424,1023.9416666666666
611,1596.4762419040592,975.2291666666665
612,1598.7112066332265,958.7625000000003
613,1600.9467892716768,902.4041666666667
614,1603.1799611141394,918.3333333333335
615,1605.4122376255682,865.0791666666669
616,1607.6436193442958,904.9125000000004
617,1609.873350862231,915.7125000000001
618,1612.1029449116838,932.3416666666667
619,1614.3301350994652,890.1916666666666
620,1616.5564338529678,894.5208333333335
621,1618.7825964435165,860.9291666666663
622,1621.0063591970566,889.2625000000003
623,1623.2292327238813,866.5
624,1625.4512175572513,833.6666666666665
625,1627.6730677599032,861.983333333334
626,1629.8917700456498,859.6791666666663
627,1632.1095864386525,853.3958333333335
628,1634.3272700970203,874.1291666666666
629,1636.543315995183,837.0958333333333
630,1638.757725563858,867.8541666666665
631,1640.9712519592479,861.875
632,1643.1846471370643,826.7458333333338
633,1645.3949062147228,877.5333333333338
634,1647.6050357286647,837.875
635,1649.8150353075596,865.1458333333335
636,1652.0226538884017,850.3541666666665
637,1654.2293936536882,861.5500000000002
638,1656.433755860365,875.3583333333336
639,1658.6387401646318,877.5291666666667
640,1660.8420981880593,871.1041666666665
641,1663.043831347487,833.4375
642,1665.245437942886,819.9916666666663
643,1667.444673168544,890.1125000000002
644,1669.6430350248065,886.9291666666663
645,1671.839776480645,850.9625000000005
646,1674.0371407093237,845.5541666666663
647,1676.231391660734,904.3541666666665
648,1678.4247725059502,900.7458333333338
649,1680.618776494006,901.0958333333338
650,1682.8104180871246,947.1958333333337
651,1685.000445351215,980.0333333333333
652,1687.1896051676117,1055.65
653,1689.3778980515885,1152.0625
654,1691.5645796292015,1278.566666666667
655,1693.7503958933055,1316.420833333334
656,1695.9353473574374,1315.983333333334
657,1698.1186905294871,1303.3249999999998
658,1700.3011705157312,1193.6125000000002
659,1702.482044410687,1119.0333333333333
660,1704.662799854055,1089.8874999999998
661,1706.8412079854625,968.858333333334
662,1709.0187561488963,937.2958333333336
663,1711.196187097351,898.5458333333336
664,1713.3712746079727,809.545833333334
665,1715.5455042622843,792.6000000000004
666,1717.7188765676908,800.4833333333336
667,1719.8913920312016,775.1875
668,1722.0623103776884,742.8250000000003
669,1724.2316329887778,735.5833333333335
670,1726.400101442966,753.9666666666667
671,1728.5677162446298,744.5416666666665
672,1730.7337382817082,744.1166666666668
673,1732.8996475808926,747.1625000000004
674,1735.0632266694843,702.045833333334
675,1737.2266940251332,694.3166666666675
676,1739.388572371105,729.8166666666666
677,1741.5496012427536,717.8875000000003
678,1743.7090432671623,731.7458333333338
679,1745.8668998136025,713.9250000000002
680,1748.0239095442068,731.108333333334
681,1750.1800729573572,712.9916666666668
682,1752.33612726718,698.1458333333335
683,1754.4898628228623,680.4875000000002
684,1756.642017992768,700.6958333333337
685,1758.79406583904,640.3083333333338
686,1760.944534868283,669.9541666666669
687,1763.09342644014,684.6208333333338
688,1765.2422118852319,653.3291666666673
689,1767.3894214371273,581.3000000000002
690,1769.5365252743886,692.4833333333336
691,1771.680586532549,663.4000000000001
692,1773.8238097986377,700.7875000000004
693,1775.9669291142022,662.0833333333335
694,1778.1077443189777,684.3666666666668
695,1780.249189531852,672.1708333333336
696,1782.3876000690555,677.8791666666666
697,1784.5266410210204,674.1500000000001
698,1786.663382683214,678.3875000000003
699,1788.799290925959,632.2583333333337
700,1790.934366236762,664.6875
701,1793.068609102751,625.2666666666669
702,1795.2005580535997,643.6041666666665
703,1797.3316766718099,667.9625000000001
704,1799.4634262611178,646.2708333333335
705,1801.5921549749944,661.9541666666669
706,1803.7200553786513,659.2375000000002
707,1805.847127955445,659.6208333333338
708,1807.9733731883662,639.1333333333337
709,1810.0973335803424,663.5166666666669
710,1812.2211974332115,648.6875
711,1814.3449643784033,651.4458333333337
712,1816.4664496266178,660.4958333333338
713,1818.5856553552858,674.1291666666671
714,1820.7047664653007,682.3375000000001
715,1822.8237825881681,636.5166666666669
716,1824.940522322895,622.233333333334
717,1827.0564412979597,649.4666666666667
718,1829.1722664381039,638.9791666666665
719,1831.2858188778434,653.0916666666667
720,1833.3978266667261,641.4000000000001
721,1835.5090167273127,620.3041666666668
722,1837.6208401800466,621.9958333333338
723,1839.7296706046743,565.0124999999998
724,1841.8376852856595,577.2375000000002
725,1843.9456091775912,630.3416666666667
726,1846.0512693092542,598.5791666666669
727,1848.1561156758332,604.0916666666667
728,1850.2594251071673,616.9000000000001
729,1852.3633689999517,578.4666666666667
730,1854.4643307337765,586.3708333333338
731,1856.5652045073457,590.4458333333337
732,1858.665267428087,609.9833333333336
733,1860.7630754727245,559.5041666666675
734,1862.8607966849004,555.3291666666669
735,1864.9562656284854,568.9083333333338
736,1867.0516486745573,561.5500000000002
737,1869.1455031884284,568.7958333333336
738,1871.238551325845,526.1541666666672
739,1873.3315141310106,533.770833333333
740,1875.4222303338945,521.2624999999998
741,1877.5107020627015,590.3166666666666
742,1879.5990906846928,556.7916666666665
743,1881.6873958326275,538.5166666666669
744,1883.7741787517411,552.3541666666665
745,1885.8587218165178,547.3791666666666
746,1887.943901712581,566.8000000000002
747,1890.0268437823806,566.1458333333335
748,1892.1089863219772,525.7583333333332
749,1894.1896119771302,532.1458333333335
750,1896.2701571121374,537.5166666666669
751,1898.349186832543,538.3875000000003
752,1900.4274194115637,498.1458333333335
753,1902.5041385933448,536.6791666666668
754,1904.5793456596302,508.5749999999998
755,1906.6537580561126,532.3333333333335
756,1908.7266603478063,500.2750000000001
757,1910.799485047457,514.7166666666667
758,1912.8715164452187,508.3541666666665
759,1914.9413248565304,520.2666666666669
760,1917.0110567666713,514.9625000000001
761,1919.078568239402,517.4541666666669
762,1921.14600411799,502.1750000000002
763,1923.2112221034392,478.9291666666668
764,1925.277079104547,488.16250000000036
765,1927.3407202073547,507.1541666666667
766,1929.4035738182395,512.5958333333338
767,1931.4649274994495,510.99583333333385
768,1933.5254951334773,466.80833333333385
769,1935.585277169844,499.44166666666706
770,1937.643561984194,470.5791666666669
771,1939.7010626415147,496.3041666666668
772,1941.757779589837,507.41250000000036
773,1943.8137132768495,505.9875000000002
774,1945.8674421707453,488.9250000000002
775,1947.920389779869,506.2625000000003
776,1949.9725565499666,459.1125000000002
777,1952.0239429264368,466.5125000000003
778,1954.0738394455072,448.6791666666668
779,1956.122957000317,463.3250000000003
780,1958.171296034799,465.1875
781,1960.218147892365,471.4583333333335
782,1962.2635138238334,426.70416666666733
783,1964.3081036407102,484.38333333333367
784,1966.351209491215,457.0166666666669
785,1968.3949566970111,366.41666666666697
786,1970.4358053059998,464.53333333333376
787,1972.4772956144468,462.8625000000002
788,1974.5158903526562,428.1416666666669
789,1976.5551271330337,412.9666666666667
790,1978.5921780490723,446.07083333333367
791,1980.6284579790236,459.1125000000002
792,1982.6639673605102,486.78333333333376
793,1984.6980007479283,439.0541666666668
794,1986.7312649950175,441.5291666666667
795,1988.7637605379505,398.8833333333332
796,1990.7940776469723,435.44583333333367
797,1992.8236279885937,423.3000000000002
798,1994.8538210979857,471.8166666666666
799,1996.8811343909813,431.2708333333335
800,1998.9083867689908,407.7083333333335
801,2000.9341703618416,446.1541666666667
802,2002.9584863987373,387.9333333333334
803,2004.9820393300624,428.66250000000036
804,2007.005532544807,430.0125000000003
805,2009.027560294055,414.34583333333376
806,2011.048123803183,381.25
807,2013.0665221323811,389.8458333333333
808,2015.085564894552,426.8166666666666
809,2017.1031460275283,446.2958333333336
810,2019.1199681235807,401.18333333333385
811,2021.1346293956003,397.1750000000002
812,2023.1499352295325,402.27500000000055
813,2025.1630821485796,382.4041666666667
814,2027.1747724768,382.81666666666706
815,2029.1871075934034,373.85000000000036
816,2031.1972871791857,430.9916666666668
817,2033.2060127651696,346.85000000000036
818,2035.2139848301993,387.8333333333335
819,2037.221902802867,397.2708333333335
820,2039.226971350058,389.06666666666706
821,2041.2319871755637,360.375
822,2043.236949916345,397.7916666666665
823,2045.239765337244,404.5791666666669
824,2047.2418308212702,402.5625
825,2049.2424493543913,417.37083333333385
826,2051.2430164887787,348.6999999999998
827,2053.241441121812,378.5541666666668
828,2055.2391185430342,352.2041666666669
829,2057.236745563922,397.25
830,2059.2322334257187,359.6791666666668
831,2061.2269758520356,396.37083333333385
832,2063.2209732604924,385.9208333333336
833,2065.214226068398,332.03333333333285
834,2067.2060395996587,356.67916666666633
835,2069.1957202150857,363.3291666666669
836,2071.186742759255,407.15833333333376
837,2073.174939421446,356.68333333333385
838,2075.1617010605014,343.7708333333335
839,2077.1491102618625,392.6750000000002
840,2079.1350852680584,341.4916666666668
841,2081.1196272679517,378.8291666666669
842,2083.103430472746,346.4416666666666
843,2085.0858025290545,329.85833333333403
844,2087.0674371303767,352.21250000000055
845,2089.047642437425,336.1791666666668
846,2091.0264196332587,350.1458333333335
847,2093.005845108754,365.9375
848,2094.983151814207,358.8541666666665
849,2096.9604153683745,351.00833333333367
850,2098.935562512775,391.90833333333376
851,2100.9099766142353,371.7416666666668
852,2102.883658080762,351.50833333333367
853,2104.8559171229335,344.0250000000001
854,2106.8274448571747,380.22083333333376
855,2108.7975520045943,363.2041666666669
856,2110.7676185983037,348.13333333333367
857,2112.735576753847,336.98333333333403
858,2114.702806247171,349.35000000000036
859,2116.6693074828977,345.91250000000036
860,2118.6343924556404,334.6166666666668
861,2120.5994386435636,354.5166666666669
862,2122.5630698853274,355.6416666666669
863,2124.5252873474274,326.63333333333367
864,2126.4867795871214,379.80833333333385
865,2128.447547006388,363.55833333333385
866,2130.4069031225663,349.8416666666667
867,2132.364162466974,375.4541666666669
868,2134.3220724707035,368.49583333333385
869,2136.2785736409714,365.78333333333376
870,2138.2350388794366,380.2916666666665
871,2140.188725353984,366.7291666666665
872,2142.1423772007224,356.0541666666668
873,2144.0939387208973,381.24583333333385
874,2146.045466408842,361.9000000000001
875,2147.996275296343,322.5500000000002
876,2149.9456814240034,369.6458333333335
877,2151.8943700488558,384.9208333333336
878,2153.8416577139974,376.625
879,2155.7882291712344,361.2791666666667
880,2157.7334014654293,352.8791666666666
881,2159.677858843891,396.4791666666665
882,2161.6216017006795,369.85000000000036
883,2163.563265234873,352.5166666666669
884,2165.5055807307713,328.97083333333376
885,2167.4458186927113,351.47500000000036
886,2169.384662861363,337.15833333333285
887,2171.324159166805,340.9333333333334
888,2173.261581116272,377.125
889,2175.1982927926656,356.42916666666633
890,2177.133613739824,284.72083333333285
891,2179.068225693548,385.18333333333385
892,2181.001448695267,372.0541666666668
893,2182.934644079557,392.9833333333336
894,2184.865092087539,390.0541666666668
895,2186.796872955402,408.66250000000036
896,2188.7259087155453,420.2625000000003
897,2190.65491840994,435.5791666666669
898,2192.5832228241165,492.75
899,2194.509465128281,482.6458333333335
900,2196.4350039170317,505.3333333333335
901,2198.359839575715,472.35000000000036
902,2200.283972489392,395.4416666666675
903,2202.206725424934,375.70416666666733
904,2204.128099508426,420.6458333333335
905,2206.0494501123408,414.8791666666666
906,2207.9687462483184,371.9499999999998
907,2209.8880196706987,465.0250000000001
908,2211.8052408705116,420.97500000000036
909,2213.7224401207795,438.2375000000002
910,2215.6382652813036,487.2000000000003
911,2217.554068762353,516.8291666666669
912,2219.4684994078398,505.09583333333285
913,2221.380883181757,566.6416666666669
914,2223.2925717540124,602.0416666666665
915,2225.2035655036293,651.4958333333338
916,2227.113864809343,729.6791666666668
917,2229.023470049626,921.2750000000005
918,2230.93103374597,1150.2458333333338
919,2232.8392524791766,1508.1166666666663
920,2234.7454314021097,2170.329166666667
921,2236.6502455530513,3107.9000000000005
922,2238.5543689915426,4229.320833333333
923,2240.4584748001516,5897.866666666667
924,2242.3605452334054,7203.812500000001
925,2244.2625987872075,7057.054166666666
926,2246.163291153471,6862.779166666667
927,2248.061951703958,5555.937500000001
928,2249.960596740273,3856.6541666666667
929,2251.8578834128084,2333.7958333333336
930,2253.7544838268936,1551.1958333333337
931,2255.6503983547937,1119.2791666666667
932,2257.545627368507,940.5583333333338
933,2259.43950096321,791.7041666666669
934,2261.3320202368413,751.4166666666665
935,2263.22385607865,646.875
936,2265.1136697570655,679.5041666666671
937,2267.00414032874,560.833333333333
938,2268.893259510191,645.4375
939,2270.7816972212604,611.5916666666667
940,2272.6687852453247,632.0666666666666
941,2274.5545246737615,675.4125000000004
942,2276.4395847003534,704.0208333333335
943,2278.3232978291308,817.4291666666668
944,2280.207000393581,866.7375000000002
945,2282.0893572743034,983.8541666666665
946,2283.971036700287,1002.7541666666675
947,2285.8513721350478,1018.6000000000004
948,2287.7303646634455,940.8541666666665
949,2289.6086817919245,799.9333333333338
950,2291.48632388458,707.4083333333338
951,2293.3632913052375,631.2750000000001
952,2295.2382530077316,538.7333333333336
953,2297.1138726530257,454.75833333333367
954,2298.986823034918,467.4625000000001
955,2300.8597666180385,391.0166666666669
956,2302.7313735482526,358.1708333333336
957,2304.6029739254423,344.60000000000036
958,2306.472574575462,373.0833333333335
959,2308.342169393899,353.11666666666633
960,2310.2097666342524,340.0291666666667
961,2312.0766952026797,340.74583333333385
962,2313.942955458233,301.03333333333285
963,2315.8078846745443,366.2166666666667
964,2317.672809617737,332.53750000000036
965,2319.535742101755,359.66250000000036
966,2321.398008654099,346.7750000000001
967,2323.2602717691625,346.0166666666669
968,2325.120545391538,295.26666666666733
969,2326.9801546254544,243.07916666666733
970,2328.8384383985076,323.3583333333336
971,2330.6967201589523,307.2541666666666
972,2332.5530166850845,315.6166666666668
973,2334.4086511876862,313.99583333333385
974,2336.2642845058926,308.85000000000036
975,2338.1185957880093,274.4916666666668
976,2339.970926079607,320.4208333333336
977,2341.822596703099,279.4166666666665
978,2343.674267555236,312.1875
979,2345.5246196644694,265.3041666666668
980,2347.3743131619526,273.50833333333367
981,2349.2226895587974,292.4625000000001
982,2351.0704085155153,277.8041666666668
983,2352.91615363865,287.6041666666665
984,2354.7612429587534,232.40833333333285
985,2356.606334729711,276.1875
986,2358.4501132582022,263.88333333333367
987,2360.292579594143,226.0625
988,2362.1350491941603,278.2333333333336
989,2363.9762077652736,278.2958333333336
990,2365.815399617171,275.66250000000036
991,2367.6545960092863,248.70416666666688
992,2369.493140317858,285.6916666666666
993,2371.3310328896205,278.78750000000036
994,2373.1669624567503,266.82083333333367
995,2375.0022419089487,210.02083333333303
996,2376.8368715914644,245.71250000000055
997,2378.67019673828,286.38333333333367
998,2380.5028732687783,267.0
999,2382.334901527114,254.0666666666666
1000,2384.164973024659,254.5291666666667
1001,2385.995052047911,253.91666666666652
1002,2387.82448429219,254.05000000000018
1003,2389.652616377456,247.60000000000036
1004,2391.4794493388317,273.4166666666665
1005,2393.305637471742,275.6125000000002
1006,2395.1311811175387,244.03750000000036
1007,2396.9554278167425,243.25
1008,2398.779031171294,294.5208333333335
1009,2400.601991521462,142.64583333333303
1010,2402.423657096829,265.97083333333376
1011,2404.243377045574,261.5458333333336
1012,2406.063759689406,244.02500000000055
1013,2407.882849724335,233.73750000000018
1014,2409.6999969843205,231.73750000000018
1015,2411.517807036311,287.1166666666668
1016,2413.333675905249,257.125
1017,2415.14890631328,233.63750000000027
1018,2416.962848319844,262.875
1019,2418.7761529955883,281.72083333333376
1020,2420.5894704967745,195.6791666666668
1021,2422.4008516977046,225.5541666666668
1022,2424.2122463950323,251.5875000000001
1023,2426.0217068309134,254.41666666666652
1024,2427.8298836151653,254.375
1025,2429.637426445486,236.82916666666688
1026,2431.4449841090545,259.7416666666668
1027,2433.2519080305606,253.11250000000018
1028,2435.0562545451044,236.36250000000018
1029,2436.861264890778,227.75
1030,2438.664995401262,233.75
1031,2440.4667997697006,230.7416666666668
1032,2442.268620964471,210.4375
1033,2444.069164904534,216.21666666666715
1034,2445.8690792394023,253.57916666666688
1035,2447.6677178850787,234.76666666666688
1036,2449.4670204140334,220.8166666666666
1037,2451.263110025961,251.04166666666652
1038,2453.0592184426123,257.8541666666665
1039,2454.8546998042993,241.20833333333348
1040,2456.6495544393406,232.73333333333358
1041,2458.4431376146,196.9375
1042,2460.2360951692103,107.37500000000091
1043,2462.027782818997,204.01250000000027
1044,2463.8182015650145,237.15833333333376
1045,2465.607996569618,224.32083333333367
1046,2467.3971681586963,222.49583333333385
1047,2469.1857166579093,257.5500000000002
1048,2470.972998902931,172.47500000000036
1049,2472.7590158907287,241.20416666666688
1050,2474.5450547015926,215.35000000000036
1051,2476.329829351567,230.17500000000018
1052,2478.112698240118,234.87083333333385
1053,2479.8955901462873,260.47083333333376
1054,2481.6785047232265,220.6291666666666
1055,2483.4588739218607,200.42500000000018
1056,2485.239266882462,229.84583333333376
1057,2487.019041778327,244.39583333333348
1058,2488.796275158288,226.3416666666667
1059,2490.5741745220694,229.89583333333303
1060,2492.3508164171226,157.9958333333334
1061,2494.126842421604,207.85833333333358
1062,2495.900972117632,243.78333333333376
1063,2497.6751275978722,190.1916666666666
1064,2499.4486685907236,211.10000000000036
1065,2501.220955711315,227.01250000000027
1066,2502.9919899427855,208.3375000000001
1067,2504.762411528758,148.46250000000055
1068,2506.531581746511,192.10833333333358
1069,2508.300140396079,220.63333333333367
1070,2510.067449195527,212.4625000000001
1071,2511.8354242586497,177.9333333333334
1072,2513.600873789458,188.875
1073,2515.3657139003803,211.08333333333348
1074,2517.1299449069124,214.9416666666666
1075,2518.893567124336,191.94583333333367
1076,2520.65594359015,186.09583333333376
1077,2522.417712336304,172.53750000000036
1078,2524.178873677084,215.25
1079,2525.9381546889244,219.9416666666666
1080,2527.6974662001853,200.32500000000027
1081,2529.454899324957,194.70000000000027
1082,2531.2129995363402,163.72500000000036
1083,2532.9685871200804,165.41666666666697
1084,2534.7242064531288,178.09583333333376
1085,2536.4792218857515,204.57083333333367
1086,2538.232998642498,184.51666666666688
1087,2539.985537689555,182.8791666666666
1088,2541.7368399919787,186.9625000000001
1089,2543.4888098122974,164.54583333333358
1090,2545.238909293303,213.85416666666652
1091,2546.987774048599,169.5875000000001
1092,2548.737306379387,172.32500000000027
1093,2550.4849710404533,151.15833333333285
1094,2552.2314029897334,216.16666666666652
1095,2553.9766031867266,158.86250000000018
1096,2555.7224713235205,190.9416666666666
1097,2557.4664756289726,167.70416666666688
1098,2559.2098826662195,179.3125
1099,2560.952692742028,187.41250000000036
1100,2562.6936420733937,184.12083333333385
1101,2564.4339959212184,174.37083333333385
1102,2566.1737545909696,144.57916666666688
1103,2567.912918387909,164.07500000000027
1104,2569.6508564362093,205.5250000000001
1105,2571.388831618211,176.3166666666666
1106,2573.1249513425064,145.85416666666652
1107,2574.8604782745547,194.13750000000027
1108,2576.5947823987253,173.16666666666652
1109,2578.328494767738,159.40833333333376
1110,2580.0616156844035,183.14166666666688
1111,2581.793515776887,186.3125
1112,2583.525454911203,101.07499999999982
1113,2585.255545009802,193.55833333333385
1114,2586.9850457228317,179.57083333333367
1115,2588.712699717805,187.7791666666667
1116,2590.4410229911205,126.64583333333303
1117,2592.168129392628,117.42916666666679
1118,2593.893391689224,57.475000000000364
1119,2595.619951269979,144.0291666666667
1120,2597.3440400248724,159.51666666666688
1121,2599.0669152433225,176.0625
1122,2600.789832506445,172.39166666666688
1123,2602.5109101481653,156.13333333333367
1124,2604.232657326148,183.2166666666667
1125,2605.9525663304853,126.67916666666679
1126,2607.671891675088,145.7791666666667
1127,2609.390007399532,163.44583333333367
1128,2611.1075404829317,160.7541666666666
1129,2612.8244912216096,144.7458333333334
1130,2614.540234290887,175.82500000000027
1131,2616.2553960314767,155.8375000000001
1132,2617.96872634454,174.3375000000001
1133,2619.68272673723,179.67083333333358
1134,2621.3955219127556,173.17500000000018
1135,2623.1064882376836,153.58333333333348
1136,2624.816875976411,157.7166666666667
1137,2626.5266854223714,185.54583333333358
1138,2628.2365407981324,159.10416666666652
1139,2629.944570608741,113.08333333333303
1140,2631.651399919385,165.41250000000036
1141,2633.3582762486835,92.59166666666715
1142,2635.0639530833223,163.94583333333367
1143,2636.7678084693225,103.34583333333285
1144,2638.472957291942,151.7791666666667
1145,2640.1756632120205,149.51666666666733
1146,2641.877172903152,186.29583333333358
1147,2643.5793533960828,196.8375000000001
1148,2645.2797164126905,133.7791666666667
1149,2646.9795067360856,154.73750000000018
1150,2648.6781032466547,174.68333333333385
1151,2650.3767492604807,142.375
1152,2652.0735814668433,142.24583333333385
1153,2653.769842971519,186.95000000000027
1154,2655.4661546355424,106.42500000000018
1155,2657.160655027105,133.77083333333348
1156,2658.8539658409413,155.1875
1157,2660.547327884683,118.46250000000009
1158,2662.2401210805047,173.5041666666666
1159,2663.93048712024,118.10416666666697
1160,2665.6215247801883,165.35416666666652
1161,2667.3113757509354,133.125
1162,2669.000040941194,122.89166666666688
1163,2670.6881399595472,178.07083333333367
1164,2672.3750545971448,153.64583333333348
1165,2674.06140404651,134.44999999999982
1166,2675.747188591643,57.912500000000364
1167,2677.431790644026,139.7791666666667
1168,2679.115828773304,167.75
1169,2680.798685803726,128.2166666666667
1170,2682.480979890223,163.57083333333367
1171,2684.1620942692375,164.40833333333376
1172,2685.842646681564,126.8791666666666
1173,2687.522020775278,144.19583333333367
1174,2689.2008338776,136.48333333333358
1175,2690.8797024914,155.7166666666667
1176,2692.55677823207,105.625
1177,2694.2332942352773,163.2416666666668
1178,2695.9086351761257,150.70416666666688
1179,2697.5834173503627,136.45416666666688
1180,2699.2576410374822,143.73333333333358
1181,2700.9306915272446,142.80833333333385
1182,2702.6031844982363,149.30833333333385
1183,2704.2745056491995,157.82083333333367
1184,2705.944655872494,123.1875
1185,2707.614250230398,160.2166666666667
1186,2709.2839029668835,69.41250000000036
1187,2710.951158697379,209.3166666666666
1188,2712.619700885471,196.40833333333376
1189,2714.285847846285,208.54166666666652
1190,2715.9514411426794,198.7416666666668
1191,2717.6158681038232,205.77083333333348
1192,2719.279742359351,228.2166666666667
1193,2720.9436767243337,240.0916666666667
1194,2722.6052215178347,236.70416666666733
1195,2724.2680516439013,268.7333333333336
1196,2725.927882036808,228.8666666666668
1197,2727.5883857711,254.2541666666666
1198,2729.2471158046374,274.5625
1199,2730.9052962713613,223.54166666666652
1200,2732.563538564007,213.7541666666666
1201,2734.2200095964963,192.47916666666697
1202,2735.875932285464,199.25833333333367
1203,2737.530696390138,144.57916666666688
1204,2739.184913099534,187.98750000000018
1205,2740.838582685225,156.27083333333303
1206,2742.4904856034027,149.4375
1207,2744.1430621589634,157.97500000000036
1208,2745.793873395123,155.5250000000001
1209,2747.4447487006532,178.4291666666668
1210,2749.093860435687,157.92500000000018
1211,2750.741818977787,127.12083333333385
1212,2752.3898425996467,169.73333333333358
1213,2754.036713968802,154.35416666666652
1214,2755.6824339562604,135.39166666666688
1215,2757.328219629039,127.0916666666667
1216,2758.973462755965,117.60000000000036
1217,2760.6169482098608,78.96666666666715
1218,2762.2592849571884,127.53333333333376
1219,2763.9010811628855,133.64166666666688
1220,2765.5429441917354,119.82083333333367
1221,2767.1830530164984,133.8166666666666
1222,2768.8226224988543,163.20833333333348
1223,2770.4616529047985,142.4916666666668
1224,2772.1001445001534,130.45000000000027
1225,2773.7368853491857,151.14166666666688
1226,2775.3730887151173,124.8416666666667
1227,2777.0093605654465,133.99583333333385
1228,2778.6444895603086,108.91666666666697
1229,2780.2778712552245,165.24583333333385
1230,2781.9113224259804,149.0291666666667
1231,2783.5442378323373,133.0666666666666
1232,2785.1754083177284,80.375
1233,2786.806044358394,131.1541666666667
1234,2788.4367505309133,149.0291666666667
1235,2790.0657141558504,120.21250000000009
1236,2791.6941445190696,103.82083333333367
1237,2793.3214381616685,110.83333333333348
1238,2794.9488029842737,107.72083333333376
1239,2796.574428678364,100.44999999999982
1240,2798.19952294601,124.86666666666679
1241,2799.824688979279,134.23333333333358
1242,2801.4481182439936,109.11250000000018
1243,2803.0710172572703,40.808333333333394
1244,2804.6927839378955,147.72500000000036
1245,2806.3146234240257,141.1291666666666
1246,2807.934127593693,113.43333333333385
1247,2809.553705479652,125.26666666666688
1248,2811.172755196017,107.79166666666652
1249,2812.7906756417533,176.3375000000001
1250,2814.4086699897716,127.2166666666667
1251,2816.0249350075715,131.1541666666667
1252,2817.640673671042,135.7166666666667
1253,2819.255285660953,174.14166666666688
1254,2820.869972582341,168.38750000000027
1255,2822.4829335490213,119.65833333333285
1256,2824.0959699599275,171.88750000000027
1257,2825.7078818950713,118.53750000000036
1258,2827.3186701953455,129.22500000000036
1259,2828.928935106271,127.46250000000055
1260,2830.538077672035,200.79166666666652
1261,2832.14669774756,235.32916666666688
1262,2833.7535979433405,203.5
1263,2835.3611741902614,204.86250000000018
1264,2836.9682287095775,207.7125000000001
1265,2838.5735652765807,203.7416666666668
1266,2840.1783813997117,194.3666666666668
1267,2841.782079480357,218.03333333333376
1268,2843.3846603524084,165.33333333333303
1269,2844.987319778013,201.70833333333348
1270,2846.5894601577106,167.8458333333333
1271,2848.189887588155,187.92083333333358
1272,2849.790394134253,213.53333333333376
1273,2851.3891893933837,214.79583333333358
1274,2852.987467771783,223.45416666666688
1275,2854.5846332141286,204.2416666666668
1276,2856.1812826621476,223.98333333333358
1277,2857.778012286623,211.375
1278,2859.373630303421,245.99583333333385
1279,2860.9675420035255,246.29166666666652
1280,2862.5615348211563,234.65833333333376
1281,2864.1538229733414,249.08333333333348
1282,2865.7461927405084,247.42083333333358
1283,2867.337454259011,211.32916666666688
1284,2868.929392081802,263.1375000000003
1285,2870.5184389977708,244.2125000000001
1286,2872.107568520107,248.72500000000036
1287,2873.69618631964,247.07500000000027
1288,2875.2831050213204,233.14583333333348
1289,2876.8695132585763,229.9625000000001
1290,2878.4554112776664,233.875
1291,2880.0413925631124,236.13333333333367
1292,2881.625677645613,253.99583333333385
1293,2883.209453629061,216.0625
1294,2884.7921280920677,215.4000000000001
1295,2886.3737018507313,100.33333333333303
1296,2887.955360293059,252.66666666666652
1297,2889.536510996837,228.875
1298,2891.1165623002853,242.7125000000001
1299,2892.6955150172903,230.3041666666668
1300,2894.2733699608175,217.26250000000027
1301,2895.850719280258,234.90833333333376
1302,2897.426972070722,226.2750000000001
1303,2899.0027201015923,213.6541666666667
1304,2900.5779636152884,226.22916666666652
1305,2902.1532934343722,264.66250000000036
1306,2903.726938060045,278.5541666666668
1307,2905.299489070225,240.03333333333376
1308,2906.8715372864003,260.1125000000002
1309,2908.4424931243807,247.01249999999982
1310,2910.0129470273523,268.6916666666666
1311,2911.5834886843318,287.9458333333332
1312,2913.1529392504303,290.625
1313,2914.720710458505,335.17916666666633
1314,2916.2879814448534,403.4916666666668
1315,2917.8547524488417,420.2708333333335
1316,2919.4204352010215,450.7333333333336
1317,2920.9856188243834,546.1875
1318,2922.5497154239365,646.3708333333338
1319,2924.1144896390665,823.3916666666669
1320,2925.6770017893728,1034.879166666667
1321,2927.239016513184,1421.8208333333337
1322,2928.800534047998,1885.104166666667
1323,2930.3609674331647,2425.8291666666673
1324,2931.9209044774634,3202.704166666667
1325,2933.4809322422384,3675.3500000000004
1326,2935.0392904904134,3733.0375000000004
1327,2936.5965670289706,3557.0291666666667
1328,2938.153348918198,3017.425
1329,2939.7090503144773,2338.1458333333335
1330,2941.2642579046606,1674.4499999999998
1331,2942.8189719238285,1057.0583333333325
1332,2944.3726070853595,913.6083333333336
1333,2945.926334852879,687.4916666666663
1334,2947.478984603423,593.3125
1335,2949.0299721631504,517.3291666666669
1336,2950.58046843712,409.77916666666715
1337,2952.130473658724,372.4541666666669
1338,2953.6805724704745,333.8291666666669
1339,2955.2284276533246,323.72083333333376
1340,2956.7763772621433,300.1750000000002
1341,2958.323253265422,318.3666666666668
1342,2959.8696401196144,298.68333333333385
1343,2961.4155380566995,296.7666666666669
1344,2962.9597807058917,281.7125000000001
1345,2964.503535638609,271.75833333333367
1346,2966.046220152785,290.10000000000036
1347,2967.5901660275213,267.08750000000055
1348,2969.1318764473504,304.9666666666667
1349,2970.6731004416333,273.5749999999998
1350,2972.212673845256,314.9500000000003
1351,2973.7523440319205,310.75833333333367
1352,2975.2921106806066,343.4791666666665
1353,2976.829065233985,343.4500000000003
1354,2978.3666989053495,367.2375000000002
1355,2979.9038482622204,357.00833333333367
1356,2981.4381891405383,371.49583333333385
1357,2982.974371286465,414.8625000000002
1358,2984.507746872846,416.6291666666666
1359,2986.041801620275,439.93333333333385
1360,2987.574213190213,470.7000000000003
1361,2989.1073036457783,471.1500000000001
1362,2990.638752108089,483.5208333333335
1363,2992.1685598974027,490.7625000000003
1364,2993.6978876101653,479.6708333333336
1365,2995.2278943865235,495.61666666666633
1366,2996.7562622603405,498.72083333333376
1367,2998.2841507351955,444.93333333333385
1368,2999.8115600366077,472.61666666666633
1369,3001.3361754675684,457.88333333333367
1370,3002.861470725067,415.9250000000002
1371,3004.38744494594,404.9916666666668
1372,3005.9094717712555,336.8791666666675
1373,3007.433334745139,404.4250000000002
1374,3008.9555649681392,346.44583333333367
1375,3010.4784743273503,324.0
1376,3011.9997521064415,275.45416666666733
1377,3013.5193996125167,275.5625
1378,3015.0385723570976,246.04583333333403
1379,3016.5572705626346,259.7916666666665
1380,3018.0754944514388,237.4375
1381,3019.59324424568,230.3791666666666
1382,3021.1093674020144,238.99583333333385
1383,3022.6250176271055,253.82916666666688
1384,3024.1401951422063,219.45416666666688
1385,3025.653748480949,213.5541666666668
1386,3027.1679815983225,154.29583333333358
1387,3028.680591698652,202.44583333333367
1388,3030.192730689614,214.80000000000018
1389,3031.704398791268,195.1291666666666
1390,3033.214446328292,208.80000000000018
1391,3034.725173668905,189.7541666666666
1392,3036.2342815996067,148.48333333333358
1393,3037.741771411926,180.51666666666688
1394,3039.2510897929155,173.99583333333385
1395,3040.7576423845885,153.32500000000027
1396,3042.263727050231,186.2541666666666
1397,3043.76934400781,122.52083333333303
1398,3045.2744934751586,152.47083333333376
1399,3046.778028986432,143.33333333333348
1400,3048.2810981542743,131.52083333333303
1401,3049.7837011956144,122.97083333333285
1402,3051.2869839443915,128.98333333333358
1403,3052.787509765846,147.60833333333358
1404,3054.288715727926,186.6791666666668
1405,3055.787167324626,128.7166666666667
1406,3057.286299493616,172.13333333333367
1407,3058.7838236987673,156.65833333333285
1408,3060.2820281985387,114.79166666666697
1409,3061.779769009628,138.82500000000027
1410,3063.274760780816,161.5625
1411,3064.770433137124,126.8166666666666
1412,3066.265643156222,150.82916666666688
1413,3067.7592493281686,138.36250000000018
1414,3069.2512529247356,139.88750000000027
1415,3070.745078275596,123.32500000000027
1416,3072.237301478116,142.32500000000027
1417,3073.7279238022,109.625
1418,3075.218086479953,39.57083333333321
1419,3076.7077897239474,90.51666666666733
1420,3078.197033746622,112.9375
1421,3079.685818760285,101.86250000000018
1422,3081.1730064177723,109.73333333333358
1423,3082.6597361917807,108.0666666666666
1424,3084.1448704350028,88.32500000000027
1425,3085.6306854264117,97.41250000000036
1426,3087.1149060093067,95.55000000000018
1427,3088.598670252982,96.6916666666666
1428,3090.080841907869,99.70000000000027
1429,3091.5636944535386,101.3791666666666
1430,3093.046091290721,106.73333333333358
1431,3094.528032629455,111.55833333333385
1432,3096.0072485511846,95.54583333333358
1433,3097.4871455039083,111.10833333333358
1434,3098.965453915847,102.04583333333358
1435,3100.4444430801964,71.40000000000009
1436,3101.9218448172333,95.17916666666679
1437,3103.398793703317,58.854166666666515
1438,3104.874156968755,82.72083333333376
1439,3106.3490684934927,72.1875
1440,3107.823528484977,113.89583333333348
1441,3109.2975371505268,98.40000000000009
1442,3110.769963105758,-25.212500000000546
1443,3112.2430700871287,75.25833333333367
1444,3113.7157263636004,91.10000000000036
1445,3115.186801588396,100.98750000000018
1446,3116.656297004706,72.02083333333303
1447,3118.12647358066,75.46250000000009
1448,3119.5950714502715,54.07500000000027
1449,3121.06435020058,5.608333333333576
1450,3122.5309225168317,31.345833333333758
1451,3123.9970476395747,73.98750000000018
1452,3125.4638539138377,41.30000000000018
1453,3126.9290849191,38.358333333333576
1454,3128.3938693441632,78.83333333333348
1455,3129.857080283771,83.01666666666688
1456,3131.3198457378535,37.17916666666679
1457,3132.7821659098263,79.98750000000018
1458,3134.246293163656,60.629166666666606
1459,3135.706596958293,62.8416666666667
1460,3137.166456765385,76.77083333333348
1461,3138.625872787383,66.25833333333367
1462,3140.0848452266164,81.10000000000036
1463,3141.544498654811,77.83750000000009
1464,3143.0014601654952,70.20000000000027
1465,3144.4579793824837,-2.554166666666788
1466,3145.9140565071466,74.17500000000018
1467,3147.369691740733,71.63333333333367
1468,3148.8248852843717,54.86250000000018
1469,3150.2785150153427,31.62083333333385
1470,3151.73058215501,77.24583333333385
1471,3153.1844528551524,65.69583333333367
1472,3154.6378826681735,68.20000000000027
1473,3156.088629866829,71.59583333333376
1474,3157.537817312452,79.9416666666666
1475,3158.9888070793745,19.887499999999818
1476,3160.437117544948,12.89583333333303
1477,3161.887229373963,38.483333333333576
1478,3163.3346636553065,43.837500000000546
1479,3164.7816604809163,96.57916666666688
1480,3166.2271014557505,23.554166666666788
1481,3167.6732243025776,35.795833333333576
1482,3169.117792370164,42.90833333333285
1483,3170.563042029788,23.804166666666788
1484,3172.0056207373564,42.57499999999982
1485,3173.449998337732,14.300000000000182
1486,3174.8917067289826,40.541666666666515
1487,3176.3329805938997,46.295833333333576
1488,3177.7738201289017,52.662500000000364
1489,3179.213109969817,37.291666666666515
1490,3180.6530817698163,-11.45833333333303
1491,3182.0926198282928,22.370833333333394
1492,3183.5306097881503,50.370833333333394
1493,3184.968167069184,30.633333333333212
1494,3186.4041779838662,34.07916666666688
1495,3187.8408708279294,44.53333333333376
1496,3189.2749051519118,77.30416666666679
1497,3190.709621794292,40.229166666666515
1498,3192.1439074013942,53.70000000000027
1499,3193.577762167433,29.966666666666697
1500,3195.0100744098386,34.30000000000018
1501,3196.4419568667413,62.291666666666515
1502,3197.872298521698,52.46250000000009
1503,3199.3033223210364,51.28333333333376
1504,3200.7339169146217,39.07083333333367
1505,3202.16297228488,33.441666666666606
1506,3203.591599500868,34.037500000000364
1507,3205.018689209126,26.108333333333576
1508,3206.4453518121186,68.01250000000027
1509,3207.871587501559,15.870833333333394
1510,3209.296287918623,57.004166666666606
1511,3210.7216706872227,30.525000000000546
1512,3212.1466271165627,57.854166666666515
1513,3213.5711573978947,62.7166666666667
1514,3214.9930472717465,59.44583333333367
1515,3216.415619597678,2.4083333333328483
1516,3217.8366604454814,25.241666666666788
1517,3219.257277230496,-10.129166666666606
1518,3220.678576046621,12.97916666666697
1519,3222.0972393712145,25.975000000000364
1520,3223.516585106165,64.47500000000036
1521,3224.9344026217054,36.82916666666688
1522,3226.3517976809435,1.4041666666671517
1523,3227.768770472665,27.216666666666697
1524,3229.1853211855446,59.83750000000009
1525,3230.5992428089694,4.366666666666788
1526,3232.014950586956,54.604166666666515
1527,3233.429133908259,35.08750000000009
1528,3234.8428965603753,55.47083333333285
1529,3236.2551364438073,60.63750000000027
1530,3237.666956688571,1.9791666666669698
1531,3239.0783574816796,78.45000000000027
1532,3240.4893390100337,36.795833333333576
1533,3241.899901460422,25.045833333333576
1534,3243.3089443682065,53.666666666666515
1535,3244.7175692245874,35.287500000000364
1536,3246.125776215586,41.24583333333385
1537,3247.532465854694,50.912500000000364
1538,3248.938738652065,43.583333333333485
1539,3250.344594792954,54.816666666666606
1540,3251.750034462507,28.754166666666606
1541,3253.15615621569,-50.25833333333412
1542,3254.55966512764,22.462500000000546
1543,3255.961661053099,30.308333333333394
1544,3257.3643399411776,58.995833333333394
1545,3258.7655068600984,56.166666666666515
1546,3260.1684532069803,44.625
1547,3261.568791530406,37.86250000000018
1548,3262.9687161555707,67.78750000000036
1549,3264.3671314908506,77.5916666666667
1550,3265.7662295928862,54.729166666666515
1551,3267.1638194179777,52.40833333333285
1552,3268.560996923591,48.25
1553,3269.9566678097835,19.454166666667334
1554,3271.353021546429,35.78333333333376
1555,3272.7489635104453,61.475000000000364
1556,3274.143400369215,2.2666666666673336
1557,3275.5374264639267,41.9666666666667
1558,3276.931041976054,12.675000000000182
1559,3278.323154537839,27.929166666666788
1560,3279.715949750458,50.104166666666515
1561,3281.106151111524,10.8125
1562,3282.495943899227,-58.224999999999454
1563,3283.88641955846,17.091666666666697
1564,3285.275395419,50.97916666666697
1565,3286.66396324627,69.14583333333348
1566,3288.052123220042,9.045833333333576
1567,3289.4387855367313,74.8125
1568,3290.8239513352482,38.541666666666515
1569,3292.2119791296213,-35.40833333333285
1570,3293.597421100456,19.504166666667516
1571,3294.9813680488046,25.0
1572,3296.364909496541,43.808333333333394
1573,3297.74804562186,46.76250000000027
1574,3299.13186435132,53.191666666666606
1575,3300.5131026174904,62.391666666667334
1576,3301.8939367319053,-24.266666666666424
1577,3303.274366871923,54.850000000000364
1578,3304.654393214795,71.67083333333358
1579,3306.034015937673,41.99166666666679
1580,3307.411063535813,21.733333333333576
1581,3308.788794660853,65.28750000000036
1582,3310.168293744058,50.354166666666515
1583,3311.5441346119005,19.179166666666788
1584,3312.919574010849,45.745833333333394
1585,3314.2946121165996,5.929166666666788
1586,3315.669249104745,17.95833333333303
1587,3317.0434851507794,12.204166666667334
1588,3318.4173204300905,63.57916666666688
1589,3319.789672125373,10.041666666666515
1590,3321.1616240355884,35.645833333333485
1591,3322.533176335407,-6.14583333333303
1592,3323.904329199394,26.27500000000009
1593,3325.272919338173,18.90833333333285
1594,3326.6421930662527,51.17500000000018
1595,3328.0110685106292,30.78333333333285
1596,3329.380626633505,29.75
1597,3330.747625243173,57.49166666666679
1598,3332.114226718211,55.01249999999982
1599,3333.4804312316564,23.058333333333394
1600,3334.8451594232074,60.30416666666679
1601,3336.210570845635,32.125
1602,3337.5745069181403,5.949999999999818
1603,3338.938047346186,17.491666666666788
1604,3340.3011923018953,62.63750000000027
1605,3341.6628639887695,11.554166666666788
1606,3343.0241411720785,-8.733333333332666
1607,3344.3850240232423,26.03333333333285
1608,3345.7444356812584,17.4375
1609,3347.1045306938704,66.50833333333367
1610,3348.4642318878605,-5.0
1611,3349.8224633369177,-47.358333333332666
1612,3351.179226145644,41.26666666666688
1613,3352.536672368261,56.150000000000546
1614,3353.8926509129556,26.566666666667516
1615,3355.249312589875,45.70416666666688
1616,3356.6045075503444,18.820833333333667
1617,3357.9582368953124,-6.441666666666606
1618,3359.3126495709275,-5.066666666666606
1619,3360.664523976314,12.816666666667516
1620,3362.017082050294,69.19583333333367
1621,3363.3681770438293,19.79166666666697
1622,3364.7188827387545,19.704166666667334
1623,3366.069199303302,10.4375
1624,3367.420198973138,9.308333333333394
1625,3368.7697374724935,26.629166666667516
1626,3370.1188873457186,18.337500000000546
1627,3371.4665776189613,-17.85416666666697
1628,3372.812809384273,41.50833333333367
1629,3374.1607953104253,25.295833333333576
1630,3375.5062528450176,-2.41666666666697
1631,3376.8513238221444,4.800000000000182
1632,3378.197078011631,22.01666666666688
1633,3379.54030677018,-12.39583333333303
1634,3380.883150084685,31.80833333333385
1635,3382.2266768035934,20.15000000000009
1636,3383.567681045004,9.133333333333667
1637,3384.909369022297,33.504166666667516
1638,3386.2517399818116,15.570833333333212
1639,3387.590523341753,8.75
1640,3388.9310577782385,-29.712499999999636
1641,3390.2690742380623,-24.945833333333212
1642,3391.607774340872,31.195833333333667
1643,3392.9460910997877,-3.54166666666697
1644,3394.282958749409,53.57083333333367
1645,3395.6194439943206,16.900000000000546
1646,3396.9544816779326,34.5
1647,3398.2902029101174,6.54166666666697
1648,3399.6244775175655,33.600000000000364
1649,3400.958370984306,18.79583333333312
1650,3402.2908193697103,-17.537499999999454
1651,3403.622887548361,56.05833333333385
1652,3404.9556391797873,23.9375
1653,3406.2880103228385,20.80833333333385
1654,3407.6178753606814,27.32916666666688
1655,3408.9484240354104,6.329166666667334
1656,3410.276468747551,-2.050000000000182
1657,3411.6062594022137,-18.816666666666606
1658,3412.9346093079093,-9.60416666666697
1659,3414.2615195337094,-10.170833333332666
1660,3415.588052222392,-12.470833333332848
1661,3416.9142075350615,14.45833333333303
1662,3418.2399856327297,-11.41666666666697
1663,3419.56538667632,9.275000000000546
1664,3420.888291088966,27.570833333333212
1665,3422.2129391094372,1.5125000000002728
1666,3423.5361512910945,-1.7166666666671517
1667,3424.858987663075,22.85416666666697
1668,3426.179331054391,-1.125
1669,3427.5003585229756,15.137500000000273
1670,3428.82206932736,25.883333333333212
1671,3430.142347196645,11.070833333333667
1672,3431.4611931903773,-2.97916666666697
1673,3432.7807226978384,-8.391666666666424
1674,3434.097764381201,17.733333333333576
1675,3435.4144333287413,22.65416666666715
1676,3436.731785966715,-35.72083333333285
1677,3438.047709618322,11.183333333333849
1678,3439.363261008595,3.866666666666788
1679,3440.678440295475,-36.8125
1680,3441.993247636812,36.68333333333385
1681,3443.305573639792,-8.77083333333303
1682,3444.618583682181,0.1625000000003638
1683,3445.9312228476947,-13.337499999999636
1684,3447.243491293448,9.329166666667334
1685,3448.554335591889,10.39583333333303
1686,3449.8648100792016,-12.404166666667152
1687,3451.1749149118577,23.987500000000182
1688,3452.4846502462433,22.066666666666606
1689,3453.791911444972,-7.875
1690,3455.1009088450364,2.0875000000005457
1691,3456.407433607159,2.3291666666673336
1692,3457.7135906803023,-4.6875
1693,3459.021482644022,-3.595833333333303
1694,3460.3269042132333,-56.516666666666424
1695,3461.630907938316,-26.949999999999818
1696,3462.935595511122,-20.004166666666606
1697,3464.238866140054,-10.191666666666606
1698,3465.5428203353335,0.7541666666675155
1699,3466.8443090459086,13.825000000000273
1700,3468.146481631337,8.112500000000182
1701,3469.44723965952,5.066666666666606
1702,3470.7476327243676,11.441666666666606
1703,3472.0476609794578,11.004166666666606
1704,3473.346276609356,9.966666666666697
1705,3474.644528323944,26.120833333333394
1706,3475.9424162761734,18.700000000000273
1707,3477.2409877072378,-0.6333333333332121
1708,3478.537101504924,3.025000000000091
1709,3479.833899086919,7.8166666666675155
1710,3481.129287308416,-10.662499999999454
1711,3482.4243131166177,9.879166666666606
1712,3483.7200222874344,33.15833333333376
1713,3485.0132781013153,-10.204166666666424
1714,3486.3061725423586,-17.620833333333394
1715,3487.598705762009,-2.008333333333212
1716,3488.88983345584,1.887499999999818
1717,3490.1816449784133,-3.0291666666671517
1718,3491.4720518605714,-53.40833333333285
1719,3492.7620987088458,16.25
1720,3494.0507423832632,-11.137499999999818
1721,3495.3411129062883,11.670833333333576
1722,3496.629037847736,-33.19583333333321
1723,3497.915561520164,-46.13749999999982
1724,3499.2027692009337,-91.39166666666551
1725,3500.4896183309042,-12.149999999999636
1726,3501.7750675119096,-58.125
1727,3503.06015902142,-14.470833333332848
1728,3504.3448930086943,-22.962499999999636
1729,3505.629269622912,-14.599999999999454
1730,3506.9122486233987,-13.870833333332484
1731,3508.1938310263745,-27.983333333332666
1732,3509.4760974712194,-15.904166666667152
1733,3510.7580077164157,-18.42083333333312
1734,3512.038522675684,11.216666666666697
1735,3513.3186823089663,-42.96666666666715
1736,3514.5984867641423,-32.016666666666424
1737,3515.877936189005,-20.625
1738,3517.1559926490468,-39.391666666666424
1739,3518.433694949635,-8.574999999999818
1740,3519.712080745016,-36.524999999999636
1741,3520.9880376611272,-14.237500000000182
1742,3522.2636414335607,21.199999999999818
1743,3523.538892208904,-21.362500000000182
1744,3524.8137901336645,-24.28749999999991
1745,3526.0883353542667,-82.83333333333303
1746,3527.360456445156,0.05416666666678793
1747,3528.634297269305,-14.295833333333121
1748,3529.907785827851,-32.579166666666424
1749,3531.1788524120752,-43.42916666666679
1750,3532.450602808174,-34.65416666666715
1751,3533.7199332356977,-12.733333333332666
1752,3534.9899477654776,-10.258333333333212
1753,3536.2585781147527,-3.287499999999909
1754,3537.527892285545,-16.539583333333212
1755,3538.7958231355856,-29.79166666666697
1756,3540.0634045952875,-3.4666666666662422
1757,3541.330636809047,-36.02916666666715
1758,3542.59751992118,-22.270833333333485
1759,3543.861989919433,-11.908333333332848
1760,3545.1271440350247,-63.65833333333285
1761,3546.3909185384823,-9.266666666666424
1762,3547.6564081056385,-21.141666666666424
1763,3548.9194874045456,-49.89583333333303
1764,3550.1822195995696,-40.13333333333321
1765,3551.443574456673,-50.67916666666679
1766,3552.7045830618217,-34.28333333333285
1767,3553.9673051804525,-10.391666666666424
1768,3555.2276211440817,-69.14999999999964
1769,3556.486562037161,-31.83333333333303
1770,3557.7461867768798,2.445833333333667
1771,3559.004437294867,-50.15833333333285
1772,3560.2623429791934,-28.78333333333285
1773,3561.5188758531717,-25.3125
1774,3562.776092576979,-2.5625
1775,3564.0319373365523,-61.50833333333321
1776,3565.2884656657047,-40.90416666666715
1777,3566.542595882828,-32.266666666666424
1778,3567.7974099516127,-11.620833333333394
1779,3569.050854307224,-20.69166666666615
1780,3570.3039560833045,-24.854166666666515
1781,3571.556715420279,-24.41666666666697
1782,3572.809132458498,-44.879166666666606
1783,3574.0601820278453,-71.1291666666666
1784,3575.3108901387895,-67.32499999999982
1785,3576.5602321800266,-13.487499999999727
1786,3577.8102580730165,-10.291666666666515
1787,3579.0589187343585,-31.045833333332666
1788,3580.3072390543402,9.612500000000182
1789,3581.554195537798,-71.11666666666679
1790,3582.8028592266605,-41.98750000000018
1791,3584.0491362804487,-40.141666666666424
1792,3585.294051307719,-37.89583333333303
1793,3586.5396503220118,-15.099999999999909
1794,3587.7849103849235,-52.08333333333303
1795,3589.0298316347894,-34.00833333333321
1796,3590.272370837845,-38.295833333332666
1797,3591.5166154320946,-37.40833333333285
1798,3592.758479366013,12.175000000000182
1799,3594.0000061489764,-39.954166666666424
1800,3595.241195918264,-56.47916666666697
1801,3596.4820488110836,-8.470833333333303
1802,3597.721544941565,19.587500000000546
1803,3598.9617247695173,-50.72916666666697
1804,3600.2005486622284,-15.704166666666424
1805,3601.439036779267,-39.57499999999982
1806,3602.676170339564,-30.258333333333212
1807,3603.913987590751,-14.516666666666424
1808,3605.149432743696,-34.170833333332666
1809,3606.386579949831,-47.245833333332484
1810,3607.622374247093,-8.299999999999727
1811,3608.856816597817,-5.099999999999454
1812,3610.09092522751,-17.574999999999818
1813,3611.3236832818393,-28.370833333332484
1814,3612.557125150166,-18.179166666666788
1815,3613.7892172627644,-41.420833333332666
1816,3615.0209767440306,-37.108333333332666
1817,3616.2524037286503,-23.637499999999818
1818,3617.483498351233,-41.60416666666697
1819,3618.714260746318,-32.566666666666606
1820,3619.94266090881,-36.849999999999454
1821,3621.171745003619,-41.625
1822,3622.3994832981116,-53.87916666666615
1823,3623.6289194952237,-14.195833333333212
1824,3624.8559961834453,-27.19166666666615
1825,3626.0827425420043,-41.983333333332666
1826,3627.30814527349,19.183333333333394
1827,3628.533218487204,-33.837499999999636
1828,3629.757962316042,-29.620833333332484
1829,3630.982376892828,-67.15416666666715
1830,3632.205450008647,-29.65416666666715
1831,3633.4302188211873,-47.254166666666606
1832,3634.652634640393,-26.125
1833,3635.87371075532,-50.10416666666697
1834,3637.095470622151,-19.72916666666697
1835,3638.3158915914814,-43.004166666666606
1836,3639.535985321249,-19.712499999999636
1837,3640.7557519430534,-80.30416666666679
1838,3641.9751915884244,-78.03749999999945
1839,3643.193294488609,-80.33333333333303
1840,3644.4110712162383,-63.816666666666606
1841,3645.628521902304,-24.199999999999818
1842,3646.8456466777284,-45.129166666666606
1843,3648.061436853891,-20.512499999999818
1844,3649.2769019207603,-65.07083333333321
1845,3650.493050288813,-44.10416666666697
1846,3651.706857248099,-45.82499999999982
1847,3652.920340027773,-73.82916666666642
1848,3654.1334987576865,-54.3125
1849,3655.3463335676247,-44.17916666666679
1850,3656.558844587304,-37.11250000000018
1851,3657.7710319463695,-35.170833333332666
1852,3658.980882979757,-25.349999999999454
1853,3660.191417814259,-35.63333333333321
1854,3661.400624052017,-28.72083333333285
1855,3662.610513812404,-97.0666666666666
1856,3663.819075769867,-84.20833333333303
1857,3665.0263108563504,-20.487499999999727
1858,3666.234229583443,-137.83333333333303
1859,3667.4418267541714,-7.925000000000182
1860,3668.6480982413404,-49.86666666666679
1861,3669.8540489631223,-76.10416666666697
1862,3671.0586753255952,-7.887499999999818
1863,3672.2639851671347,-66.6875
1864,3673.4679714382128,-32.72083333333285
1865,3674.671637988084,-45.995833333332484
1866,3675.8739822879734,-34.870833333332484
1867,3677.077010043544,-55.858333333332666
1868,3678.2787163355088,-51.94583333333321
1869,3679.480103946797,-22.06666666666615
1870,3680.6801714112016,-28.649999999999636
1871,3681.8799209791896,-93.22916666666697
1872,3683.079352777059,-39.82499999999982
1873,3684.2794677284064,-8.216666666667152
1874,3685.477263567306,-58.85416666666697
1875,3686.6757428119467,-27.329166666666424
1876,3687.872904788058,-3.941666666666606
1877,3689.0687504149564,-33.833333333333485
1878,3690.2662790343516,-20.54166666666697
1879,3691.4614923455124,-85.11666666666679
1880,3692.6553910043467,-50.38333333333321
1881,3693.8499732925884,-53.849999999999454
1882,3695.0442401248984,-40.82916666666688
1883,3696.237193470689,-49.77083333333303
1884,3697.4288342446666,-70.04583333333267
1885,3698.62215624873,-56.712499999999636
1886,3699.8131685636768,-49.558333333332484
1887,3701.0048642017537,-46.524999999999636
1888,3702.1952488173442,-60.09166666666715
1889,3703.385319900593,-13.579166666666424
1890,3704.574081259492,-71.42500000000018
1891,3705.7635259118874,-0.3874999999998181
1892,3706.9516616116803,-89.59166666666715
1893,3708.1394847980814,-27.16666666666697
1894,3709.3260003263363,-135.08333333333303
1895,3710.5131991174408,-54.74166666666679
1896,3711.6980962745533,-44.96666666666715
1897,3712.8836769401414,-58.60416666666697
1898,3714.0679520073927,-79.61666666666679
1899,3715.2519163438374,-70.53749999999945
1900,3716.4355700717556,-47.01249999999982
1901,3717.6199067540906,-66.72499999999945
1902,3718.8029393709926,-70.4416666666666
1903,3719.9836759061986,-67.35833333333267
1904,3721.1660886818454,-117.42083333333267
1905,3722.3462066598327,-78.78749999999945
1906,3723.52700794131,-32.745833333332484
1907,3724.707499987948,-88.14166666666642
1908,3725.8866913005786,-41.38749999999982
1909,3727.064582778765,-113.3791666666666
1910,3728.243157525733,-77.1875
1911,3729.4204331983983,-31.912499999999454
1912,3730.596410694259,-77.43333333333248
1913,3731.773071561724,-36.10416666666697
1914,3732.950415144974,-61.462499999999636
1915,3734.1244815542364,-26.391666666666424
1916,3735.300220987283,-76.52916666666715
1917,3736.4736748453265,-61.92500000000018
1918,3737.6468228653366,-12.024999999999636
1919,3738.819665166865,-42.97916666666697
1920,3739.9931903886345,-55.36666666666679
1921,3741.1654213540783,-58.97916666666697
1922,3742.336358955124,-64.83333333333303
1923,3743.5069918297895,-52.358333333332666
1924,3744.677320097014,-52.60416666666697
1925,3745.8473438756723,-68.19583333333321
1926,3747.015089330959,-33.962499999999636
1927,3748.1845050022725,-63.6875
1928,3749.353616541078,-71.96249999999964
1929,3750.520451651128,-73.2541666666666
1930,3751.6869838906096,-53.849999999999454
1931,3752.8532133774283,-107.59999999999945
1932,3754.019140229431,-27.879166666666606
1933,3755.185749748668,-47.016666666666424
1934,3756.350086500063,-52.98750000000018
1935,3757.5141214806395,-90.34166666666715
1936,3758.6768703892,-52.95833333333303
1937,3759.840302435044,-35.16666666666697
1938,3761.0024491529985,-85.73333333333267
1939,3762.1642950783853,-48.65416666666715
1940,3763.32584032797,-107.09999999999945
1941,3764.486101873176,-80.66666666666697
1942,3765.648029266487,-60.16666666666697
1943,3766.8076905519583,-42.412499999999454
1944,3767.967052136163,-61.995833333332484
1945,3769.12513200614,-66.0
1946,3770.282912914385,-40.53333333333285
1947,3771.441376598831,-181.97916666666424
1948,3772.5985596774817,-41.254166666666606
1949,3773.7544630259504,-48.899999999999636
1950,3774.91006838148,-68.0
1951,3776.0653758592916,-60.983333333332666
1952,3777.2203855745456,-58.495833333332484
1953,3778.375097642342,-49.8125
1954,3779.528532325486,-77.34999999999945
1955,3780.6806904956006,-55.608333333332666
1956,3781.8345110680266,-32.504166666666606
1957,3782.9860762605244,-105.07083333333321
1958,3784.138324231966,-65.6916666666666
1959,3785.289297156118,-44.10416666666697
1960,3786.4389959019154,-65.34999999999945
1961,3787.5893775173563,-94.51249999999982
1962,3788.7384856848994,-27.641666666666424
1963,3789.887298859452,-97.75833333333321
1964,3791.035817154591,-66.1875
1965,3792.1840406838387,-39.07083333333321
1966,3793.3300158894417,-52.61250000000018
1967,3794.4776507284814,-26.54166666666697
1968,3795.6230384718815,-107.38749999999982
1969,3796.769108988554,-192.25833333333503
1970,3797.9148858061344,-71.66249999999945
1971,3799.0593934526687,-35.61666666666679
1972,3800.202632790131,-75.11250000000018
1973,3801.3455797653655,-26.320833333333212
1974,3802.4892093271214,-67.66249999999945
1975,3803.63157166503,-94.28749999999945
1976,3804.7736419770395,-51.733333333332666
1977,3805.9134721963965,-68.78749999999945
1978,3807.054959290298,-70.46666666666715
1979,3808.1942075097922,-31.820833333333212
1980,3809.3341384886226,-100.11666666666679
1981,3810.4737784974923,-24.774999999999636
1982,3811.612154800754,-170.15416666666715
1983,3812.750240853054,-100.55416666666679
1984,3813.887064414101,-51.579166666666424
1985,3815.0245705452417,-65.18333333333248
1986,3816.1608149022277,-46.483333333332666
1987,3817.295798338201,-54.162499999999454
1988,3818.4314644283536,-86.29583333333267
1989,3819.566841426992,-73.33749999999964
1990,3820.700958577348,-59.83333333333303
1991,3821.8347873507896,-47.47083333333285
1992,3822.9683278572925,-37.63749999999982
1993,3824.1006100796953,-15.695833333333212
1994,3825.2316348669365,-122.22083333333285
1995,3826.3633423366778,-102.17500000000018
1996,3827.494762471095,-46.22083333333285
1997,3828.62492623697,-69.15833333333285
1998,3829.754803378055,-90.89583333333303
1999,3830.8843940033717,-60.17500000000018
2000,3832.013698221889,-43.52083333333303
2001,3833.1417479822044,-59.72083333333285
2002,3834.2695120440785,-60.32083333333321
2003,3835.396990516035,-34.84166666666715
2004,3836.524183506544,-58.20833333333303
2005,3837.649156763139,-49.44583333333321
2006,3838.7748126696306,-57.09583333333285
2007,3839.9001839088005,-56.712499999999636
2008,3841.024304141403,-90.82916666666642
2009,3842.148140411017,-56.66666666666697
2010,3843.2716928252253,-76.85416666666697
2011,3844.394961491558,-105.59583333333285
2012,3845.5179465174906,-50.22916666666697
2013,3846.6396827826825,-97.39166666666642
2014,3847.7601711248435,-85.55000000000018
2015,3848.8813418634054,-52.120833333332484
2016,3850.0022298773843,-64.91666666666697
2017,3851.1218710187627,-62.5625
2018,3852.240266123023,-67.64166666666642
2019,3853.359343564056,-59.337499999999636
2020,3854.4771756661703,-54.80416666666679
2021,3855.5947265478135,-17.22083333333285
2022,3856.7119963150944,-55.17916666666679
2023,3857.828022273713,-31.550000000000182
2024,3858.943767814044,-57.0625
2025,3860.060195358401,-73.92083333333267
2026,3861.175380137406,-102.82083333333321
2027,3862.2893229817914,-49.441666666666606
2028,3863.4039479051908,-91.64583333333303
2029,3864.516370236916,-72.76249999999982
2030,3865.630435967557,-47.84166666666715
2031,3866.7432611500362,-115.0625
2032,3867.854846612561,-48.30000000000018
2033,3868.966153569202,-67.14999999999964
2034,3870.076221978108,-92.27916666666715
2035,3871.1860125711582,-31.445833333333212
2036,3872.2955254526314,-68.45416666666642
2037,3873.405720152695,-60.625
2038,3874.5137184977084,-112.39999999999964
2039,3875.6223988696115,-47.36250000000018
2040,3876.729843240149,-73.1291666666666
2041,3877.8370108989993,-66.27916666666715
2042,3878.9429437222425,-65.61666666666679
2043,3880.0486005196417,-61.379166666666606
2044,3881.1558968931527,-56.233333333332666
2045,3882.2610014708557,-49.954166666666424
2046,3883.3639157897755,-75.84999999999945
