,Rshift,20250201_130811_588
0,-27.28431624923972,17.722395833334303
1,-24.137810440559743,-12.23177083333303
2,-20.992855305911224,-9.852604166666424
3,-17.849449699264277,-20.319270833332666
4,-14.709577990190768,39.60989583333412
5,-11.570259296931825,19.522395833333576
6,-8.432485724277697,2.95572916666697
7,-5.297247424298958,-16.031770833333212
8,-2.163550990117585,41.19739583333376
9,0.9686047153885033,6.3473958333343035
10,4.098230996806874,-9.719270833333212
11,7.226319793020991,11.701562500000364
12,10.351883377225125,-22.43177083333285
13,13.47690108550667,24.98489583333412
14,16.599396813964887,-12.448437500000182
15,19.71937314585023,14.180729166667334
16,22.838806501711186,179.0973958333343
17,25.95572368194708,183.14739583333358
18,29.070127261761424,176.55156249999982
19,32.18399075351902,145.50156249999964
20,35.29534385461391,169.95156250000036
21,38.40517363784589,145.50572916666715
22,41.51249719788232,149.2223958333343
23,44.61928418112446,123.74739583333394
24,47.72258507542738,169.86406249999982
25,50.82535162225085,162.38072916666715
26,53.926601392168415,181.63906250000036
27,57.02437225535298,178.46406250000018
28,60.12063048208482,111.2223958333343
29,63.215377180019566,134.81406249999964
30,66.30959363994587,145.05572916666733
31,69.40034041471665,163.58906250000018
32,72.48860070466732,184.67656249999982
33,75.57731329740307,166.5432291666666
34,78.66256333475965,162.07656250000036
35,81.74631037256418,145.40156250000018
36,84.82855550884238,177.6557291666668
37,87.90929984055099,182.90156250000018
38,90.98756809333871,158.06822916666715
39,94.06433868236475,151.51822916666697
40,97.1405881209893,176.5432291666666
41,100.21339123894579,147.9765625
42,103.28470091617095,165.81822916666715
43,106.35354424187857,127.7265625
44,109.42187077517436,149.98489583333412
45,112.48676102238159,160.62656249999964
46,115.55113664681949,206.75572916666715
47,118.61402520538982,142.94739583333376
48,121.67445614213274,188.88072916666715
49,124.73243195142234,157.75572916666715
50,127.78989651750489,180.14739583333358
51,130.84490905385366,169.2890625
52,133.89844180364437,154.83906250000018
53,136.94952655484522,150.63072916666715
54,139.9991346065499,134.4765625
55,143.04726703056593,159.8432291666668
56,146.09295701676533,151.9765625
57,149.13717445172796,170.49739583333394
58,152.18088734856704,162.18489583333394
59,155.22216241584337,169.08072916666697
60,158.26003610937104,185.24739583333394
61,161.29740892735327,168.40156250000018
62,164.33331545412594,213.4140625
63,167.36679213777288,176.7807291666668
64,170.39880558285302,166.00572916666715
65,173.42839316438452,203.11406249999982
66,176.45652055224213,225.11406249999982
67,179.48318880184246,227.0307291666668
68,182.50936125878457,213.82656250000036
69,185.532152102855,214.9098958333343
70,188.5525265301561,185.8432291666668
71,191.57336968606344,264.18906249999964
72,194.59083808475233,244.2807291666668
73,197.60685550341933,209.33072916666697
74,200.6195039541193,208.74739583333394
75,203.6335825290436,214.3557291666666
76,206.64429514705586,260.31822916666715
77,209.6516456142998,276.9598958333336
78,212.66042610825713,227.2932291666666
79,215.66584745221635,253.77656250000018
80,218.6688701982906,255.74739583333394
81,221.6704530579928,272.8598958333341
82,224.67155290628202,247.5307291666668
83,227.67025864025692,259.56406249999964
84,230.66561774334488,275.9223958333341
85,233.66145185846995,272.45572916666697
86,236.65489724395556,284.7265625
87,239.64595629990657,291.6140624999998
88,242.63558452041616,263.13906250000036
89,245.62378293194837,307.7307291666666
90,248.60960037381219,296.70156250000036
91,251.59399096676356,293.18489583333394
92,254.57695573333737,322.6598958333343
93,257.5584956950971,306.62656249999964
94,260.5367111357406,325.81822916666715
95,263.51445554100974,366.82656250000036
96,266.4907791062013,348.56406249999964
97,269.4647338389515,412.57239583333376
98,272.4372706690054,465.64322916666697
99,275.40839061015055,561.8182291666672
100,278.3771470222574,715.0015624999996
101,281.34354227106166,1013.4640625000002
102,284.3104189718883,1393.1348958333338
103,287.27304392780604,1842.1140624999998
104,290.2342597498509,2298.2432291666673
105,293.19501284369574,2756.297395833334
106,296.15435791399693,3154.934895833334
107,299.11135146313717,3492.4640625
108,302.06599584060206,3771.0348958333343
109,305.020180602477,3976.8057291666673
110,307.97107593352354,4078.014062500001
111,310.9205709374285,4103.026562499999
112,313.8696088729118,4152.709895833334
113,316.81630576431763,4193.168229166667
114,319.7616053156739,4216.193229166666
115,322.70362667554014,4258.497395833334
116,325.6461354188213,4368.005729166666
117,328.5863097684562,4416.130729166666
118,331.5232124643944,4609.5015625
119,334.4596645888623,4670.051562500001
120,337.3956657948935,4786.105729166667
121,340.32746272332156,5084.493229166667
122,343.2588115920873,5216.009895833335
123,346.18877468724133,5349.818229166666
124,349.1164160675589,5603.705729166667
125,352.0426745233984,5852.484895833333
126,354.9666149953233,6206.651562499999
127,357.89011098210506,6659.484895833333
128,360.810356668617,7296.668229166667
129,363.730159822777,8246.318229166667
130,366.64858582226634,9126.984895833333
131,369.5647018076031,9704.443229166667
132,372.47851007211335,9897.4890625
133,375.3909458601356,8707.7515625
134,378.3020101411441,8371.0515625
135,381.2107718077643,7244.168229166667
136,384.1190964182033,6532.797395833333
137,387.0260524242806,6031.609895833333
138,389.92977926968416,5795.743229166667
139,392.8321411918916,5604.609895833333
140,395.73313915306505,5454.168229166667
141,398.63277411446904,5438.901562499999
142,401.53011802317604,5383.380729166666
143,404.42610172424645,5320.1890625
144,407.32072617531486,5285.430729166667
145,410.21306462703984,5260.276562499999
146,413.10404661153893,5133.3265625
147,415.99274624637286,5231.655729166668
148,418.88101859200884,5159.555729166667
149,421.7670113614339,5080.759895833335
150,424.6507268069978,5124.930729166667
151,427.534017380677,5123.372395833334
152,430.4150333946642,5068.855729166667
153,433.29377709457617,5072.680729166667
154,436.171174526634,5044.868229166667
155,439.0481500067328,5008.734895833333
156,441.9219343629885,5036.3140625
157,444.7943761439507,4945.884895833335
158,447.6663983684335,4975.130729166666
159,450.53615738925754,4943.5140625
160,453.4036554368587,4826.097395833334
161,456.2698155263778,4785.784895833334
162,459.13371823570486,4747.1890625
163,461.99720564598897,4687.330729166667
164,464.85751890297826,4649.3765625
165,467.71741872718127,4644.418229166667
166,470.57598612114396,4694.084895833334
167,473.4313855832414,4701.6265625
168,476.28729176382114,4760.168229166667
169,479.1400335802938,4695.547395833333
170,481.9905314565158,4627.043229166667
171,484.84062061516414,4496.7640625
172,487.68846853613957,4321.047395833333
173,490.5359087351512,4082.014062500001
174,493.3792799303744,3694.1015625
175,496.22407571145703,3641.472395833334
176,499.06480688058537,3394.443229166667
177,501.90513400978284,3181.359895833334
178,504.742316141402,3040.4140625000005
179,507.58092228765565,2898.405729166667
180,510.41547342909644,2770.1515625000006
181,513.2477988173791,2663.4973958333335
182,516.0815480007475,2577.434895833334
183,518.9103381523065,2504.4765625000005
184,521.7387302367048,2445.6640625000005
185,524.5667238977102,2386.9057291666677
186,527.3915883150893,2392.347395833334
187,530.2151463911312,2319.1765625
188,533.0383083453657,2218.1348958333338
189,535.8592560354984,2239.0223958333336
190,538.6770831531306,2208.7307291666666
191,541.4945172807625,2137.893229166667
192,544.3106504268214,2095.0557291666673
193,547.1254834922145,2109.2848958333343
194,549.9372037825524,2068.772395833333
195,552.7476274645466,2032.5348958333338
196,555.557661396232,2018.8598958333341
197,558.3654941332069,1986.3140624999996
198,561.1711278231132,1986.6682291666666
199,563.9763740302524,1947.6723958333337
200,566.7785195179079,1893.5057291666672
201,569.5802793070004,1912.2848958333338
202,572.3789426562782,1924.5640625
203,575.1781251319061,1940.7140625000006
204,577.9742146080273,1926.7348958333341
205,580.7690188937156,1886.5557291666673
206,583.5634406759264,1906.3223958333333
207,586.3547754365092,1927.0765625000008
208,589.1448284899731,1953.4098958333343
209,591.9336007189041,1937.5515625000003
210,594.7210930050775,1930.5515625000003
211,597.5055067627944,1926.3807291666672
212,600.2895433101347,1887.2348958333341
213,603.0732022878761,1884.1473958333336
214,605.8537878481096,1865.5390625
215,608.6322014233208,1776.8515625
216,611.4093427963033,1800.9098958333338
217,614.1861101036463,1781.6348958333333
218,616.9598124291359,1792.7807291666668
219,619.7331424337686,1743.4473958333333
220,622.505203725734,1708.247395833334
221,625.2742059305338,1666.143229166667
222,628.0419428000752,1705.0473958333341
223,630.8075203969969,1649.7390624999998
224,633.5736240010797,1659.1140625000003
225,636.3366760769657,1642.7307291666666
226,639.098467097401,1610.4807291666666
227,641.8589979255039,1613.2890625
228,644.6182694236076,1664.1223958333335
229,647.3744977383801,1599.4640625000002
230,650.1303620232678,1629.1015625000005
231,652.8849703729016,1663.518229166667
232,655.6365413689031,1634.1307291666672
233,658.3877505014291,1644.7265625
234,661.1377070819738,1698.4390625
235,663.8855220435962,1701.8015624999998
236,666.6320869725545,1676.1723958333337
237,669.3765136087061,1677.8973958333336
238,672.1196927253785,1673.0515624999998
239,674.8607368678764,1691.9432291666672
240,677.6005359979608,1679.9182291666666
241,680.3408659606193,1669.0348958333343
242,683.0772897079983,1627.2348958333337
243,685.8124717904553,1649.9098958333338
244,688.545526761953,1647.0140625000008
245,691.2782284505098,1612.7557291666672
246,694.0088055188429,1642.0765625000008
247,696.7381450997262,1622.8557291666666
248,699.4662480342079,1628.2390625000003
249,702.1922308778788,1671.5473958333337
250,704.9169795556986,1645.3473958333343
251,707.6404949056167,1667.7307291666666
252,710.3618946801053,1694.8598958333337
253,713.0811809136846,1718.7848958333338
254,715.7992379247568,1692.0557291666673
255,718.5178303221388,1729.9057291666668
256,721.232549101209,1742.1765625000003
257,723.946923043364,1797.2098958333331
258,726.6591903985808,1834.1515625000006
259,729.3702334856129,1885.6140625000003
260,732.0791732343926,1970.1807291666673
261,734.7860116633555,2059.6098958333337
262,737.4933881052642,2147.6265625
263,740.1986648794762,2209.380729166667
264,742.9009656863793,2214.672395833334
265,745.6038053949877,2143.5640625
266,748.3027948427829,2094.468229166667
267,751.0023240452123,2042.0598958333335
268,753.6997612549775,1940.2723958333331
269,756.3951084757753,1934.6390625000008
270,759.0883677085873,1880.8390625000006
271,761.7804165027665,1892.7348958333341
272,764.4730059891978,1889.455729166667
273,767.161760802308,1929.2223958333338
274,769.8493084081631,1958.3015625000003
275,772.5373975778823,1989.9848958333337
276,775.2225324226614,1989.4473958333333
277,777.9055893020778,1961.3682291666673
278,780.5865702013685,1996.3723958333335
279,783.2680943403964,1990.143229166667
280,785.94754411685,1993.7848958333338
281,788.6249215114218,2007.8432291666668
282,791.301099742469,2029.1015625000005
283,793.9752087651893,1983.3890625000008
284,796.6481210140968,1955.2515625
285,799.3198372924204,1953.7640625000008
286,801.9903584026715,1910.0932291666668
287,804.6588158534753,1921.9765625
288,807.3260805162536,1905.5598958333335
289,809.9921531905816,1909.4348958333335
290,812.6552984182088,1876.6723958333337
291,815.3172548048767,1881.1515625000002
292,817.9788905003605,1853.0848958333331
293,820.6393381718575,1845.018229166667
294,823.2968654545798,1850.1057291666666
295,825.953207848906,1869.6057291666666
296,828.6092319547788,1821.8473958333338
297,831.2623411407403,1790.1348958333333
298,833.9142685842397,1728.7390625000003
299,836.5650150746521,1658.5973958333338
300,839.214581400652,1694.7432291666673
301,841.8621044684179,1696.4515625000008
302,844.5084497156973,1625.5140625000008
303,847.1536179282938,1642.6598958333338
304,849.7967471614515,1638.6473958333331
305,852.4387016963278,1634.9432291666672
306,855.0786203523927,1654.7640625000008
307,857.7182282217098,1614.9265625000003
308,860.3549413428963,1606.9765625000005
309,862.9904844220963,1619.6557291666668
310,865.6265791063319,1640.7932291666666
311,868.2589236210457,1670.9473958333333
312,870.8901011907012,1670.5765625000008
313,873.5201125911036,1674.3390625000006
314,876.1489585973727,1672.3807291666672
315,878.7757814546823,1664.8182291666672
316,881.401441226342,1702.0765625000008
317,884.0267964539792,1699.9598958333331
318,886.6492746012391,1764.3098958333335
319,889.2705927365037,1810.4265625000003
320,891.889894997582,1917.9223958333337
321,894.5080395422766,1988.0140625000008
322,897.1250271379771,2162.0473958333337
323,899.7400030545731,2427.6515625000006
324,902.3555345485436,3172.155729166667
325,904.9673464118688,5464.922395833333
326,907.578860262243,8380.418229166666
327,910.1875137688562,9912.093229166669
328,912.7967243978754,10017.743229166666
329,915.4030777129715,8621.2015625
330,918.008282448971,5879.364062500001
331,920.6131918479454,3843.1640625000005
332,923.2152492193081,2604.8723958333335
333,925.8153093048101,2012.8265625000004
334,928.4150767007262,1748.7432291666673
335,931.0137000550731,1541.6265625
336,933.6094789049918,1507.3473958333338
337,936.2049669537362,1434.2807291666668
338,938.7993139710164,1399.7848958333338
339,941.3916712212085,1342.7098958333331
340,943.9820405752965,1359.4140625000005
341,946.5721213861391,1298.1307291666672
342,949.1602165457788,1298.8682291666673
343,951.7471759172602,1285.9682291666668
344,954.3321526227504,1257.6515625000006
345,956.915995777856,1258.7348958333337
346,959.4978592456448,1263.6473958333331
347,962.0785913955167,1215.6390625000008
348,964.6581929708851,1204.8473958333338
349,967.2366647145176,1201.5098958333333
350,969.8123165688366,1195.6098958333337
351,972.3885316148301,1192.1557291666668
352,974.9619297326224,1171.4098958333338
353,977.5342024606138,1138.7432291666673
354,980.1053505368706,1146.268229166667
355,982.6745311457491,1111.5598958333335
356,985.2425893142037,1121.1932291666672
357,987.8095257776441,1089.4265625000003
358,990.3753412708345,1089.643229166667
359,992.9383523664881,1100.7598958333333
360,995.5010871426232,1088.3640625000003
361,998.0610211902117,1091.6265625
362,1000.6215213600577,1103.6140625000003
363,1003.180064343015,1082.0015625
364,1005.735811721452,1097.3640625000003
365,1008.291286062632,1107.8598958333337
366,1010.8456474810134,1091.4765625000005
367,1013.3972184038389,1106.7557291666672
368,1015.9493568871053,1131.893229166667
369,1018.4987077862389,1130.393229166667
370,1021.0469501244125,1170.268229166667
371,1023.5932469334166,1170.4348958333335
372,1026.1392746818394,1205.6515625000006
373,1028.68419603592,1270.8890625000008
374,1031.2263385170504,1310.580729166667
375,1033.7673774982072,1262.2140625000006
376,1036.307313697748,1250.1848958333335
377,1038.8461478334082,1242.4473958333333
378,1041.3830454733454,1233.0223958333331
379,1043.918843207229,1200.5223958333336
380,1046.4527073250108,1185.6807291666673
381,1048.984639625617,1188.455729166667
382,1051.5163093112349,1221.9182291666666
383,1054.047716010783,1235.2557291666672
384,1056.5763604113001,1289.4515625000008
385,1059.1022453872818,1236.4848958333337
386,1061.6295351123408,1233.2932291666666
387,1064.15406755211,1187.5432291666666
388,1066.6766771148937,1134.1973958333333
389,1069.1981967679412,1093.8723958333335
390,1071.7186272174504,1056.9890625000003
391,1074.2379691690155,1085.7223958333343
392,1076.755393221889,1039.6515625000002
393,1079.272560650206,1008.3640624999998
394,1081.7869829144095,1016.2307291666666
395,1084.2994918955026,1044.2015625000008
396,1086.8117467162267,1013.6098958333337
397,1089.3229186874332,1003.8598958333337
398,1091.8321805482885,1004.5682291666672
399,1094.3395340678335,988.4807291666666
400,1096.8466355091525,982.0557291666673
401,1099.3518307167656,967.6598958333338
402,1101.8551214547995,926.1807291666673
403,1104.3573356661466,976.7640625000004
404,1106.8592998708855,946.893229166667
405,1109.3585372853117,960.2223958333338
406,1111.8567009636618,945.1765625000003
407,1114.3546163596102,937.7557291666672
408,1116.8498098787786,904.2432291666673
409,1119.3447564973785,905.2223958333338
410,1121.8361610425645,932.0598958333335
411,1124.3289674661858,942.5932291666668
412,1126.819058307148,922.4932291666673
413,1129.3072590118054,913.3973958333336
414,1131.7952159016595,927.5682291666672
415,1134.2812847317573,943.0140625000008
416,1136.765467243167,926.3557291666666
417,1139.248586407842,919.4473958333333
418,1141.7314637900306,929.5015624999996
419,1144.2116374268019,923.8182291666672
420,1146.6907504649155,965.9723958333338
421,1149.1696234135359,915.9598958333331
422,1151.6457974652753,951.3348958333331
423,1154.1209136575835,985.9307291666673
424,1156.594153889389,1000.3473958333343
425,1159.0671567451252,1039.5140625000008
426,1161.5382856927909,1022.7307291666666
427,1164.0075424555425,1007.8973958333331
428,1166.4765635190067,1025.2098958333331
429,1168.9437144436115,994.7015625000008
430,1171.408996947761,1002.8348958333331
431,1173.8740454230053,978.3682291666673
432,1176.3372275174995,945.4348958333335
433,1178.7985449449166,963.2640625000008
434,1181.2596300074379,928.5598958333335
435,1183.7188524362593,968.6015625000005
436,1186.1753993385187,974.8390625000002
437,1188.6317162263829,976.2848958333338
438,1191.0878027271572,1006.8973958333331
439,1193.5412177787307,1017.1265625000001
440,1195.9935905564976,1035.0432291666666
441,1198.4449217244953,1018.8432291666668
442,1200.8943994187837,1012.7223958333338
443,1203.3428375194246,1000.6140625000003
444,1205.789424849979,987.4473958333333
445,1208.234974598328,1003.0140625000004
446,1210.6794874243822,987.5432291666666
447,1213.1229639874857,1015.1182291666673
448,1215.5654049464306,965.4973958333335
449,1218.0051907210802,999.080729166667
450,1220.4439435796855,985.9348958333335
451,1222.8816641780545,1006.893229166667
452,1225.318353171446,980.7015625000004
453,1227.7532024656482,971.5640625000001
454,1230.1862137406779,965.5640625000001
455,1232.6198128706674,996.6598958333338
456,1235.0507675630085,955.830729166667
457,1237.4806952829103,960.1807291666673
458,1239.907982597396,966.5557291666673
459,1242.335859005302,1009.7973958333337
460,1244.7610976691485,1012.643229166667
461,1247.1861193409281,987.5265625000006
462,1249.6101179672248,995.3057291666673
463,1252.0314835133897,1022.6015625000005
464,1254.451828665863,989.8015625000003
465,1256.8711540695176,1021.7515625000001
466,1259.2894603686862,1022.1932291666672
467,1261.7051402369893,1007.7473958333335
468,1264.1206072882194,1014.1932291666672
469,1266.5358611493111,1076.0932291666668
470,1268.9484925359866,1053.5223958333331
471,1271.3593067488612,1038.0348958333338
472,1273.76910773559,1094.955729166667
473,1276.1786980935606,1093.9932291666673
474,1278.585672584594,1115.2848958333338
475,1280.9916364371838,1120.6015625000005
476,1283.3965902877176,1124.0015625
477,1285.8005347720432,1108.0973958333338
478,1288.202670248408,1149.6640625000005
479,1290.603798299963,1152.3223958333333
480,1293.0031199541122,1165.5432291666666
481,1295.4014361203854,1214.8973958333331
482,1297.7979484942825,1208.7932291666666
483,1300.1950545164614,1154.143229166667
484,1302.588761473702,1243.3223958333333
485,1304.9822647374833,1263.580729166667
486,1307.3739687356235,1287.5057291666672
487,1309.764672363619,1287.6932291666672
488,1312.154376248969,1290.0640625
489,1314.5422844190539,1337.2348958333337
490,1316.929194765707,1330.8140625
491,1319.3143119799881,1356.5307291666668
492,1321.6984332856466,1394.6223958333335
493,1324.0807640363764,1424.6973958333333
494,1326.4628957270668,1457.7098958333331
495,1328.843238771792,1461.8848958333338
496,1331.2217947867287,1468.0557291666673
497,1333.6001532744083,1483.0848958333331
498,1335.9767266354406,1523.8140625
499,1338.3515164816333,1532.4682291666668
500,1340.7253173751865,1623.1098958333337
501,1343.0989225559927,1657.1265625
502,1345.4691624819095,1713.5598958333335
503,1347.8392085880812,1771.4223958333341
504,1350.2082688677153,1841.8182291666672
505,1352.5763439357713,2003.080729166667
506,1354.9418524556834,2200.6140625000003
507,1357.3063783070354,2453.4848958333337
508,1359.6715027392402,2873.409895833334
509,1362.0332744428533,3331.443229166667
510,1364.3940659691382,3673.139062500001
511,1366.7546672631227,3803.1348958333333
512,1369.1127109294603,3661.7765625000006
513,1371.4697769016548,3324.889062500001
514,1373.8266541411804,3000.943229166667
515,1376.1809781948443,2680.222395833334
516,1378.5343270297335,2469.3598958333337
517,1380.887488625941,2338.3015625000003
518,1383.2381014659552,2219.1890625
519,1385.5877415547866,2198.905729166667
520,1387.9356230988735,2119.5515625000003
521,1390.2841058932147,2106.393229166667
522,1392.629259854741,2133.580729166667
523,1394.9742301983156,2125.5015625
524,1397.3174463552004,2135.030729166667
525,1399.660479446045,2155.6348958333333
526,1402.0009757495511,2189.0973958333343
527,1404.3397219337714,2137.7932291666666
528,1406.679070974446,2135.9390625
529,1409.015887612105,2125.1640625000005
530,1411.351740694853,2141.584895833333
531,1413.6866308185267,2122.318229166667
532,1416.0197760677709,2122.8765625
533,1418.35196019289,2057.1973958333333
534,1420.6824019212766,2112.955729166667
535,1423.0126659008947,2110.6807291666673
536,1425.3411893131893,2131.080729166667
537,1427.667973714704,2145.0515625000003
538,1429.9945818209708,2204.584895833333
539,1432.318672480819,2175.4307291666673
540,1434.6425880252157,2214.9640625000006
541,1436.9639892259745,2211.8848958333333
542,1439.2859957862674,2243.764062500001
543,1441.6047114814605,2175.7932291666666
544,1443.9232544115312,2158.8390625000006
545,1446.240845864226,2097.6140625000003
546,1448.5567084051524,2040.3848958333333
547,1450.8708435764338,1975.9265625000003
548,1453.184807683062,1927.6098958333337
549,1455.497046224754,1870.8182291666672
550,1457.8083374850673,1792.9182291666666
551,1460.1179056185897,1751.3723958333335
552,1462.4265282700144,1670.0473958333337
553,1464.734206019806,1635.8015625000003
554,1467.0401639733043,1597.5598958333335
555,1469.3436285036719,1561.1598958333338
556,1471.648476294783,1563.6598958333338
557,1473.9508324525793,1530.8265625000008
558,1476.2514736616265,1511.8723958333335
559,1478.55194923011,1478.4515625000008
560,1480.8507116342894,1460.7098958333331
561,1483.1477623969392,1431.3057291666673
562,1485.4438759834406,1431.8598958333337
563,1487.7390529672195,1404.6390625000008
564,1490.032521606992,1357.3057291666673
565,1492.3258274185912,1398.5765625000008
566,1494.617426659945,1364.9182291666666
567,1496.9073208457532,1374.2390625000003
568,1499.1955114887794,1170.9223958333341
569,1501.4827708427101,1316.0432291666666
570,1503.7698699051386,1358.2765625000006
571,1506.0552680723179,1327.8057291666673
572,1508.3389668519696,1313.5557291666673
573,1510.6225067292403,1285.8848958333333
574,1512.903579801272,1285.7182291666668
575,1515.1837262380227,1291.4890625000003
576,1517.4629466040146,1274.3432291666668
577,1519.7412414633127,1267.0515625000003
578,1522.0178434510929,1250.2640625000008
579,1524.2927540651958,1235.8640625000003
580,1526.5682767186565,1229.8182291666672
581,1528.8405751333053,1221.9890625000003
582,1531.1119527198114,1215.2890625000005
583,1533.3831764109293,1170.2390625000003
584,1535.653479771775,1175.7307291666666
585,1537.9213318569384,1168.8182291666672
586,1540.1882659700668,1206.6473958333336
587,1542.454282668405,1185.7223958333334
588,1544.7186176854627,1156.393229166667
589,1546.9820370194939,1144.3973958333336
590,1549.2445412258314,1145.1515625000006
591,1551.5053669631798,1146.9473958333333
592,1553.7652792994438,1136.4932291666669
593,1556.0235155087598,1113.4057291666668
594,1558.2816030108968,1117.5265625000006
595,1560.5380161075582,1111.3140625
596,1562.7927562740572,1126.0682291666672
597,1565.0473490800296,1102.5140625000004
598,1567.299508931409,1097.4973958333335
599,1569.550761088168,1119.0973958333338
600,1571.8018672259618,1121.6973958333333
601,1574.050544511929,1125.5348958333334
602,1576.2975558465782,1137.1890625
603,1578.5444231111983,1200.4807291666666
604,1580.7903860315885,1244.7723958333331
605,1583.0346855571577,1240.0015625
606,1585.2773231497633,1194.9640625000006
607,1587.5198182413344,1147.893229166667
608,1589.760653098501,1056.2390625000003
609,1591.9998291792917,1004.2640625000008
610,1594.2381060115424,970.1390625000004
611,1596.4762419040592,953.9473958333333
612,1598.7112066332265,966.9515625000004
613,1600.9467892716768,924.9098958333338
614,1603.1799611141394,925.2182291666668
615,1605.4122376255682,891.8432291666668
616,1607.6436193442958,934.4515625000004
617,1609.873350862231,885.268229166667
618,1612.1029449116838,916.5515625000003
619,1614.3301350994652,910.5348958333334
620,1616.5564338529678,911.5723958333333
621,1618.7825964435165,902.893229166667
622,1621.0063591970566,873.1890625000005
623,1623.2292327238813,872.9015625000006
624,1625.4512175572513,862.1723958333337
625,1627.6730677599032,874.2890625000005
626,1629.8917700456498,869.7515625000001
627,1632.1095864386525,875.6682291666666
628,1634.3272700970203,857.705729166667
629,1636.543315995183,832.5348958333338
630,1638.757725563858,856.8765625000005
631,1640.9712519592479,855.1807291666673
632,1643.1846471370643,864.1015625000005
633,1645.3949062147228,845.5223958333336
634,1647.6050357286647,882.8848958333333
635,1649.8150353075596,883.893229166667
636,1652.0226538884017,872.1682291666671
637,1654.2293936536882,873.8390625000006
638,1656.433755860365,844.2307291666671
639,1658.6387401646318,866.4307291666669
640,1660.8420981880593,860.3890625000004
641,1663.043831347487,904.1973958333333
642,1665.245437942886,909.1848958333335
643,1667.444673168544,914.0640625000001
644,1669.6430350248065,878.2515625000001
645,1671.839776480645,923.4265625000003
646,1674.0371407093237,949.5098958333333
647,1676.231391660734,911.1890625000005
648,1678.4247725059502,893.6473958333336
649,1680.618776494006,893.9182291666671
650,1682.8104180871246,887.0557291666669
651,1685.000445351215,911.9390625000001
652,1687.1896051676117,895.1390625000004
653,1689.3778980515885,907.0473958333337
654,1691.5645796292015,890.8973958333336
655,1693.7503958933055,886.0682291666672
656,1695.9353473574374,908.9098958333334
657,1698.1186905294871,886.1140625000003
658,1700.3011705157312,889.9765625
659,1702.482044410687,836.8598958333337
660,1704.662799854055,817.1015625000005
661,1706.8412079854625,822.4932291666673
662,1709.0187561488963,816.6890625000005
663,1711.196187097351,819.8140625000005
664,1713.3712746079727,811.6598958333338
665,1715.5455042622843,790.2223958333334
666,1717.7188765676908,770.393229166667
667,1719.8913920312016,783.3473958333334
668,1722.0623103776884,782.7432291666669
669,1724.2316329887778,764.9765625000005
670,1726.400101442966,790.0432291666671
671,1728.5677162446298,775.3473958333334
672,1730.7337382817082,761.330729166667
673,1732.8996475808926,738.3473958333334
674,1735.0632266694843,732.3015625000003
675,1737.2266940251332,756.0723958333333
676,1739.388572371105,747.7390625000003
677,1741.5496012427536,749.4015625000006
678,1743.7090432671623,744.018229166667
679,1745.8668998136025,735.3390625000006
680,1748.0239095442068,719.2807291666668
681,1750.1800729573572,729.2307291666671
682,1752.33612726718,738.3432291666668
683,1754.4898628228623,716.9890625000003
684,1756.642017992768,726.6098958333337
685,1758.79406583904,717.4432291666672
686,1760.944534868283,729.2307291666671
687,1763.09342644014,710.5223958333336
688,1765.2422118852319,717.3682291666673
689,1767.3894214371273,713.7765625000002
690,1769.5365252743886,707.4515625000004
691,1771.680586532549,709.8473958333334
692,1773.8238097986377,735.5682291666672
693,1775.9669291142022,723.1598958333334
694,1778.1077443189777,697.6598958333334
695,1780.249189531852,710.8765625000005
696,1782.3876000690555,714.9182291666671
697,1784.5266410210204,708.2307291666671
698,1786.663382683214,704.0390625000005
699,1788.799290925959,673.8223958333333
700,1790.934366236762,693.3348958333336
701,1793.068609102751,688.0223958333336
702,1795.2005580535997,678.3098958333335
703,1797.3316766718099,693.9015625000006
704,1799.4634262611178,690.393229166667
705,1801.5921549749944,676.3390625000006
706,1803.7200553786513,675.0015625000005
707,1805.847127955445,687.4640625000006
708,1807.9733731883662,693.2473958333335
709,1810.0973335803424,681.1765625000003
710,1812.2211974332115,681.8807291666672
711,1814.3449643784033,668.4598958333336
712,1816.4664496266178,667.268229166667
713,1818.5856553552858,661.7432291666673
714,1820.7047664653007,676.7473958333335
715,1822.8237825881681,669.1223958333335
716,1824.940522322895,650.6265625000001
717,1827.0564412979597,684.6140625000003
718,1829.1722664381039,684.6390625000004
719,1831.2858188778434,645.9182291666671
720,1833.3978266667261,662.0265625000006
721,1835.5090167273127,665.1015625000005
722,1837.6208401800466,622.7265625000005
723,1839.7296706046743,623.3640625000003
724,1841.8376852856595,634.4765625
725,1843.9456091775912,622.1140625000003
726,1846.0512693092542,649.0015625000001
727,1848.1561156758332,617.7848958333338
728,1850.2594251071673,616.4973958333335
729,1852.3633689999517,626.2432291666669
730,1854.4643307337765,630.830729166667
731,1856.5652045073457,612.1390625000004
732,1858.665267428087,625.1807291666669
733,1860.7630754727245,622.0682291666672
734,1862.8607966849004,580.6973958333333
735,1864.9562656284854,601.5848958333336
736,1867.0516486745573,629.1182291666673
737,1869.1455031884284,619.9682291666668
738,1871.238551325845,620.2390624999998
739,1873.3315141310106,596.8890625000004
740,1875.4222303338945,594.5307291666668
741,1877.5107020627015,581.4223958333337
742,1879.5990906846928,625.7015625000008
743,1881.6873958326275,596.8098958333335
744,1883.7741787517411,609.4390625000001
745,1885.8587218165178,567.6598958333334
746,1887.943901712581,560.5640625000005
747,1890.0268437823806,556.6515625000006
748,1892.1089863219772,595.6098958333341
749,1894.1896119771302,559.7973958333337
750,1896.2701571121374,576.0057291666672
751,1898.349186832543,560.5057291666672
752,1900.4274194115637,553.5848958333331
753,1902.5041385933448,573.0140625000004
754,1904.5793456596302,586.0682291666672
755,1906.6537580561126,554.0682291666672
756,1908.7266603478063,569.5390625000005
757,1910.799485047457,526.4848958333337
758,1912.8715164452187,545.1807291666673
759,1914.9413248565304,592.1682291666671
760,1917.0110567666713,547.3015625000003
761,1919.078568239402,550.7848958333334
762,1921.14600411799,559.1182291666669
763,1923.2112221034392,535.9973958333335
764,1925.277079104547,534.643229166667
765,1927.3407202073547,535.5515625000003
766,1929.4035738182395,549.5223958333336
767,1931.4649274994495,520.9723958333334
768,1933.5254951334773,512.9432291666672
769,1935.585277169844,544.3098958333335
770,1937.643561984194,513.7807291666668
771,1939.7010626415147,532.1807291666669
772,1941.757779589837,540.6348958333333
773,1943.8137132768495,510.3098958333335
774,1945.8674421707453,508.2432291666669
775,1947.920389779869,506.4973958333335
776,1949.9725565499666,503.37656250000055
777,1952.0239429264368,503.9890625000003
778,1954.0738394455072,499.7807291666668
779,1956.122957000317,497.1140625000003
780,1958.171296034799,496.51822916666697
781,1960.218147892365,523.1348958333333
782,1962.2635138238334,506.8557291666666
783,1964.3081036407102,508.23489583333367
784,1966.351209491215,518.3723958333335
785,1968.3949566970111,512.7265625
786,1970.4358053059998,493.51406250000036
787,1972.4772956144468,484.8640625000003
788,1974.5158903526562,488.6223958333335
789,1976.5551271330337,472.0098958333333
790,1978.5921780490723,490.0557291666669
791,1980.6284579790236,487.95156250000036
792,1982.6639673605102,504.4890625000003
793,1984.6980007479283,515.2015625000004
794,1986.7312649950175,490.63072916666715
795,1988.7637605379505,480.0848958333336
796,1990.7940776469723,453.1348958333333
797,1992.8236279885937,473.4348958333335
798,1994.8538210979857,471.41406250000045
799,1996.8811343909813,461.3348958333336
800,1998.9083867689908,472.33906250000064
801,2000.9341703618416,466.75156250000055
802,2002.9584863987373,512.0265625000002
803,2004.9820393300624,455.4598958333336
804,2007.005532544807,445.5723958333333
805,2009.027560294055,471.18906250000055
806,2011.048123803183,469.00156249999964
807,2013.0665221323811,437.23489583333367
808,2015.085564894552,444.26822916666697
809,2017.1031460275283,456.31406250000055
810,2019.1199681235807,433.7432291666669
811,2021.1346293956003,440.6598958333334
812,2023.1499352295325,458.5307291666668
813,2025.1630821485796,446.9932291666669
814,2027.1747724768,458.4348958333335
815,2029.1871075934034,447.3765625000001
816,2031.1972871791857,442.89322916666697
817,2033.2060127651696,449.56822916666715
818,2035.2139848301993,437.93906250000055
819,2037.221902802867,412.7432291666669
820,2039.226971350058,426.87656250000055
821,2041.2319871755637,441.5973958333343
822,2043.236949916345,434.35989583333367
823,2045.239765337244,414.2848958333334
824,2047.2418308212702,418.51406250000036
825,2049.2424493543913,404.47656250000045
826,2051.2430164887787,457.2098958333331
827,2053.241441121812,432.1598958333334
828,2055.2391185430342,379.3723958333335
829,2057.236745563922,418.14322916666697
830,2059.2322334257187,402.79322916666706
831,2061.2269758520356,393.35156250000045
832,2063.2209732604924,421.43906250000055
833,2065.214226068398,412.1890625000001
834,2067.2060395996587,395.09739583333385
835,2069.1957202150857,437.8473958333334
836,2071.186742759255,410.17239583333367
837,2073.174939421446,409.02656250000064
838,2075.1617010605014,417.51406250000036
839,2077.1491102618625,421.63906250000036
840,2079.1350852680584,391.79322916666706
841,2081.1196272679517,414.4890625000003
842,2083.103430472746,394.93906250000055
843,2085.0858025290545,421.6390625000008
844,2087.0674371303767,406.5307291666668
845,2089.047642437425,380.5223958333336
846,2091.0264196332587,402.6473958333336
847,2093.005845108754,384.53906250000045
848,2094.983151814207,396.78906250000045
849,2096.9604153683745,408.7098958333336
850,2098.935562512775,405.70156250000036
851,2100.9099766142353,396.6807291666669
852,2102.883658080762,391.3473958333334
853,2104.8559171229335,389.1848958333335
854,2106.8274448571747,399.6182291666669
855,2108.7975520045943,425.62656250000055
856,2110.7676185983037,410.6598958333334
857,2112.735576753847,404.9973958333335
858,2114.702806247171,391.79739583333367
859,2116.6693074828977,383.6848958333335
860,2118.6343924556404,395.6473958333336
861,2120.5994386435636,397.21406250000064
862,2122.5630698853274,406.6223958333335
863,2124.5252873474274,395.4057291666668
864,2126.4867795871214,384.8223958333333
865,2128.447547006388,381.20156250000036
866,2130.4069031225663,424.8473958333334
867,2132.364162466974,378.2723958333336
868,2134.3220724707035,395.03906250000045
869,2136.2785736409714,380.2390625000003
870,2138.2350388794366,371.5973958333334
871,2140.188725353984,380.3682291666669
872,2142.1423772007224,432.60156250000045
873,2144.0939387208973,408.68906250000055
874,2146.045466408842,411.37656250000055
875,2147.996275296343,396.08906250000064
876,2149.9456814240034,405.40156250000064
877,2151.8943700488558,422.1348958333333
878,2153.8416577139974,398.26406250000036
879,2155.7882291712344,406.60156250000045
880,2157.7334014654293,405.81822916666715
881,2159.677858843891,408.3640625000003
882,2161.6216017006795,399.50572916666715
883,2163.563265234873,415.88072916666715
884,2165.5055807307713,416.10989583333367
885,2167.4458186927113,412.78906250000045
886,2169.384662861363,422.4890625000003
887,2171.324159166805,449.5015625000001
888,2173.261581116272,419.5223958333336
889,2175.1982927926656,409.1140625000003
890,2177.133613739824,423.3348958333336
891,2179.068225693548,446.33906250000064
892,2181.001448695267,404.83906250000064
893,2182.934644079557,437.5932291666668
894,2184.865092087539,450.32656250000036
895,2186.796872955402,447.13072916666715
896,2188.7259087155453,471.71406250000064
897,2190.65491840994,493.40156250000064
898,2192.5832228241165,524.2432291666669
899,2194.509465128281,488.23072916666706
900,2196.4350039170317,526.7223958333334
901,2198.359839575715,521.6223958333335
902,2200.283972489392,492.19739583333376
903,2202.206725424934,482.45572916666697
904,2204.128099508426,433.5098958333333
905,2206.0494501123408,442.50156250000055
906,2207.9687462483184,470.31822916666715
907,2209.8880196706987,454.5307291666668
908,2211.8052408705116,497.4057291666668
909,2213.7224401207795,499.9807291666666
910,2215.6382652813036,534.3557291666671
911,2217.554068762353,550.6557291666668
912,2219.4684994078398,558.8140625000001
913,2221.380883181757,599.8473958333334
914,2223.2925717540124,617.8640625000003
915,2225.2035655036293,717.3890625000008
916,2227.113864809343,801.4265625000003
917,2229.023470049626,953.5557291666673
918,2230.93103374597,1178.5348958333338
919,2232.8392524791766,1565.955729166667
920,2234.7454314021097,2233.1348958333333
921,2236.6502455530513,3134.639062500001
922,2238.5543689915426,4345.509895833335
923,2240.4584748001516,5903.1265625
924,2242.3605452334054,7195.947395833335
925,2244.2625987872075,7156.589062499999
926,2246.163291153471,6862.434895833334
927,2248.061951703958,5561.043229166667
928,2249.960596740273,3901.093229166667
929,2251.8578834128084,2428.643229166667
930,2253.7544838268936,1538.6015625000005
931,2255.6503983547937,1185.8515625000005
932,2257.545627368507,955.7223958333334
933,2259.43950096321,858.5307291666668
934,2261.3320202368413,765.4890625000003
935,2263.22385607865,714.3890625000008
936,2265.1136697570655,675.7640625000008
937,2267.00414032874,662.080729166667
938,2268.893259510191,661.3598958333337
939,2270.7816972212604,632.0890625000006
940,2272.6687852453247,697.2432291666669
941,2274.5545246737615,706.1682291666671
942,2276.4395847003534,781.768229166667
943,2278.3232978291308,825.9848958333337
944,2280.207000393581,932.0432291666666
945,2282.0893572743034,996.0223958333336
946,2283.971036700287,1067.1223958333335
947,2285.8513721350478,1042.4432291666672
948,2287.7303646634455,982.6557291666668
949,2289.6086817919245,846.393229166667
950,2291.48632388458,740.5932291666668
951,2293.3632913052375,627.3057291666669
952,2295.2382530077316,568.7973958333337
953,2297.1138726530257,511.54739583333367
954,2298.986823034918,484.7432291666669
955,2300.8597666180385,437.1182291666669
956,2302.7313735482526,457.0848958333331
957,2304.6029739254423,426.03906250000045
958,2306.472574575462,400.06406250000055
959,2308.342169393899,384.2390625000003
960,2310.2097666342524,411.0598958333335
961,2312.0766952026797,384.8973958333336
962,2313.942955458233,397.0432291666666
963,2315.8078846745443,360.0723958333333
964,2317.672809617737,358.78489583333385
965,2319.535742101755,397.17239583333367
966,2321.398008654099,356.48072916666706
967,2323.2602717691625,356.9932291666669
968,2325.120545391538,360.18489583333394
969,2326.9801546254544,360.6723958333341
970,2328.8384383985076,382.25572916666715
971,2330.6967201589523,372.77656250000064
972,2332.5530166850845,336.9973958333335
973,2334.4086511876862,350.0307291666668
974,2336.2642845058926,307.77656250000064
975,2338.1185957880093,365.7015625000008
976,2339.970926079607,325.7182291666668
977,2341.822596703099,340.41822916666706
978,2343.674267555236,332.48489583333367
979,2345.5246196644694,318.82656250000036
980,2347.3743131619526,323.19322916666715
981,2349.2226895587974,292.31822916666715
982,2351.0704085155153,306.94322916666715
983,2352.91615363865,309.4473958333333
984,2354.7612429587534,311.7932291666666
985,2356.606334729711,328.45156250000036
986,2358.4501132582022,310.27656250000064
987,2360.292579594143,314.9265625000003
988,2362.1350491941603,298.8640625000003
989,2363.9762077652736,315.50572916666715
990,2365.815399617171,322.7432291666669
991,2367.6545960092863,345.33072916666697
992,2369.493140317858,291.72656250000045
993,2371.3310328896205,318.0973958333334
994,2373.1669624567503,308.01406250000036
995,2375.0022419089487,318.13072916666715
996,2376.8368715914644,296.48072916666706
997,2378.67019673828,314.12656250000055
998,2380.5028732687783,314.48489583333367
999,2382.334901527114,299.9890625000003
1000,2384.164973024659,315.46406250000064
1001,2385.995052047911,313.08906250000064
1002,2387.82448429219,304.6557291666668
1003,2389.652616377456,322.18072916666733
1004,2391.4794493388317,303.9723958333334
1005,2393.305637471742,317.1848958333335
1006,2395.1311811175387,308.7807291666668
1007,2396.9554278167425,310.43906250000055
1008,2398.779031171294,291.6848958333335
1009,2400.601991521462,327.69739583333376
1010,2402.423657096829,313.31822916666715
1011,2404.243377045574,320.9348958333335
1012,2406.063759689406,309.4140625
1013,2407.882849724335,304.01406250000036
1014,2409.6999969843205,299.97656250000045
1015,2411.517807036311,280.91822916666706
1016,2413.333675905249,304.85572916666706
1017,2415.14890631328,289.81822916666715
1018,2416.962848319844,310.17239583333367
1019,2418.7761529955883,297.65156250000064
1020,2420.5894704967745,316.4098958333343
1021,2422.4008516977046,296.2473958333335
1022,2424.2122463950323,322.2848958333334
1023,2426.0217068309134,272.10989583333367
1024,2427.8298836151653,266.3473958333334
1025,2429.637426445486,299.17239583333367
1026,2431.4449841090545,294.81406250000055
1027,2433.2519080305606,287.1848958333335
1028,2435.0562545451044,294.95572916666697
1029,2436.861264890778,276.0723958333333
1030,2438.664995401262,267.7223958333334
1031,2440.4667997697006,277.98072916666706
1032,2442.268620964471,271.8432291666668
1033,2444.069164904534,297.1140625000003
1034,2445.8690792394023,265.1557291666668
1035,2447.6677178850787,264.1182291666669
1036,2449.4670204140334,289.9723958333334
1037,2451.263110025961,280.8848958333333
1038,2453.0592184426123,233.0307291666668
1039,2454.8546998042993,276.68906250000055
1040,2456.6495544393406,277.0848958333336
1041,2458.4431376146,250.58489583333358
1042,2460.2360951692103,269.0473958333323
1043,2462.027782818997,241.02239583333358
1044,2463.8182015650145,230.33072916666697
1045,2465.607996569618,273.3223958333333
1046,2467.3971681586963,248.83906250000064
1047,2469.1857166579093,273.1598958333334
1048,2470.972998902931,275.89322916666697
1049,2472.7590158907287,304.25156250000055
1050,2474.5450547015926,278.58072916666697
1051,2476.329829351567,260.70572916666697
1052,2478.112698240118,239.00156250000055
1053,2479.8955901462873,268.8223958333333
1054,2481.6785047232265,262.2598958333333
1055,2483.4588739218607,273.7723958333331
1056,2485.239266882462,251.21406250000064
1057,2487.019041778327,258.2390625000003
1058,2488.796275158288,281.85572916666706
1059,2490.5741745220694,281.06822916666715
1060,2492.3508164171226,265.6098958333341
1061,2494.126842421604,251.0973958333334
1062,2495.900972117632,249.77239583333358
1063,2497.6751275978722,247.4682291666668
1064,2499.4486685907236,250.71406250000064
1065,2501.220955711315,247.11822916666688
1066,2502.9919899427855,267.97656250000045
1067,2504.762411528758,243.77239583333358
1068,2506.531581746511,235.98072916666706
1069,2508.300140396079,249.54322916666706
1070,2510.067449195527,229.24322916666688
1071,2511.8354242586497,239.56822916666715
1072,2513.600873789458,222.97656250000045
1073,2515.3657139003803,232.40156250000064
1074,2517.1299449069124,233.83906250000064
1075,2518.893567124336,243.35572916666706
1076,2520.65594359015,252.74322916666688
1077,2522.417712336304,226.52656250000018
1078,2524.178873677084,237.08072916666697
1079,2525.9381546889244,221.68489583333348
1080,2527.6974662001853,262.0973958333334
1081,2529.454899324957,210.11822916666688
1082,2531.2129995363402,220.06822916666715
1083,2532.9685871200804,240.58906250000018
1084,2534.7242064531288,221.11822916666688
1085,2536.4792218857515,230.77239583333358
1086,2538.232998642498,218.83906250000064
1087,2539.985537689555,227.5098958333333
1088,2541.7368399919787,232.5307291666668
1089,2543.4888098122974,230.95572916666697
1090,2545.238909293303,239.05989583333348
1091,2546.987774048599,241.75572916666715
1092,2548.737306379387,236.8848958333333
1093,2550.4849710404533,235.0348958333343
1094,2552.2314029897334,240.01406250000036
1095,2553.9766031867266,238.92239583333367
1096,2555.7224713235205,234.74322916666688
1097,2557.4664756289726,230.1598958333334
1098,2559.2098826662195,226.31406250000055
1099,2560.952692742028,231.79322916666706
1100,2562.6936420733937,213.76406250000036
1101,2564.4339959212184,227.95572916666697
1102,2566.1737545909696,252.1598958333334
1103,2567.912918387909,199.05156250000027
1104,2569.6508564362093,220.54739583333367
1105,2571.388831618211,227.49739583333348
1106,2573.1249513425064,206.86406250000027
1107,2574.8604782745547,211.91822916666706
1108,2576.5947823987253,226.88072916666715
1109,2578.328494767738,223.9473958333333
1110,2580.0616156844035,230.86406250000027
1111,2581.793515776887,216.06406250000055
1112,2583.525454911203,196.5307291666668
1113,2585.255545009802,204.43072916666688
1114,2586.9850457228317,208.48489583333367
1115,2588.712699717805,221.24739583333348
1116,2590.4410229911205,226.88072916666715
1117,2592.168129392628,193.35989583333412
1118,2593.893391689224,216.20572916666697
1119,2595.619951269979,195.6598958333334
1120,2597.3440400248724,223.25572916666715
1121,2599.0669152433225,219.58072916666697
1122,2600.789832506445,192.05156250000027
1123,2602.5109101481653,215.39739583333358
1124,2604.232657326148,198.88072916666715
1125,2605.9525663304853,212.35989583333367
1126,2607.671891675088,194.29739583333367
1127,2609.390007399532,212.10156250000045
1128,2611.1075404829317,201.58489583333358
1129,2612.8244912216096,196.47656250000045
1130,2614.540234290887,191.4057291666668
1131,2616.2553960314767,217.86406250000027
1132,2617.96872634454,210.7598958333333
1133,2619.68272673723,205.78906250000045
1134,2621.3955219127556,212.18072916666688
1135,2623.1064882376836,221.05572916666688
1136,2624.816875976411,200.33489583333358
1137,2626.5266854223714,171.08072916666697
1138,2628.2365407981324,220.0723958333333
1139,2629.944570608741,238.39739583333358
1140,2631.651399919385,194.28906250000045
1141,2633.3582762486835,254.0348958333343
1142,2635.0639530833223,204.60989583333367
1143,2636.7678084693225,197.0307291666668
1144,2638.472957291942,196.08072916666697
1145,2640.1756632120205,181.12239583333348
1146,2641.877172903152,188.56406250000055
1147,2643.5793533960828,188.13072916666715
1148,2645.2797164126905,220.45572916666697
1149,2646.9795067360856,200.81822916666715
1150,2648.6781032466547,206.41406250000045
1151,2650.3767492604807,175.42656250000027
1152,2652.0735814668433,226.42656250000027
1153,2653.769842971519,197.8432291666668
1154,2655.4661546355424,220.01406250000036
1155,2657.160655027105,208.80572916666688
1156,2658.8539658409413,189.70572916666697
1157,2660.547327884683,169.95156250000036
1158,2662.2401210805047,197.27656250000064
1159,2663.93048712024,188.56406249999964
1160,2665.6215247801883,189.56406250000055
1161,2667.3113757509354,219.9098958333334
1162,2669.000040941194,173.9723958333334
1163,2670.6881399595472,180.12656250000055
1164,2672.3750545971448,189.33489583333358
1165,2674.06140404651,192.92239583333367
1166,2675.747188591643,210.58489583333358
1167,2677.431790644026,179.97656250000045
1168,2679.115828773304,191.70572916666697
1169,2680.798685803726,173.88072916666715
1170,2682.480979890223,186.03906250000045
1171,2684.1620942692375,165.80156250000027
1172,2685.842646681564,189.54739583333367
1173,2687.522020775278,216.75156250000055
1174,2689.2008338776,201.28906250000045
1175,2690.8797024914,172.30156250000027
1176,2692.55677823207,198.05156250000027
1177,2694.2332942352773,165.35156250000045
1178,2695.9086351761257,194.00156250000055
1179,2697.5834173503627,171.31822916666715
1180,2699.2576410374822,182.04322916666706
1181,2700.9306915272446,202.08072916666697
1182,2702.6031844982363,183.07656250000036
1183,2704.2745056491995,181.76406250000036
1184,2705.944655872494,188.38906250000036
1185,2707.614250230398,211.3848958333333
1186,2709.2839029668835,211.42239583333412
1187,2710.951158697379,190.96406250000064
1188,2712.619700885471,211.73072916666706
1189,2714.285847846285,227.48906250000027
1190,2715.9514411426794,236.75572916666715
1191,2717.6158681038232,269.66822916666706
1192,2719.279742359351,303.22656250000045
1193,2720.9436767243337,320.01822916666697
1194,2722.6052215178347,319.17239583333367
1195,2724.2680516439013,302.85156250000045
1196,2725.927882036808,310.0348958333334
1197,2727.5883857711,299.72656250000045
1198,2729.2471158046374,264.7723958333336
1199,2730.9052962713613,293.54322916666706
1200,2732.563538564007,248.04739583333367
1201,2734.2200095964963,277.26406250000036
1202,2735.875932285464,224.08906250000064
1203,2737.530696390138,247.36822916666688
1204,2739.184913099534,241.41406250000045
1205,2740.838582685225,232.69322916666715
1206,2742.4904856034027,193.85572916666706
1207,2744.1430621589634,185.52239583333358
1208,2745.793873395123,217.4723958333334
1209,2747.4447487006532,192.93072916666688
1210,2749.093860435687,222.0098958333333
1211,2750.741818977787,192.14739583333358
1212,2752.3898425996467,188.5723958333333
1213,2754.036713968802,182.35156250000045
1214,2755.6824339562604,159.22656250000045
1215,2757.328219629039,187.60156250000045
1216,2758.973462755965,148.76822916666697
1217,2760.6169482098608,173.64739583333358
1218,2762.2592849571884,175.35572916666706
1219,2763.9010811628855,167.65156250000064
1220,2765.5429441917354,182.5348958333334
1221,2767.1830530164984,154.70572916666697
1222,2768.8226224988543,166.70989583333358
1223,2770.4616529047985,180.4057291666668
1224,2772.1001445001534,197.10156250000045
1225,2773.7368853491857,149.48489583333367
1226,2775.3730887151173,179.64739583333358
1227,2777.0093605654465,178.39322916666697
1228,2778.6444895603086,180.05989583333348
1229,2780.2778712552245,175.06406250000055
1230,2781.9113224259804,158.14322916666697
1231,2783.5442378323373,167.58072916666697
1232,2785.1754083177284,197.95989583333312
1233,2786.806044358394,157.12239583333348
1234,2788.4367505309133,179.03906250000045
1235,2790.0657141558504,159.48072916666706
1236,2791.6941445190696,196.50156250000055
1237,2793.3214381616685,168.75156250000055
1238,2794.9488029842737,173.38906250000036
1239,2796.574428678364,184.67656250000027
1240,2798.19952294601,175.20156250000036
1241,2799.824688979279,175.42239583333367
1242,2801.4481182439936,180.95989583333358
1243,2803.0710172572703,219.43072916666733
1244,2804.6927839378955,175.70572916666697
1245,2806.3146234240257,166.04322916666706
1246,2807.934127593693,181.35989583333367
1247,2809.553705479652,172.63906250000036
1248,2811.172755196017,197.18906250000055
1249,2812.7906756417533,180.64739583333358
1250,2814.4086699897716,175.6973958333333
1251,2816.0249350075715,169.81406250000055
1252,2817.640673671042,212.83072916666697
1253,2819.255285660953,188.75156250000055
1254,2820.869972582341,225.1348958333333
1255,2822.4829335490213,200.36822916666733
1256,2824.0959699599275,230.23906250000027
1257,2825.7078818950713,219.32656250000036
1258,2827.3186701953455,208.05156250000027
1259,2828.928935106271,242.0348958333343
1260,2830.538077672035,212.00572916666715
1261,2832.14669774756,216.18906250000055
1262,2833.7535979433405,260.17239583333367
1263,2835.3611741902614,238.6973958333333
1264,2836.9682287095775,257.1807291666669
1265,2838.5735652765807,245.15156250000064
1266,2840.1783813997117,231.93072916666688
1267,2841.782079480357,243.6973958333333
1268,2843.3846603524084,237.60989583333412
1269,2844.987319778013,246.12239583333348
1270,2846.5894601577106,244.7515625000001
1271,2848.189887588155,250.06822916666715
1272,2849.790394134253,259.6473958333336
1273,2851.3891893933837,255.1973958333333
1274,2852.987467771783,236.4057291666668
1275,2854.5846332141286,245.19322916666715
1276,2856.1812826621476,250.48489583333367
1277,2857.778012286623,242.3848958333333
1278,2859.373630303421,265.79322916666706
1279,2860.9675420035255,280.73072916666706
1280,2862.5615348211563,232.76406250000036
1281,2864.1538229733414,274.35989583333367
1282,2865.7461927405084,291.39322916666697
1283,2867.337454259011,277.9348958333335
1284,2868.929392081802,290.02656250000064
1285,2870.5184389977708,284.56406250000055
1286,2872.107568520107,326.4473958333333
1287,2873.69618631964,323.7098958333336
1288,2875.2831050213204,314.9973958333335
1289,2876.8695132585763,311.7390625000003
1290,2878.4554112776664,324.8640625000003
1291,2880.0413925631124,282.13906250000036
1292,2881.625677645613,262.2182291666668
1293,2883.209453629061,260.4307291666669
1294,2884.7921280920677,275.01406250000036
1295,2886.3737018507313,305.49322916666733
1296,2887.955360293059,281.07656250000036
1297,2889.536510996837,305.77656250000064
1298,2891.1165623002853,258.04322916666706
1299,2892.6955150172903,281.62656250000055
1300,2894.2733699608175,284.3057291666669
1301,2895.850719280258,276.85156250000045
1302,2897.426972070722,288.44322916666715
1303,2899.0027201015923,325.9057291666668
1304,2900.5779636152884,294.3682291666669
1305,2902.1532934343722,299.3848958333333
1306,2903.726938060045,303.1973958333333
1307,2905.299489070225,292.20156250000036
1308,2906.8715372864003,311.1348958333333
1309,2908.4424931243807,310.2390624999998
1310,2910.0129470273523,331.38072916666715
1311,2911.5834886843318,384.5723958333333
1312,2913.1529392504303,384.9515625000008
1313,2914.720710458505,382.26406250000036
1314,2916.2879814448534,423.8848958333333
1315,2917.8547524488417,490.3723958333335
1316,2919.4204352010215,515.080729166667
1317,2920.9856188243834,585.830729166667
1318,2922.5497154239365,692.5682291666672
1319,2924.1144896390665,870.143229166667
1320,2925.6770017893728,1060.4890625000003
1321,2927.239016513184,1407.4640625000006
1322,2928.800534047998,1872.8098958333335
1323,2930.3609674331647,2490.6390625000004
1324,2931.9209044774634,3159.4140625000005
1325,2933.4809322422384,3639.405729166667
1326,2935.0392904904134,3771.0723958333333
1327,2936.5965670289706,3588.2307291666666
1328,2938.153348918198,3078.5640625
1329,2939.7090503144773,2397.3557291666666
1330,2941.2642579046606,1743.330729166667
1331,2942.8189719238285,1247.7890625
1332,2944.3726070853595,953.5265625000006
1333,2945.926334852879,755.6098958333337
1334,2947.478984603423,597.6098958333337
1335,2949.0299721631504,520.7890625000005
1336,2950.58046843712,474.13489583333376
1337,2952.130473658724,433.5598958333335
1338,2953.6805724704745,415.4473958333333
1339,2955.2284276533246,386.35989583333367
1340,2956.7763772621433,353.9932291666669
1341,2958.323253265422,338.35156250000045
1342,2959.8696401196144,307.0723958333333
1343,2961.4155380566995,324.9098958333334
1344,2962.9597807058917,312.4890625000003
1345,2964.503535638609,341.6223958333335
1346,2966.046220152785,357.67239583333367
1347,2967.5901660275213,342.5265625000002
1348,2969.1318764473504,328.88906250000036
1349,2970.6731004416333,359.0473958333341
1350,2972.212673845256,373.85572916666706
1351,2973.7523440319205,354.58906250000064
1352,2975.2921106806066,378.93906250000055
1353,2976.829065233985,396.00572916666715
1354,2978.3666989053495,410.64322916666697
1355,2979.9038482622204,378.95156250000036
1356,2981.4381891405383,417.1182291666669
1357,2982.974371286465,436.6848958333335
1358,2984.507746872846,474.2473958333335
1359,2986.041801620275,460.70572916666697
1360,2987.574213190213,482.70572916666697
1361,2989.1073036457783,520.2307291666671
1362,2990.638752108089,520.7223958333338
1363,2992.1685598974027,530.3265625000004
1364,2993.6978876101653,536.8848958333333
1365,2995.2278943865235,570.705729166667
1366,2996.7562622603405,514.6932291666672
1367,2998.2841507351955,508.58072916666697
1368,2999.8115600366077,509.2098958333331
1369,3001.3361754675684,504.5098958333333
1370,3002.861470725067,466.93906250000055
1371,3004.38744494594,430.4973958333335
1372,3005.9094717712555,407.9515625000008
1373,3007.433334745139,401.18906250000055
1374,3008.9555649681392,379.18906250000055
1375,3010.4784743273503,354.13906250000036
1376,3011.9997521064415,324.9265624999998
1377,3013.5193996125167,347.7098958333336
1378,3015.0385723570976,338.02656250000064
1379,3016.5572705626346,291.03906250000045
1380,3018.0754944514388,293.5098958333333
1381,3019.59324424568,276.97656250000045
1382,3021.1093674020144,284.35989583333367
1383,3022.6250176271055,268.5557291666669
1384,3024.1401951422063,279.4057291666668
1385,3025.653748480949,258.2848958333334
1386,3027.1679815983225,263.1098958333341
1387,3028.680591698652,242.9057291666668
1388,3030.192730689614,262.29739583333367
1389,3031.704398791268,258.10156250000045
1390,3033.214446328292,227.85156250000045
1391,3034.725173668905,233.38906250000036
1392,3036.2342815996067,241.02239583333358
1393,3037.741771411926,221.35989583333367
1394,3039.2510897929155,234.18906250000055
1395,3040.7576423845885,204.76406250000036
1396,3042.263727050231,204.80572916666688
1397,3043.76934400781,218.10989583333412
1398,3045.2744934751586,193.55989583333348
1399,3046.778028986432,198.70989583333358
1400,3048.2810981542743,236.19322916666715
1401,3049.7837011956144,208.4682291666668
1402,3051.2869839443915,188.36406249999982
1403,3052.787509765846,195.8223958333333
1404,3054.288715727926,181.69322916666715
1405,3055.787167324626,195.89322916666697
1406,3057.286299493616,177.7182291666668
1407,3058.7838236987673,189.53906250000045
1408,3060.2820281985387,170.20156250000036
1409,3061.779769009628,166.38072916666715
1410,3063.274760780816,166.79322916666706
1411,3064.770433137124,171.45572916666697
1412,3066.265643156222,197.69322916666715
1413,3067.7592493281686,169.46406250000064
1414,3069.2512529247356,166.04322916666706
1415,3070.745078275596,169.74739583333348
1416,3072.237301478116,150.60572916666706
1417,3073.7279238022,168.23072916666706
1418,3075.218086479953,119.2932291666666
1419,3076.7077897239474,142.87656250000055
1420,3078.197033746622,158.10989583333367
1421,3079.685818760285,157.5932291666668
1422,3081.1730064177723,158.31406250000055
1423,3082.6597361917807,144.68906250000055
1424,3084.1448704350028,167.55156250000027
1425,3085.6306854264117,150.4182291666666
1426,3087.1149060093067,150.9473958333333
1427,3088.598670252982,143.92656250000027
1428,3090.080841907869,145.65156250000064
1429,3091.5636944535386,137.60989583333367
1430,3093.046091290721,141.41406250000045
1431,3094.528032629455,143.98489583333367
1432,3096.0072485511846,144.87656250000055
1433,3097.4871455039083,138.85156250000045
1434,3098.965453915847,140.7848958333334
1435,3100.4444430801964,116.20989583333358
1436,3101.9218448172333,122.32656250000036
1437,3103.398793703317,144.05156250000027
1438,3104.874156968755,131.78906250000045
1439,3106.3490684934927,121.6598958333334
1440,3107.823528484977,123.60156250000045
1441,3109.2975371505268,139.80156250000027
1442,3110.769963105758,157.6682291666666
1443,3112.2430700871287,115.9723958333334
1444,3113.7157263636004,118.41822916666706
1445,3115.186801588396,121.05989583333348
1446,3116.656297004706,127.02239583333312
1447,3118.12647358066,133.31822916666715
1448,3119.5950714502715,101.98072916666706
1449,3121.06435020058,120.87239583333394
1450,3122.5309225168317,127.81406250000055
1451,3123.9970476395747,78.70989583333358
1452,3125.4638539138377,121.12656249999964
1453,3126.9290849191,93.98072916666706
1454,3128.3938693441632,110.8223958333333
1455,3129.857080283771,119.7598958333333
1456,3131.3198457378535,83.9807291666666
1457,3132.7821659098263,92.5723958333333
1458,3134.246293163656,109.29739583333367
1459,3135.706596958293,118.63906250000036
1460,3137.166456765385,93.47656250000045
1461,3138.625872787383,119.0723958333333
1462,3140.0848452266164,83.23906250000027
1463,3141.544498654811,129.14322916666697
1464,3143.0014601654952,107.00572916666715
1465,3144.4579793824837,135.7848958333343
1466,3145.9140565071466,122.37239583333348
1467,3147.369691740733,102.27239583333358
1468,3148.8248852843717,138.17239583333367
1469,3150.2785150153427,101.26406250000036
1470,3151.73058215501,82.8848958333333
1471,3153.1844528551524,109.83072916666697
1472,3154.6378826681735,113.56822916666715
1473,3156.088629866829,103.23489583333367
1474,3157.537817312452,80.1598958333334
1475,3158.9888070793745,82.64739583333358
1476,3160.437117544948,111.0348958333343
1477,3161.887229373963,76.30572916666733
1478,3163.3346636553065,112.33072916666697
1479,3164.7816604809163,82.74739583333348
1480,3166.2271014557505,102.43489583333348
1481,3167.6732243025776,95.58906250000018
1482,3169.117792370164,108.10156250000045
1483,3170.563042029788,71.36406250000027
1484,3172.0056207373564,105.7307291666666
1485,3173.449998337732,83.9473958333333
1486,3174.8917067289826,106.90572916666679
1487,3176.3329805938997,87.75156249999964
1488,3177.7738201289017,67.24322916666688
1489,3179.213109969817,67.83906250000064
1490,3180.6530817698163,91.77656250000064
1491,3182.0926198282928,90.33072916666697
1492,3183.5306097881503,99.2848958333343
1493,3184.968167069184,75.29739583333367
1494,3186.4041779838662,89.71822916666679
1495,3187.8408708279294,81.65572916666679
1496,3189.2749051519118,81.01822916666697
1497,3190.709621794292,87.44322916666715
1498,3192.1439074013942,88.66406250000045
1499,3193.577762167433,69.94322916666715
1500,3195.0100744098386,102.08906250000064
1501,3196.4419568667413,86.76822916666697
1502,3197.872298521698,62.076562500000364
1503,3199.3033223210364,85.28072916666679
1504,3200.7339169146217,67.85156250000045
1505,3202.16297228488,88.77656250000064
1506,3203.591599500868,76.48072916666706
1507,3205.018689209126,79.32656250000036
1508,3206.4453518121186,88.91406250000045
1509,3207.871587501559,128.20989583333358
1510,3209.296287918623,94.71822916666679
1511,3210.7216706872227,90.09739583333385
1512,3212.1466271165627,89.33906250000064
1513,3213.5711573978947,93.0098958333333
1514,3214.9930472717465,112.77656250000064
1515,3216.415619597678,103.1015625
1516,3217.8366604454814,83.7848958333343
1517,3219.257277230496,96.30989583333394
1518,3220.678576046621,97.40156250000018
1519,3222.0972393712145,61.96406250000018
1520,3223.516585106165,75.66406250000045
1521,3224.9344026217054,76.0973958333334
1522,3226.3517976809435,84.49322916666733
1523,3227.768770472665,101.21822916666679
1524,3229.1853211855446,72.73072916666706
1525,3230.5992428089694,110.99739583333394
1526,3232.014950586956,84.77239583333358
1527,3233.429133908259,102.28906250000045
1528,3234.8428965603753,90.89739583333358
1529,3236.2551364438073,67.12239583333348
1530,3237.666956688571,82.23489583333412
1531,3239.0783574816796,90.57656250000036
1532,3240.4893390100337,57.164062500000455
1533,3241.899901460422,110.24739583333348
1534,3243.3089443682065,91.20989583333358
1535,3244.7175692245874,85.08906250000064
1536,3246.125776215586,51.876562500000546
1537,3247.532465854694,76.58489583333358
1538,3248.938738652065,79.7223958333334
1539,3250.344594792954,109.39739583333358
1540,3251.750034462507,65.03906250000045
1541,3253.15615621569,98.26822916666697
1542,3254.55966512764,78.84322916666679
1543,3255.961661053099,84.37656249999964
1544,3257.3643399411776,122.60989583333412
1545,3258.7655068600984,88.70156250000036
1546,3260.1684532069803,89.49739583333348
1547,3261.568791530406,97.06822916666715
1548,3262.9687161555707,104.5348958333334
1549,3264.3671314908506,100.38906250000036
1550,3265.7662295928862,106.0973958333334
1551,3267.1638194179777,104.06406249999964
1552,3268.560996923591,124.44322916666715
1553,3269.9566678097835,105.42656249999982
1554,3271.353021546429,94.4723958333334
1555,3272.7489635104453,95.96822916666679
1556,3274.143400369215,154.45572916666697
1557,3275.5374264639267,109.68072916666688
1558,3276.931041976054,120.75989583333376
1559,3278.323154537839,107.17239583333412
1560,3279.715949750458,111.50572916666715
1561,3281.106151111524,97.01822916666697
1562,3282.495943899227,141.4098958333334
1563,3283.88641955846,120.85156250000045
1564,3285.275395419,113.55156249999982
1565,3286.66396324627,80.31822916666715
1566,3288.052123220042,106.93906249999964
1567,3289.4387855367313,118.27239583333358
1568,3290.8239513352482,106.48489583333367
1569,3292.2119791296213,127.87239583333394
1570,3293.597421100456,88.1057291666666
1571,3294.9813680488046,100.12239583333348
1572,3296.364909496541,96.20156250000036
1573,3297.74804562186,136.24322916666688
1574,3299.13186435132,108.31822916666715
1575,3300.5131026174904,107.58489583333358
1576,3301.8939367319053,122.70572916666697
1577,3303.274366871923,80.31406250000055
1578,3304.654393214795,92.52656250000018
1579,3306.034015937673,86.50572916666715
1580,3307.411063535813,107.33072916666697
1581,3308.788794660853,83.05572916666688
1582,3310.168293744058,97.66406250000045
1583,3311.5441346119005,84.9807291666666
1584,3312.919574010849,114.03489583333385
1585,3314.2946121165996,98.5432291666666
1586,3315.669249104745,82.58072916666697
1587,3317.0434851507794,100.43906250000055
1588,3318.4173204300905,122.30156250000027
1589,3319.789672125373,101.66822916666706
1590,3321.1616240355884,90.98906250000027
1591,3322.533176335407,84.93906249999964
1592,3323.904329199394,102.08072916666697
1593,3325.272919338173,107.94322916666715
1594,3326.6421930662527,85.45989583333358
1595,3328.0110685106292,97.44322916666715
1596,3329.380626633505,63.434895833333485
1597,3330.747625243173,72.14739583333312
1598,3332.114226718211,91.19322916666715
1599,3333.4804312316564,91.92656249999982
1600,3334.8451594232074,80.16406250000045
1601,3336.210570845635,98.15572916666679
1602,3337.5745069181403,85.69739583333376
1603,3338.938047346186,89.45156250000036
1604,3340.3011923018953,81.79739583333367
1605,3341.6628639887695,98.54739583333412
1606,3343.0241411720785,77.51822916666697
1607,3344.3850240232423,72.75989583333376
1608,3345.7444356812584,104.79739583333412
1609,3347.1045306938704,78.55156250000027
1610,3348.4642318878605,107.99739583333394
1611,3349.8224633369177,81.46822916666679
1612,3351.179226145644,122.43072916666688
1613,3352.536672368261,95.93489583333394
1614,3353.8926509129556,95.76822916666697
1615,3355.249312589875,86.74322916666688
1616,3356.6045075503444,73.07656250000036
1617,3357.9582368953124,78.26822916666697
1618,3359.3126495709275,79.3473958333343
1619,3360.664523976314,60.076562500000364
1620,3362.017082050294,90.92239583333367
1621,3363.3681770438293,111.02239583333358
1622,3364.7188827387545,94.4140625
1623,3366.069199303302,53.459895833333576
1624,3367.420198973138,73.68489583333394
1625,3368.7697374724935,65.8515625
1626,3370.1188873457186,86.26406250000082
1627,3371.4665776189613,87.99739583333394
1628,3372.812809384273,80.39739583333358
1629,3374.1607953104253,54.01822916666697
1630,3375.5062528450176,70.00572916666715
1631,3376.8513238221444,73.78906250000045
1632,3378.197078011631,89.19322916666715
1633,3379.54030677018,58.243229166667334
1634,3380.883150084685,87.10989583333367
1635,3382.2266768035934,74.4098958333334
1636,3383.567681045004,63.28072916666679
1637,3384.909369022297,56.32656250000082
1638,3386.2517399818116,57.480729166666606
1639,3387.590523341753,63.847395833333394
1640,3388.9310577782385,101.11822916666733
1641,3390.2690742380623,95.93072916666733
1642,3391.607774340872,59.09322916666679
1643,3392.9460910997877,85.2890625
1644,3394.282958749409,78.27656250000064
1645,3395.6194439943206,78.95156250000036
1646,3396.9544816779326,64.71822916666679
1647,3398.2902029101174,84.95156250000036
1648,3399.6244775175655,66.8848958333333
1649,3400.958370984306,74.09322916666679
1650,3402.2908193697103,47.20156250000082
1651,3403.622887548361,59.67656250000027
1652,3404.9556391797873,88.98072916666706
1653,3406.2880103228385,66.88072916666715
1654,3407.6178753606814,54.68072916666688
1655,3408.9484240354104,52.49322916666688
1656,3410.276468747551,60.63489583333376
1657,3411.6062594022137,63.514062500000364
1658,3412.9346093079093,46.84322916666679
1659,3414.2615195337094,48.272395833333576
1660,3415.588052222392,95.45156250000036
1661,3416.9142075350615,69.73906250000027
1662,3418.2399856327297,46.889062500000364
1663,3419.56538667632,73.60572916666706
1664,3420.888291088966,57.4098958333343
1665,3422.2129391094372,46.71822916666679
1666,3423.5361512910945,59.35989583333412
1667,3424.858987663075,50.522395833333576
1668,3426.179331054391,84.1598958333343
1669,3427.5003585229756,58.83906250000064
1670,3428.82206932736,80.13072916666715
1671,3430.142347196645,42.039062500000455
1672,3431.4611931903773,43.18072916666688
1673,3432.7807226978384,62.50572916666715
1674,3434.097764381201,56.101562500000455
1675,3435.4144333287413,77.98489583333367
1676,3436.731785966715,73.19322916666715
1677,3438.047709618322,37.459895833333576
1678,3439.363261008595,69.06822916666715
1679,3440.678440295475,76.15572916666679
1680,3441.993247636812,57.73906250000027
1681,3443.305573639792,35.126562500000546
1682,3444.618583682181,62.90156250000018
1683,3445.9312228476947,74.69322916666715
1684,3447.243491293448,59.81406250000009
1685,3448.554335591889,88.43489583333348
1686,3449.8648100792016,91.05156249999982
1687,3451.1749149118577,21.526562500000637
1688,3452.4846502462433,64.60156250000045
1689,3453.791911444972,45.668229166666606
1690,3455.1009088450364,52.48906250000027
1691,3456.407433607159,46.76822916666697
1692,3457.7135906803023,45.53072916666679
1693,3459.021482644022,50.39322916666697
1694,3460.3269042132333,48.2890625
1695,3461.630907938316,55.56406250000009
1696,3462.935595511122,42.18489583333394
1697,3464.238866140054,53.40989583333385
1698,3465.5428203353335,41.88489583333376
1699,3466.8443090459086,24.25572916666715
1700,3468.146481631337,25.54739583333412
1701,3469.44723965952,30.843229166666788
1702,3470.7476327243676,26.859895833333667
1703,3472.0476609794578,48.23072916666706
1704,3473.346276609356,43.101562500000455
1705,3474.644528323944,55.63489583333376
1706,3475.9424162761734,75.85989583333367
1707,3477.2409877072378,41.53072916666679
1708,3478.537101504924,37.68072916666688
1709,3479.833899086919,69.10156250000045
1710,3481.129287308416,72.78072916666679
1711,3482.4243131166177,55.03072916666679
1712,3483.7200222874344,52.476562500000455
1713,3485.0132781013153,43.40572916666679
1714,3486.3061725423586,58.826562500000364
1715,3487.598705762009,43.09322916666679
1716,3488.88983345584,60.27656250000018
1717,3490.1816449784133,35.58906250000018
1718,3491.4720518605714,48.2890625
1719,3492.7620987088458,18.276562500000182
1720,3494.0507423832632,8.751562500000546
1721,3495.3411129062883,19.784895833333394
1722,3496.629037847736,51.38489583333376
1723,3497.915561520164,49.4723958333343
1724,3499.2027692009337,66.61822916666733
1725,3500.4896183309042,36.439062500000546
1726,3501.7750675119096,29.197395833333758
1727,3503.06015902142,46.897395833333576
1728,3504.3448930086943,48.951562500000364
1729,3505.629269622912,60.19322916666715
1730,3506.9122486233987,37.57656250000082
1731,3508.1938310263745,24.530729166666788
1732,3509.4760974712194,41.014062500000364
1733,3510.7580077164157,48.20572916666697
1734,3512.038522675684,51.039062500000455
1735,3513.3186823089663,50.58906250000018
1736,3514.5984867641423,26.776562500000182
1737,3515.877936189005,51.21406250000018
1738,3517.1559926490468,69.8515625
1739,3518.433694949635,36.368229166667334
1740,3519.712080745016,74.6598958333343
1741,3520.9880376611272,61.11406249999982
1742,3522.2636414335607,80.56822916666715
1743,3523.538892208904,22.501562499999636
1744,3524.8137901336645,44.164062500000455
1745,3526.0883353542667,26.73489583333412
1746,3527.360456445156,26.180729166667334
1747,3528.634297269305,34.626562500000546
1748,3529.907785827851,62.62239583333394
1749,3531.1788524120752,37.31822916666715
1750,3532.450602808174,48.376562499999636
1751,3533.7199332356977,37.43489583333394
1752,3534.9899477654776,21.384895833333758
1753,3536.2585781147527,43.67656250000027
1754,3537.527892285545,36.855729166666606
1755,3538.7958231355856,30.034895833334303
1756,3540.0634045952875,42.647395833333576
1757,3541.330636809047,32.25572916666715
1758,3542.59751992118,42.98489583333367
1759,3543.861989919433,24.889062500000364
1760,3545.1271440350247,57.201562500000364
1761,3546.3909185384823,4.014062500000364
1762,3547.6564081056385,29.31822916666715
1763,3548.9194874045456,16.326562500000364
1764,3550.1822195995696,22.797395833333667
1765,3551.443574456673,60.355729166666606
1766,3552.7045830618217,52.139062500000364
1767,3553.9673051804525,21.614062500000273
1768,3555.2276211440817,51.01822916666697
1769,3556.486562037161,10.843229166666788
1770,3557.7461867768798,37.02656250000064
1771,3559.004437294867,27.093229166666788
1772,3560.2623429791934,12.522395833333576
1773,3561.5188758531717,52.743229166667334
1774,3562.776092576979,13.072395833333303
1775,3564.0319373365523,42.305729166667334
1776,3565.2884656657047,59.189062499999636
1777,3566.542595882828,37.597395833333394
1778,3567.7974099516127,35.626562500000546
1779,3569.050854307224,38.40156250000064
1780,3570.3039560833045,25.672395833333667
1781,3571.556715420279,22.722395833334303
1782,3572.809132458498,21.884895833333758
1783,3574.0601820278453,63.65156250000018
1784,3575.3108901387895,19.576562500000364
1785,3576.5602321800266,32.78072916666679
1786,3577.8102580730165,47.514062500000364
1787,3579.0589187343585,40.251562499999636
1788,3580.3072390543402,-7.190104166666515
1789,3581.554195537798,82.96406250000018
1790,3582.8028592266605,30.68489583333394
1791,3584.0491362804487,58.084895833333576
1792,3585.294051307719,27.218229166666788
1793,3586.5396503220118,10.780729166666788
1794,3587.7849103849235,53.8515625
1795,3589.0298316347894,26.33072916666697
1796,3590.272370837845,75.00156249999964
1797,3591.5166154320946,51.139062500000364
1798,3592.758479366013,47.951562500000364
1799,3594.0000061489764,-13.652604166665697
1800,3595.241195918264,74.99322916666733
1801,3596.4820488110836,50.584895833333576
1802,3597.721544941565,75.71406250000018
1803,3598.9617247695173,52.9765625
1804,3600.2005486622284,9.322395833333303
1805,3601.439036779267,40.42656249999982
1806,3602.676170339564,57.626562499999636
1807,3603.913987590751,66.8515625
1808,3605.149432743696,12.676562499999818
1809,3606.386579949831,25.105729166666606
1810,3607.622374247093,15.226562500000455
1811,3608.856816597817,31.62239583333394
1812,3610.09092522751,30.930729166667334
1813,3611.3236832818393,32.5390625
1814,3612.557125150166,41.77656250000018
1815,3613.7892172627644,34.05156249999982
1816,3615.0209767440306,17.222395833334303
1817,3616.2524037286503,36.3848958333333
1818,3617.483498351233,51.918229166666606
1819,3618.714260746318,32.17656249999982
1820,3619.94266090881,46.701562500000364
1821,3621.171745003619,13.409895833333394
1822,3622.3994832981116,42.959895833333576
1823,3623.6289194952237,47.747395833333485
1824,3624.8559961834453,9.072395833333303
1825,3626.0827425420043,49.5973958333343
1826,3627.30814527349,39.118229166667334
1827,3628.533218487204,47.543229166666606
1828,3629.757962316042,46.25572916666715
1829,3630.982376892828,17.384895833333758
1830,3632.205450008647,13.114062499999818
1831,3633.4302188211873,28.14322916666697
1832,3634.652634640393,31.147395833333576
1833,3635.87371075532,-3.8151041666660603
1834,3637.095470622151,8.472395833334303
1835,3638.3158915914814,23.351562500000455
1836,3639.535985321249,27.076562500000364
1837,3640.7557519430534,32.834895833333576
1838,3641.9751915884244,27.147395833333576
1839,3643.193294488609,1.655729166666788
1840,3644.4110712162383,41.897395833333576
1841,3645.628521902304,3.2515625000005457
1842,3646.8456466777284,13.864062499999818
1843,3648.061436853891,35.58072916666697
1844,3649.2769019207603,36.50572916666715
1845,3650.493050288813,14.151562500000182
1846,3651.706857248099,31.951562500000364
1847,3652.920340027773,59.25989583333376
1848,3654.1334987576865,24.118229166667334
1849,3655.3463335676247,67.83489583333358
1850,3656.558844587304,43.70572916666697
1851,3657.7710319463695,23.639062500000364
1852,3658.980882979757,11.93489583333394
1853,3660.191417814259,12.651562500000637
1854,3661.400624052017,40.118229166667334
1855,3662.610513812404,38.42656249999982
1856,3663.819075769867,37.89322916666697
1857,3665.0263108563504,40.73489583333367
1858,3666.234229583443,9.839062500000182
1859,3667.4418267541714,26.293229166666606
1860,3668.6480982413404,33.626562499999636
1861,3669.8540489631223,51.43489583333394
1862,3671.0586753255952,45.334895833333576
1863,3672.2639851671347,18.959895833333576
1864,3673.4679714382128,20.139062500000364
1865,3674.671637988084,-12.152604166665697
1866,3675.8739822879734,8.468229166666788
1867,3677.077010043544,34.6598958333343
1868,3678.2787163355088,47.576562500000364
1869,3679.480103946797,6.909895833333394
1870,3680.6801714112016,-17.89427083333294
1871,3681.8799209791896,22.62239583333394
1872,3683.079352777059,51.75989583333376
1873,3684.2794677284064,20.868229166667334
1874,3685.477263567306,8.130729166667152
1875,3686.6757428119467,37.576562500000364
1876,3687.872904788058,26.509895833333303
1877,3689.0687504149564,30.372395833333485
1878,3690.2662790343516,55.9473958333333
1879,3691.4614923455124,27.597395833334303
1880,3692.6553910043467,31.901562500000182
1881,3693.8499732925884,8.12239583333394
1882,3695.0442401248984,4.664062500000455
1883,3696.237193470689,20.084895833333576
1884,3697.4288342446666,46.40572916666679
1885,3698.62215624873,37.70572916666697
1886,3699.8131685636768,29.409895833334303
1887,3701.0048642017537,23.993229166667334
1888,3702.1952488173442,68.50572916666715
1889,3703.385319900593,4.676562499999818
1890,3704.574081259492,10.859895833334122
1891,3705.7635259118874,2.2473958333339397
1892,3706.9516616116803,38.05989583333394
1893,3708.1394847980814,13.243229166667334
1894,3709.3260003263363,21.79739583333412
1895,3710.5131991174408,33.75989583333376
1896,3711.6980962745533,20.864062499999818
1897,3712.8836769401414,3.0057291666671517
1898,3714.0679520073927,30.889062500000364
1899,3715.2519163438374,-3.102604166666424
1900,3716.4355700717556,13.859895833333667
1901,3717.6199067540906,22.093229166666788
1902,3718.8029393709926,12.926562499999818
1903,3719.9836759061986,19.5390625
1904,3721.1660886818454,34.94739583333376
1905,3722.3462066598327,40.58072916666697
1906,3723.52700794131,-4.969270833333212
1907,3724.707499987948,28.314062499999636
1908,3725.8866913005786,45.305729166667334
1909,3727.064582778765,28.901562500000182
1910,3728.243157525733,11.564062499999636
1911,3729.4204331983983,31.280729166666788
1912,3730.596410694259,20.530729166666788
1913,3731.773071561724,23.764062500000364
1914,3732.950415144974,14.255729166667152
1915,3734.1244815542364,39.08072916666697
1916,3735.300220987283,47.772395833333576
1917,3736.4736748453265,-32.310937500000364
1918,3737.6468228653366,17.651562500000637
1919,3738.819665166865,62.689062499999636
1920,3739.9931903886345,23.51822916666697
1921,3741.1654213540783,18.75572916666715
1922,3742.336358955124,45.05156249999982
1923,3743.5069918297895,29.56822916666715
1924,3744.677320097014,60.493229166667334
1925,3745.8473438756723,4.068229166667152
1926,3747.015089330959,1.7515624999996362
1927,3748.1845050022725,23.584895833333576
1928,3749.353616541078,26.447395833333758
1929,3750.520451651128,29.839062500000182
1930,3751.6869838906096,43.50572916666715
1931,3752.8532133774283,22.918229166666606
1932,3754.019140229431,34.67239583333412
1933,3755.185749748668,-32.07760416666588
1934,3756.350086500063,21.44322916666715
1935,3757.5141214806395,30.847395833334303
1936,3758.6768703892,26.897395833333576
1937,3759.840302435044,15.4140625
1938,3761.0024491529985,41.264062500000364
1939,3762.1642950783853,8.114062499999818
1940,3763.32584032797,31.659895833334303
1941,3764.486101873176,40.105729166666606
1942,3765.648029266487,34.0348958333343
1943,3766.8076905519583,33.4765625
1944,3767.967052136163,10.68489583333394
1945,3769.12513200614,18.49739583333394
1946,3770.282912914385,35.9765625
1947,3771.441376598831,47.022395833333576
1948,3772.5985596774817,52.08072916666697
1949,3773.7544630259504,17.389062500000364
1950,3774.91006838148,62.251562499999636
1951,3776.0653758592916,4.718229166666788
1952,3777.2203855745456,16.151562500000182
1953,3778.375097642342,30.243229166667334
1954,3779.528532325486,-0.5942708333332121
1955,3780.6806904956006,5.505729166667152
1956,3781.8345110680266,29.197395833333758
1957,3782.9860762605244,24.439062499999636
1958,3784.138324231966,-2.519270833333394
1959,3785.289297156118,39.55156249999982
1960,3786.4389959019154,34.397395833333576
1961,3787.5893775173563,37.42239583333412
1962,3788.7384856848994,5.884895833333758
1963,3789.887298859452,16.072395833333758
1964,3791.035817154591,0.7348958333341216
1965,3792.1840406838387,10.37239583333394
1966,3793.3300158894417,22.293229166666606
1967,3794.4776507284814,42.5348958333343
1968,3795.6230384718815,23.347395833334303
1969,3796.769108988554,66.12656250000055
1970,3797.9148858061344,17.730729166666606
1971,3799.0593934526687,31.06822916666715
1972,3800.202632790131,50.73489583333412
1973,3801.3455797653655,81.69322916666715
1974,3802.4892093271214,29.051562499999818
1975,3803.63157166503,5.630729166667152
1976,3804.7736419770395,42.6015625
1977,3805.9134721963965,33.68489583333394
1978,3807.054959290298,0.5848958333335759
1979,3808.1942075097922,13.780729166666788
1980,3809.3341384886226,24.180729166667334
1981,3810.4737784974923,14.118229166667334
1982,3811.612154800754,18.147395833333576
1983,3812.750240853054,55.45572916666697
1984,3813.887064414101,28.13072916666715
1985,3815.0245705452417,17.980729166666606
1986,3816.1608149022277,19.743229166667334
1987,3817.295798338201,24.3515625
1988,3818.4314644283536,17.426562499999818
1989,3819.566841426992,12.472395833334303
1990,3820.700958577348,29.147395833333576
1991,3821.8347873507896,33.139062500000364
1992,3822.9683278572925,23.168229166666606
1993,3824.1006100796953,69.98489583333412
1994,3825.2316348669365,50.389062500000364
1995,3826.3633423366778,53.834895833333576
1996,3827.494762471095,18.105729166666606
1997,3828.62492623697,18.584895833333576
1998,3829.754803378055,13.797395833334122
1999,3830.8843940033717,33.58906250000018
2000,3832.013698221889,26.326562500000364
2001,3833.1417479822044,57.951562500000364
2002,3834.2695120440785,7.334895833333576
2003,3835.396990516035,-0.9276041666662422
2004,3836.524183506544,13.989062499999818
2005,3837.649156763139,45.480729166666606
2006,3838.7748126696306,49.2265625
2007,3839.9001839088005,49.33072916666697
2008,3841.024304141403,42.23489583333412
2009,3842.148140411017,3.3682291666673336
2010,3843.2716928252253,34.96822916666679
2011,3844.394961491558,5.64322916666697
2012,3845.5179465174906,30.6015625
2013,3846.6396827826825,20.81822916666715
2014,3847.7601711248435,38.993229166667334
2015,3848.8813418634054,13.609895833334122
2016,3850.0022298773843,17.647395833333576
2017,3851.1218710187627,21.00572916666715
2018,3852.240266123023,-4.623437500000364
2019,3853.359343564056,2.8515625
2020,3854.4771756661703,25.843229166666788
2021,3855.5947265478135,34.0973958333343
2022,3856.7119963150944,12.62239583333394
2023,3857.828022273713,17.084895833333576
2024,3858.943767814044,29.35989583333412
2025,3860.060195358401,10.784895833334303
2026,3861.175380137406,63.1015625
2027,3862.2893229817914,29.784895833334303
2028,3863.4039479051908,25.034895833334303
2029,3864.516370236916,25.74739583333394
2030,3865.630435967557,44.876562499999636
2031,3866.7432611500362,-0.6276041666660603
2032,3867.854846612561,-10.173437499999636
2033,3868.966153569202,24.62239583333394
2034,3870.076221978108,27.864062499999818
2035,3871.1860125711582,11.630729166667152
2036,3872.2955254526314,-8.8359375
2037,3873.405720152695,24.655729166666788
2038,3874.5137184977084,35.251562499999636
2039,3875.6223988696115,-10.781770833333212
2040,3876.729843240149,12.714062500000182
2041,3877.8370108989993,9.843229166666788
2042,3878.9429437222425,-5.3401041666656965
2043,3880.0486005196417,4.293229166666606
2044,3881.1558968931527,12.301562499999818
2045,3882.2610014708557,2.1307291666671517
2046,3883.3639157897755,42.959895833333576
