name,smiles_x,cas,canonical_smiles_x,inchikey,ID,smiles_y,vmin_vmin_boltz,vmin_r_boltz,fmo_e_homo_boltz,fmo_e_lumo_boltz,fmo_mu_boltz,fmo_eta_boltz,fmo_omega_boltz,somo_ra_boltz,somo_rc_boltz,nbo_P_boltz,nbo_P_ra_boltz,spindens_P_ra_boltz,nbo_P_rc_boltz,spindens_P_rc_boltz,nmr_P_boltz,nmrtens_sxx_P_boltz,nmrtens_syy_P_boltz,nmrtens_szz_P_boltz,efg_amp_P_boltz,efgtens_xx_P_boltz,efgtens_yy_P_boltz,efgtens_zz_P_boltz,nuesp_P_boltz,E_solv_cds_boltz,nbo_lp_P_percent_s_boltz,nbo_lp_P_occ_boltz,nbo_lp_P_e_boltz,nbo_bd_e_max_boltz,nbo_bd_e_avg_boltz,nbo_bds_e_min_boltz,nbo_bds_e_avg_boltz,nbo_bd_occ_min_boltz,nbo_bd_occ_avg_boltz,nbo_bds_occ_max_boltz,nbo_bds_occ_avg_boltz,E_solv_total_boltz,E_solv_elstat_boltz,E_oxidation_boltz,E_reduction_boltz,fukui_p_boltz,fukui_m_boltz,vbur_vtot_boltz,vbur_ratio_vbur_vtot_boltz,Pint_P_int_boltz,Pint_dP_boltz,Pint_P_min_boltz,Pint_P_max_boltz,volume_boltz,surface_area_boltz,sphericity_boltz,dipolemoment_boltz,dipolemoment_min,dipolemoment_max,dipolemoment_delta,dipolemoment_vburminconf,qpole_amp_boltz,qpole_amp_min,qpole_amp_max,qpole_amp_delta,qpole_amp_vburminconf,qpoletens_xx_boltz,qpoletens_xx_min,qpoletens_xx_max,qpoletens_xx_delta,qpoletens_xx_vburminconf,qpoletens_yy_boltz,qpoletens_yy_min,qpoletens_yy_max,qpoletens_yy_delta,qpoletens_yy_vburminconf,qpoletens_zz_boltz,qpoletens_zz_min,qpoletens_zz_max,qpoletens_zz_delta,qpoletens_zz_vburminconf,pyr_P_boltz,pyr_P_min,pyr_P_max,pyr_P_delta,pyr_P_vburminconf,pyr_alpha_boltz,pyr_alpha_min,pyr_alpha_max,pyr_alpha_delta,pyr_alpha_vburminconf,vbur_vbur_boltz,vbur_vbur_min,vbur_vbur_max,vbur_vbur_delta,vbur_vbur_vburminconf,vbur_qvbur_min_boltz,vbur_qvbur_min_min,vbur_qvbur_min_max,vbur_qvbur_min_delta,vbur_qvbur_min_vburminconf,vbur_qvbur_max_boltz,vbur_qvbur_max_min,vbur_qvbur_max_max,vbur_qvbur_max_delta,vbur_qvbur_max_vburminconf,vbur_qvtot_min_boltz,vbur_qvtot_min_min,vbur_qvtot_min_max,vbur_qvtot_min_delta,vbur_qvtot_min_vburminconf,vbur_qvtot_max_boltz,vbur_qvtot_max_min,vbur_qvtot_max_max,vbur_qvtot_max_delta,vbur_qvtot_max_vburminconf,vbur_max_delta_qvbur_boltz,vbur_max_delta_qvbur_min,vbur_max_delta_qvbur_max,vbur_max_delta_qvbur_delta,vbur_max_delta_qvbur_vburminconf,vbur_max_delta_qvtot_boltz,vbur_max_delta_qvtot_min,vbur_max_delta_qvtot_max,vbur_max_delta_qvtot_delta,vbur_max_delta_qvtot_vburminconf,vbur_ovbur_min_boltz,vbur_ovbur_min_min,vbur_ovbur_min_max,vbur_ovbur_min_delta,vbur_ovbur_min_vburminconf,vbur_ovbur_max_boltz,vbur_ovbur_max_min,vbur_ovbur_max_max,vbur_ovbur_max_delta,vbur_ovbur_max_vburminconf,vbur_ovtot_min_boltz,vbur_ovtot_min_min,vbur_ovtot_min_max,vbur_ovtot_min_delta,vbur_ovtot_min_vburminconf,vbur_ovtot_max_boltz,vbur_ovtot_max_min,vbur_ovtot_max_max,vbur_ovtot_max_delta,vbur_ovtot_max_vburminconf,vbur_near_vbur_boltz,vbur_near_vbur_min,vbur_near_vbur_max,vbur_near_vbur_delta,vbur_near_vbur_vburminconf,vbur_far_vbur_boltz,vbur_far_vbur_min,vbur_far_vbur_max,vbur_far_vbur_delta,vbur_far_vbur_vburminconf,vbur_near_vtot_boltz,vbur_near_vtot_min,vbur_near_vtot_max,vbur_near_vtot_delta,vbur_near_vtot_vburminconf,vbur_far_vtot_boltz,vbur_far_vtot_min,vbur_far_vtot_max,vbur_far_vtot_delta,vbur_far_vtot_vburminconf,sterimol_B1_boltz,sterimol_B1_min,sterimol_B1_max,sterimol_B1_delta,sterimol_B1_vburminconf,sterimol_B5_boltz,sterimol_B5_min,sterimol_B5_max,sterimol_B5_delta,sterimol_B5_vburminconf,sterimol_L_boltz,sterimol_L_min,sterimol_L_max,sterimol_L_delta,sterimol_L_vburminconf,sterimol_burB1_boltz,sterimol_burB1_min,sterimol_burB1_max,sterimol_burB1_delta,sterimol_burB1_vburminconf,sterimol_burB5_boltz,sterimol_burB5_min,sterimol_burB5_max,sterimol_burB5_delta,sterimol_burB5_vburminconf,sterimol_burL_boltz,sterimol_burL_min,sterimol_burL_max,sterimol_burL_delta,sterimol_burL_vburminconf,canonical_smiles_y
sPhos,COc1cccc(c1c2ccccc2P(C3CCCCC3)C4CCCCC4)OC,657408-07-6,COc1cccc(OC)c1-c1ccccc1P(C1CCCCC1)C1CCCCC1,VNFWTIYUKDMAOP-UHFFFAOYSA-N,3,COc1cccc(OC)c1-c1ccccc1P(C1CCCCC1)C1CCCCC1,-0.066302714,1.798595107,-0.213323406,-0.016923387,-0.115123397,0.196400019,0.033749737,0.069846143,-0.356952332,0.796411645,0.780617119,0.02007792,1.152165706,0.460004802,300.9723654,274.0267463,302.8144084,326.0759728,1.746891692,-0.811313661,-0.610283431,1.421597273,-54.20373948,-8.933203478,51.4856578,1.932661638,-0.295812657,-0.431360816,-0.44130758,0.209768238,0.219849328,1.947707359,1.953555822,0.038602493,0.034629456,-17.49243678,-8.559233299,0.257800852,0.026666611,0.015794526,0.355754061,459.1645919,0.22017539,20.25729913,4.516961901,12.91171592,38.02272604,551.5897989,444.0046941,0.732618381,0.91118665,0.716675684,3.289474011,2.572798326,2.94422968,8.89441962,6.731400313,9.871608205,3.140207892,6.892837508,5.296207168,4.02382405,7.587892389,3.564068339,5.033061172,1.636632568,-2.394301369,2.200548986,4.594850355,-0.335515711,-6.932839735,-7.489742621,-3.530136855,3.959605765,-4.697545461,0.931196568,0.843185744,0.944014411,0.100828666,0.878677827,18.1109938,16.18109294,28.14264999,11.96155705,24.4707848,101.0938553,56.8742033,104.6699542,47.7957509,56.8742033,12.62745998,11.30832112,14.30274615,2.994425026,11.30832112,42.28682214,16.31088309,43.79307379,27.4821907,17.08485253,60.38185448,53.01884481,75.82877302,22.80992821,63.63214442,179.367995,149.9704907,192.2106942,42.24020349,167.7290217,25.34241358,2.33027557,28.00828074,25.67800517,5.776531407,93.01102384,75.32114328,129.6532556,54.33211234,96.07462293,0.000104839,0.0,0.288669685,0.288669685,0.0,22.33840244,16.31088309,22.39909408,6.088210994,17.08485253,0.000103965,0.0,0.28581594,0.28581594,0.0,130.2580308,118.2430699,167.7290217,49.48595174,167.7290217,68.64122132,56.8742033,72.84935099,15.97514769,56.8742033,32.45263397,0.0,35.71032262,35.71032262,0.0,381.2273667,370.4520315,458.0513769,87.59934537,458.0513769,74.87762391,0.0,89.73305502,89.73305502,0.0,4.550447719,4.111414783,4.950247789,0.838833006,4.404914912,7.261010131,6.598670834,7.688512338,1.089841503,7.211256329,7.782933725,7.478206574,10.18702471,2.708818141,10.1395002,4.450953473,3.971910486,4.943575283,0.971664797,4.353832677,7.156276183,6.349086497,7.287324486,0.938237989,7.021625019,7.306642695,7.025374001,8.36140438,1.336030379,7.424873695,COc1cccc(OC)c1-c1ccccc1P(C1CCCCC1)C1CCCCC1
XPhos,P(c2ccccc2c1c(cc(cc1C(C)C)C(C)C)C(C)C)(C3CCCCC3)C4CCCCC4,564483-18-7,CC(C)c1cc(C(C)C)c(-c2ccccc2P(C2CCCCC2)C2CCCCC2)c(C(C)C)c1,UGOMMVLRQDMAQQ-UHFFFAOYSA-N,1,CC(C)c1cc(C(C)C)c(-c2ccccc2P(C2CCCCC2)C2CCCCC2)c(C(C)C)c1,-0.061653832,1.819048482,-0.218243366,-0.025112319,-0.121677842,0.193131047,0.03833597,0.059115319,-0.363711578,0.801913877,0.762848685,0.039934438,1.16565782,0.466770835,306.7602335,286.0477335,304.9629317,329.2700282,1.750654742,-0.824412029,-0.599056362,1.42346838,-54.19681131,-11.7800896,51.27024712,1.927054025,-0.300539214,-0.439428738,-0.448304251,0.203063797,0.213486864,1.947840386,1.953640612,0.03943933,0.034855828,-18.90894535,-7.128855756,0.260081699,0.017364495,0.039065191,0.363743943,560.3636918,0.188389593,20.67366182,5.018495509,12.78666587,42.08441375,687.0055722,534.2836334,0.704737109,1.258121923,0.968893635,1.512403854,0.543510219,1.358751213,4.457962031,3.208771286,6.865921008,3.657149722,5.925214444,3.470276292,2.596043347,4.872843601,2.276800254,4.206576524,-0.794078773,-1.424726374,0.709004155,2.13373053,-0.033839406,-2.676197519,-4.913980006,-1.603841378,3.310138629,-4.172737118,0.925709479,0.841070382,0.952596145,0.111525763,0.899423076,18.81426145,14.92194508,27.88326723,12.96132215,22.14482622,105.5662868,56.45688734,127.9308737,71.47398637,56.45688734,14.13080251,9.989435355,18.90681844,8.917383084,10.86171984,41.2246802,16.52110992,44.21457336,27.69346344,17.40280755,69.46095831,46.82520534,86.56481345,39.73960811,64.28855956,237.9750003,210.8265026,267.6567497,56.83024717,257.1278963,23.52661595,2.762234192,26.82222486,24.05999067,6.541087709,137.5649393,109.3362163,201.979947,92.64373065,175.1233574,0.000662203,0.0,1.894133329,1.894133329,0.0,22.25250785,16.52110992,22.42314989,5.902039965,17.40280755,0.024899919,0.0,1.886762024,1.886762024,0.0,147.5000192,137.745785,253.5139824,115.7681974,253.5139824,70.69021306,56.45688734,79.67492477,23.21803742,56.45688734,34.87607373,0.0,48.25594895,48.25594895,0.0,418.6308424,398.155797,559.5005286,161.3447316,555.1293917,141.2808688,0.0,157.8201028,157.8201028,3.614927042,4.903718573,4.07060669,5.013689181,0.943082491,4.442682872,7.527389674,6.842619058,9.844823092,3.002204034,9.470359534,7.743234968,7.450735346,12.1316552,4.680919857,9.84520341,4.800335896,4.07060669,5.013689181,0.943082491,4.211190949,7.439480407,6.306577359,7.835474137,1.528896778,7.262693329,7.29157262,7.106518999,8.238802291,1.132283292,7.735548217,CC(C)c1cc(C(C)C)c(-c2ccccc2P(C2CCCCC2)C2CCCCC2)c(C(C)C)c1
RuPhos,CC(C)Oc1cccc(OC(C)C)c1-c2ccccc2P(C3CCCCC3)C4CCCCC4,787618-22-8,CC(C)Oc1cccc(OC(C)C)c1-c1ccccc1P(C1CCCCC1)C1CCCCC1,MXFYYFVVIIWKFE-UHFFFAOYSA-N,4,CC(C)Oc1cccc(OC(C)C)c1-c1ccccc1P(C1CCCCC1)C1CCCCC1,-0.067318617,1.795292346,-0.211571453,-0.013801556,-0.112686505,0.197769897,0.03212394,0.070775341,-0.349016634,0.798225474,0.775998055,0.024510528,1.149662996,0.454445623,302.318425,277.9656959,300.0885737,328.9009566,1.742903314,-0.80615115,-0.61250406,1.418655466,-54.20453343,-10.87460587,51.48220784,1.929903964,-0.294566974,-0.429881918,-0.440285897,0.210560779,0.221012868,1.94704294,1.953686771,0.038905744,0.034756258,-19.79711894,-8.922513076,0.254630218,0.028764011,0.022227419,0.351437523,530.5419246,0.203210696,20.71540381,4.91418998,13.06386573,39.51760003,643.1623662,506.5767159,0.711352996,1.02723355,0.622020193,3.702454515,3.080434322,2.866487604,8.339470314,5.748110644,11.02760486,5.279494214,7.596125675,5.444573968,3.62919129,8.27802251,4.64883122,5.755576979,0.793009963,-2.515081554,1.800251331,4.315332884,-0.876398277,-6.237583931,-7.206549692,-2.755492333,4.451057358,-4.879178702,0.929775863,0.867741023,0.948103683,0.08036266,0.896717766,18.27515729,15.61540421,25.77452073,10.15911652,22.41217792,107.8093841,55.42771716,130.4776516,75.04993439,55.42771716,13.3353434,10.79687375,19.41721991,8.620346162,11.07403848,41.89328952,16.16236463,44.19888479,28.03652017,16.8087337,64.13680748,46.03527624,89.27035288,43.23507665,72.84002153,209.5210671,169.849296,256.0295879,86.18029189,210.9664129,23.95609403,2.075074834,27.60665336,25.53157852,5.734695221,119.2482325,83.55024583,176.22117,92.67092412,120.5558741,0.016911295,0.0,5.314241549,5.314241549,0.0,22.29181547,16.16236463,22.39595637,6.233591741,16.8087337,0.010147465,0.0,5.305009341,5.305009341,0.0,160.5501837,141.4484774,221.7235387,80.27506129,207.7004645,69.39718202,55.42771716,79.81089237,24.38317521,55.42771716,38.41220209,0.0,53.9969196,53.9969196,0.0,427.987766,410.7119381,530.8533459,120.1414078,526.2384163,100.4829192,0.0,119.5244053,119.5244053,3.346425615,4.713454053,3.924524379,5.085278433,1.160754054,4.377169262,8.613301128,7.34738027,8.913188997,1.565808727,7.978500612,7.794681659,7.257931393,11.39027318,4.132341783,10.86599459,4.619566002,3.924524379,4.979321842,1.054797463,4.377169262,7.238774196,6.369286715,7.81300987,1.443723155,7.653520001,7.338673943,6.99631868,8.333428437,1.337109757,7.483233412,CC(C)Oc1cccc(OC(C)C)c1-c1ccccc1P(C1CCCCC1)C1CCCCC1
BrettPhos,COc1c(P(C2CCCCC2)C3CCCCC3)c(c4c(C(C)C)cc(C(C)C)cc4C(C)C)c(OC)cc1,1070663-78-3,COc1ccc(OC)c(P(C2CCCCC2)C2CCCCC2)c1-c1c(C(C)C)cc(C(C)C)cc1C(C)C,WDVGNXKCFBOKDF-UHFFFAOYSA-N,102,COc1ccc(OC)c(P(C2CCCCC2)C2CCCCC2)c1-c1c(C(C)C)cc(C(C)C)cc1C(C)C,-0.074076078,1.838715961,-0.210196618,-0.02551457,-0.117855594,0.184682048,0.037606591,0.055145466,-0.331429052,0.792585541,0.752958872,0.045228894,1.168100855,0.485141658,296.1048333,267.5167933,293.7600285,327.0376455,1.815189224,-0.90737581,-0.561165187,1.468540998,-54.20311189,-10.59386692,51.45906016,1.932007622,-0.292564035,-0.430054644,-0.439949536,0.206344764,0.217130799,1.951033343,1.953028757,0.037697624,0.034982922,-19.57370026,-8.979833343,0.251268162,0.014957577,0.039626669,0.375515314,616.6816012,0.18064976,20.88653219,5.150797767,12.82127116,40.490616,751.5802136,579.3421153,0.69003181,3.717408433,2.410142627,3.843556027,1.4334134,2.985846638,10.74367927,10.0844886,14.04792668,3.963438076,12.86448328,7.775805905,7.258186955,11.14926731,3.89108035,9.981330091,-0.374358843,-3.241716833,-0.168257856,3.073458977,-2.157424457,-7.401447062,-8.658732124,-6.996213433,1.662518691,-7.823905635,0.913857822,0.838311253,0.932176399,0.093865146,0.89069298,20.38029942,17.99735201,28.68710084,10.68974884,22.97536203,111.4042064,62.69780042,130.2412771,67.54347668,62.69780042,15.15057356,10.84707717,18.40896782,7.561890652,12.92947334,43.63558478,18.48950248,44.25013412,25.76063164,18.48950248,68.39192888,54.72409624,92.93476884,38.2106726,87.43358039,272.2095144,209.9204642,291.3740055,81.45354129,266.9934016,24.10335938,5.560029143,27.53866955,21.97864041,5.560029143,144.5277926,126.6824014,185.3880508,58.70564945,174.5724937,0.199149025,0.0,1.251947871,1.251947871,0.0,22.29396744,18.44452858,22.37190056,3.927371978,18.44452858,1.221232853,0.0,2.307477161,2.307477161,0.0,175.8740309,167.7410216,269.3924265,101.6514048,263.443222,73.10395962,61.38937369,81.3682444,19.97887071,62.34010103,38.30024675,0.357699392,51.26083302,50.90313363,0.357699392,461.8805582,438.1032122,604.932151,166.8289388,604.7803013,154.7676224,5.154469124,170.1021865,164.9477174,5.154469124,4.882262639,4.296410353,5.157418414,0.86100806,4.96477375,8.189400952,7.404506537,9.731166853,2.326660316,9.590150391,8.698817267,8.327062593,11.68356021,3.356497613,9.971252218,4.841864438,4.281207662,5.157418414,0.876210752,4.96477375,7.145574441,6.359233338,7.715195673,1.355962335,7.288789824,7.152649113,7.11498755,8.268750421,1.153762871,7.668312745,COc1ccc(OC)c(P(C2CCCCC2)C2CCCCC2)c1-c1c(C(C)C)cc(C(C)C)cc1C(C)C
PCy3,C1CCC(CC1)P(C2CCCCC2)C3CCCCC3,2622-14-2,C1CCC(P(C2CCCCC2)C2CCCCC2)CC1,WLPUWLXVBWGYMZ-UHFFFAOYSA-N,11,C1CCC(P(C2CCCCC2)C2CCCCC2)CC1,-0.066834594,1.796641815,-0.220135327,0.03206723,-0.094034048,0.252202556,0.01753101,0.104343817,-0.423064979,0.77489329,0.744186754,0.024801478,1.368913643,0.774626765,283.1648383,250.9577587,274.5915589,323.9451941,1.681047798,-0.70391507,-0.668491782,1.372407655,-54.20330909,-8.661276678,50.84512678,1.942302944,-0.298768321,-0.437118827,-0.439193977,0.200299413,0.20441219,1.957711516,1.95916407,0.03441711,0.032226394,-12.13079758,-3.469520903,0.274773748,0.068652735,0.030706537,0.594020353,325.6411964,0.176634207,18.8658524,3.698527054,12.5813276,32.65404709,412.8986786,343.9843711,0.779557492,1.280456867,1.162567852,1.306525133,0.143957281,1.278652514,3.451551829,2.475751307,4.044920851,1.569169544,3.624459435,1.633474284,1.126083395,1.884797943,0.758714548,1.654635341,1.171118511,0.705889387,1.406291064,0.700401677,1.297532798,-2.804592795,-3.291089006,-2.003090711,1.287998295,-2.952168139,0.913126635,0.85753477,0.937359658,0.079824888,0.896857363,20.52626655,17.31947563,26.84048593,9.521010304,22.40527955,57.51884174,54.244799,71.52837342,17.28357442,54.244799,11.64839198,9.958058215,13.65428526,3.696227049,11.77688641,17.11585673,15.24092263,26.38608262,11.14516,15.90820979,56.96546902,42.74356882,69.5216621,26.77809328,59.09717476,100.6167848,93.46377101,103.0603578,9.596586794,100.2219114,4.465027117,1.484138705,12.88554534,11.40140664,3.652299053,35.08354023,21.02238945,59.29136994,38.26898048,37.89482172,0.0,0.0,0.0,0.0,0.0,16.82013244,15.24092263,21.53099322,6.290070592,15.90820979,0.0,0.0,0.0,0.0,0.0,100.6167848,93.46377101,103.0603578,9.596586794,100.2219114,57.18811018,54.244799,66.47142441,12.22662541,54.244799,0.330731554,0.0,5.380133543,5.380133543,0.0,324.8923539,313.124494,326.0564737,12.93197973,325.7120621,0.723599952,0.0,11.59342437,11.59342437,0.0,4.382608863,3.845267598,5.013362154,1.168094555,4.45002516,6.777848836,6.487822679,6.850781327,0.362958648,6.727667017,7.722115699,6.570864034,7.912771865,1.341907832,7.527091159,4.295497636,3.845267598,4.742704749,0.897437151,4.45002516,6.383627483,6.090231872,6.464182229,0.373950357,6.35604623,7.242139854,6.166026645,7.428161743,1.262135098,7.055395571,C1CCC(P(C2CCCCC2)C2CCCCC2)CC1
cataCXium A,CCCCP(C12CC3CC(CC(C3)C1)C2)C12CC3CC(CC(C3)C1)C2,321921-71-5,CCCCP(C12CC3CC(CC(C3)C1)C2)C12CC3CC(CC(C3)C1)C2,HTJWUNNIRKDDIV-UHFFFAOYSA-N,10,CCCCP(C12CC3CC(CC(C3)C1)C2)C12CC3CC(CC(C3)C1)C2,-0.067275049,1.781648593,-0.217024867,0.020780428,-0.098122219,0.237805294,0.020243809,0.090148622,-0.396203392,0.802522181,0.780564157,0.023098001,1.404488661,0.765905749,271.4718538,205.0078513,285.9171614,323.4904622,1.682547093,-0.711608016,-0.66188353,1.373491747,-54.20318078,-9.890414248,49.35908217,1.931092312,-0.288995946,-0.43280904,-0.436984181,0.201408912,0.20432279,1.94675187,1.954268712,0.044758281,0.036774379,-13.62277084,-3.732356589,0.268019405,0.055689058,0.021958025,0.60196648,394.1135588,0.163129584,19.67979422,3.718489833,11.95249584,31.45342836,495.6908896,387.4673105,0.781771957,1.202751491,1.141093591,1.278767095,0.137673504,1.211276719,3.534844287,2.947867365,4.48720924,1.539341875,4.48720924,2.032064031,1.6986202,2.237337213,0.538717013,2.192772169,0.750804917,0.410285681,1.445529708,1.035244027,1.445529708,-2.782868949,-3.638301877,-2.259092754,1.379209123,-3.638301877,0.882625579,0.842556737,0.891186263,0.048629526,0.844903298,23.89780413,22.92997772,28.27901811,5.349040391,28.03976884,64.29165019,58.92103871,75.44424044,16.52320173,58.92103871,13.92787071,10.98618249,14.29960844,3.313425945,10.98618249,18.8854979,16.97503254,28.98097207,12.00593953,17.85882198,61.28517904,48.0614834,68.98312759,20.92164419,62.493345,135.9743252,134.8561721,136.1448011,1.288629043,135.7218615,4.586042098,2.476702222,16.05882006,13.58211784,6.324585446,64.96786883,59.01182319,77.50284911,18.49102592,63.07897887,0.0,0.0,0.0,0.0,0.0,17.86026266,16.97503254,21.15446754,4.179434999,17.85882198,0.0,0.0,0.0,0.0,0.0,135.9742827,134.8561721,136.1448011,1.288629043,135.7218615,63.26742815,58.92103871,67.78926428,8.868225565,58.92103871,1.024222048,0.0,8.523077029,8.523077029,0.0,389.8802785,380.175642,395.1086419,14.93299997,392.9798059,4.232918205,0.0,13.67503397,13.67503397,0.0,4.637579103,4.038317879,5.034807393,0.996489513,4.412270599,7.026003105,6.840618946,7.447244953,0.606626007,6.842587759,7.532539207,7.481782674,8.6456934,1.163910726,8.6456934,4.575603376,4.038317879,5.028204081,0.989886202,4.157678306,6.615312944,6.374532284,7.124679147,0.750146863,6.37728811,7.056267576,7.03779704,7.146162634,0.108365594,7.099058073,CCCCP(C12CC3CC(CC(C3)C1)C2)C12CC3CC(CC(C3)C1)C2
P(tBu)3,CC(C)(C)P(C(C)(C)C)C(C)(C)C, 1621274-11-0,CC(C)(C)P(C(C)(C)C)C(C)(C)C,BWHDROKFUHTORW-UHFFFAOYSA-N,8,CC(C)(C)P(C(C)(C)C)C(C)(C)C,-0.0671848,1.780165466,-0.21688,0.03601,-0.090435,0.25289,0.016170053,0.11399,-0.45613,0.74462,0.74009,0.01546,1.3783,0.81752,225.189,200.3439,200.864,274.359,1.7492288,-0.714163,-0.714077,1.428239,-54.196339,-3.32,50.14,1.93525,-0.29422,-0.43114,-0.431173333,0.17692,0.176943333,1.94458,1.94459,0.05246,0.052453333,-7.006582489,-3.686582489,0.2735087,0.0753715,0.00453,0.63368,253.2004251,0.257221064,17.76,2.54,13.45,25.87,317.84446,253.2069,0.889512,1.083267719,1.083267719,1.083267719,0.0,1.083267719,2.814976489,2.814976489,2.814976489,0.0,2.814976489,1.151961095,1.151961095,1.151961095,0.0,1.151961095,1.146455385,1.146455385,1.146455385,0.0,1.146455385,-2.298416481,-2.298416481,-2.298416481,0.0,-2.298416481,0.830704416,0.830704416,0.830704416,0.0,0.830704416,29.64695115,29.64695115,29.64695115,0.0,29.64695115,65.12848283,65.12848283,65.12848283,0.0,65.12848283,15.19908644,15.19908644,15.19908644,0.0,15.19908644,17.1225051,17.1225051,17.1225051,0.0,17.1225051,57.68427903,57.68427903,57.68427903,0.0,57.68427903,66.72568924,66.72568924,66.72568924,0.0,66.72568924,1.383731858,1.383731858,1.383731858,0.0,1.383731858,8.701615306,8.701615306,8.701615306,0.0,8.701615306,0.0,0.0,0.0,0.0,0.0,17.1225051,17.1225051,17.1225051,0.0,17.1225051,0.0,0.0,0.0,0.0,0.0,66.72568924,66.72568924,66.72568924,0.0,66.72568924,65.12848283,65.12848283,65.12848283,0.0,65.12848283,0.0,0.0,0.0,0.0,0.0,253.2004251,253.2004251,253.2004251,0.0,253.2004251,0.0,0.0,0.0,0.0,0.0,4.053254485,4.053254485,4.053254485,0.0,4.053254485,4.894739112,4.894739112,4.894739112,0.0,4.894739112,6.64891739,6.64891739,6.64891739,0.0,6.64891739,4.053254485,4.053254485,4.053254485,0.0,4.053254485,4.894739112,4.894739112,4.894739112,0.0,4.894739112,6.64891739,6.64891739,6.64891739,0.0,6.64891739,CC(C)(C)P(C(C)(C)C)C(C)(C)C
Ephos,P(C4CCCCC4)(C3CCCCC3)c1c(cccc1c2c(cc(cc2C(C)C)C(C)C)C(C)C)OC(C)C,2132978-44-8,CC(C)Oc1cccc(-c2c(C(C)C)cc(C(C)C)cc2C(C)C)c1P(C1CCCCC1)C1CCCCC1,FDAKNRLXSJBEFL-UHFFFAOYSA-N,373,CC(C)Oc1cccc(-c2c(C(C)C)cc(C(C)C)cc2C(C)C)c1P(C1CCCCC1)C1CCCCC1,-0.073116176,1.837446768,-0.212646457,-0.025270894,-0.118958675,0.187375563,0.037763499,0.054853192,-0.34756865,0.787189324,0.746809498,0.055413123,1.194541294,0.525248079,297.7872849,266.5082728,296.2452916,330.6081942,1.797942292,-0.881702883,-0.575620395,1.457324104,-54.20246696,-12.1395635,51.39872125,1.932911245,-0.293713323,-0.42998541,-0.439785743,0.205247681,0.21623957,1.951716011,1.95330516,0.037532964,0.034920871,-20.42461798,-8.285054481,0.254245749,0.015003329,0.040379827,0.40735197,623.8994922,0.17355353,20.87850354,5.012585331,12.79343919,40.1272,766.4871639,579.3961038,0.699057934,3.139660391,0.924197899,3.348495532,2.424297633,2.105600095,11.67452618,8.73801414,15.14937904,6.411364896,15.14937904,9.520453379,7.067098507,12.22026521,5.153166701,12.22026521,-4.379296677,-5.356185112,-2.685885063,2.670300049,-4.451614806,-5.141156701,-7.768650401,-4.381213444,3.387436958,-7.768650401,0.917055565,0.849045014,0.927650081,0.078605067,0.895230302,19.96823083,18.55702369,27.66663874,9.109615043,22.50578714,108.2793758,62.45410463,131.9983969,69.54429229,62.45410463,14.82920933,11.13260914,19.99665109,8.864041947,12.76840402,43.25619203,18.18514423,44.4917381,26.30659387,18.18514423,74.86796553,56.7159915,100.3332363,43.61724479,91.4777116,249.5027075,215.4807177,276.7202406,61.23952289,262.822545,23.92376872,5.416740206,26.6506965,21.2339563,5.416740206,118.8023202,112.6273796,180.3040401,67.67666053,171.2972241,0.118047704,0.0,2.016504174,2.016504174,0.0,22.2524258,18.18514423,22.4043236,4.219179376,18.18514423,0.978139193,0.0,3.621509251,3.621509251,0.0,151.813584,143.5068339,259.3592222,115.8523883,259.3592222,72.48724126,62.05979858,83.83762529,21.77782672,62.05979858,35.79213455,0.394306055,52.91754599,52.52323994,0.394306055,467.31645,442.5779641,609.9702651,167.392301,609.9702651,155.6133193,12.47059594,169.9741687,157.5035728,12.47059594,4.847475524,4.271639659,5.216227974,0.944588315,4.959842786,7.122010903,7.070953826,9.71321852,2.642264695,9.578695433,9.818781256,9.42948703,11.93947743,2.509990403,9.923077486,4.824855518,4.209744814,5.216227974,1.00648316,4.959842786,7.076562925,6.700076144,7.781908621,1.081832477,7.303898786,7.144973087,7.096031152,7.822624938,0.726593785,7.699671944,CC(C)Oc1cccc(-c2c(C(C)C)cc(C(C)C)cc2C(C)C)c1P(C1CCCCC1)C1CCCCC1
MorDalPhos,c1ccc(P(C23CC4CC(CC(C4)C2)C3)C23CC4CC(CC(C4)C2)C3)c(N2CCOCC2)c1, 2230788-66-4,c1ccc(P(C23CC4CC(CC(C4)C2)C3)C23CC4CC(CC(C4)C2)C3)c(N2CCOCC2)c1,CCBRRSUORFMQCZ-UHFFFAOYSA-N,371,c1ccc(P(C23CC4CC(CC(C4)C2)C3)C23CC4CC(CC(C4)C2)C3)c(N2CCOCC2)c1,-0.057293127,1.746226562,-0.206899632,-0.023594307,-0.115246969,0.183305325,0.036228835,0.067220707,-0.369534568,0.819409226,0.775941268,0.049940445,1.125883206,0.391565565,271.9735316,223.1783854,287.2207499,305.5214596,1.820295656,-0.86176556,-0.61780971,1.479575337,-54.19791779,-11.21872474,47.6764609,1.916925297,-0.282973353,-0.43615273,-0.445289847,0.201928825,0.213421232,1.938243444,1.946797109,0.054717336,0.046060341,-17.96564752,-6.746922782,0.250225741,0.021941197,0.043467959,0.306473979,491.7483802,0.200780668,20.74256497,4.254056491,12.37303391,37.44408527,599.6466085,451.038232,0.762436704,1.880318836,0.77371672,1.905851257,1.132134537,0.99056629,9.174865703,7.864618363,10.10315795,2.238539584,9.387821876,6.0499812,5.063151308,6.76713781,1.703986502,5.690230692,0.798114268,-0.863845643,1.60253075,2.466376393,1.60253075,-6.848095468,-7.63289114,-5.903292167,1.729598973,-7.292761441,0.859585722,0.800020055,0.861671616,0.06165156,0.800020055,26.40430564,26.17665762,32.14596777,5.969310151,32.14596777,98.73359224,66.27793205,103.0184708,36.7405387,66.27793205,15.27402417,14.15422769,15.85696047,1.702732777,14.15422769,43.2761198,20.49554761,43.37784964,22.88230203,20.49554761,89.7140877,83.24517181,92.40509397,9.159922155,92.19147967,164.3083198,149.0857616,169.2971164,20.21135472,149.0857616,24.83394724,6.34131992,24.93645877,18.59513885,6.34131992,68.66165445,55.75805721,74.76030646,19.00224925,55.75805721,4.06e-06,0.0,0.237420357,0.237420357,0.0,22.07611853,20.11588422,22.27149371,2.155609493,20.11588422,4.05e-06,0.0,0.237244056,0.237244056,0.0,135.564472,135.4375244,149.0857616,13.64823727,149.0857616,71.69179891,65.90036047,72.51570741,6.61534694,65.90036047,27.04179333,0.37757158,30.50276334,30.12519176,0.37757158,433.6696475,429.9492081,486.6957334,56.74652531,486.6957334,57.89913267,1.267613082,59.24658336,57.97897028,1.267613082,4.566668827,4.419779979,5.040637855,0.620857876,5.040637855,6.825513912,6.810268878,6.902653458,0.092384579,6.810268878,7.650654437,7.614518987,10.14418399,2.529665006,10.14418399,4.553236942,4.356601378,4.94115155,0.584550171,4.748382761,6.362090652,6.351360879,6.902653458,0.551292579,6.770243343,7.21132478,7.17795974,7.481755886,0.303796147,7.481755886,c1ccc(P(C23CC4CC(CC(C4)C2)C3)C23CC4CC(CC(C4)C2)C3)c(N2CCOCC2)c1
